论文标题,启示,研究背景,阅读总结,发展结果,研究报告附件（自行上传）
《2024年中国营销行业AI应用发展研究报告》,以下是根据《艾瑞咨询：2024年中国营销行业AI应用发展研究报告》中提取的启示： ### AI营销发展背景启示 - **营销本质不变，技术赋能升级**：AI营销虽引入先进技术，但核心仍是发现并满足消费者需求，通过创造、传播和交付价值，建立长期互利关系。 - **AI与AIGC营销有本质差异**：AI营销覆盖更广泛场景，优化市场活动；AIGC侧重内容创作和创意生成，两者不能划等号。 - **AI营销技术涵盖面广**：不仅涉及人工智能，还涵盖大数据、算法算力、云计算等，可显著提升营销各环节效率。 ### 中国AI营销市场发展进程启示 - **个性化营销时代到来**：AI营销进入普及期，品牌及服务商,AI营销是营销领域的一种创新发展模式，它利用人工智能技术，包括大数据、大模型、生成式人工智能、先进算法、强大算力以及云计算等前沿技术，以提升营销效率并创造全新的消费者交互场景体验。以下是AI营销发展背景的具体内容： ### AI营销概念及特征 - **提升营销效率**：AI营销立足于营销本质，通过技术手段显著提升营销全链路流程的生产效率。 - **广泛技术涵盖**：AI营销技术涵盖范围广泛，包括数据处理与分析、营销策略制定、营销活动执行、客户行为交互等多个层面，实现人和信息、人和广告、人和商品更高效更准确的匹配及转化。 - **与AIGC营销本质差异**：AI营销与AIGC营销有本质差异，AI,AI营销利用人工智能等前沿技术提升营销效率和创造新消费场景体验。其发展背景包括概念特征、中国市场进程、发展环境等。应用案例体现在广告投放、内容营销等方面。技术发展重构营销环境，涉及技术和产业链层面。行业发展趋势有组织变革、多模态大模型发展、生产力变革等。启示涵盖各方面，如营销本质与技术赋能、市场规模增长、产业模式蓝图等，还有企业标杆案例展示AI的应用优势。 ,根据艾瑞咨询的《2024年中国营销行业AI应用发展研究报告》，以下是AI营销行业的发展趋势： 1. **AI营销组织变革发展**： - AI营销从工具型应用升级为战略核心，未来成为企业价值创造的核心引擎。 - AI技术与企业资源的有效整合，体现在组织绩效的提升上，包括智能决策、提高广告效果、风险预测与管理等。 - AI营销不仅优化内部员工管理，还重塑外部客户服务模式，推动组织内外的协同创新。 - AI技术优化企业间合作关系，提升效率，创造新的商业价值。 2. **多模态大模型的发展**： - 多模态大模型是营销行业大模型技术持续突破的重要方向。 - 未来几年，多模态大模型将整合文本、图像、音频,"[{""file_token"": ""FslDbEmfXoga1Sx9fomcroiHnWb"", ""name"": ""艾瑞咨询：2024年中国营销行业AI应用发展研究报告.pdf"", ""size"": 2625552}]"
《2025 AI时代健康睡眠白皮书》,以下是根据《艾瑞咨询：2025 AI时代健康睡眠白皮书》提取的启示： ### 个人层面 - **睡眠质量重于时长**：现代人不应单纯追求睡眠时长，而应更关注睡眠质量。高质量的睡眠能让人在醒来后精力充沛，状态良好。 - **科技助力睡眠改善**：AI智能床垫等智能设备能够监测睡眠数据、分析睡眠习惯，并提供个性化的睡眠建议，帮助改善睡眠质量。 - **建立健康的生活方式**：保持规律的作息、健康的饮食和适量的运动，有助于提升睡眠质量。 - **重视心理健康**：面对压力时，应采取积极有效的应对方式，避免过度依赖短视频、购物等快餐式解压方式，以免影响睡眠。 ### 社会层面 - **构建支持体系**,研究报告的背景主要涉及以下几个方面： 1. **国民健康意识的提升**：在过去一年中，国民的健康困扰数量从平均3.6个降至3.3个，这表明全民健康生态正在显效。这一变化可能与“健康中国2030”政策的推动有关，该政策旨在提升全民健康意识和优化基层医疗服务。 2. **睡眠问题的普遍性**：尽管健康困扰总数有所下降，但睡眠问题仍然是国民健康困扰的首要问题。报告指出，睡眠问题不仅在一线城市普遍存在，也在低线城市中越来越普遍。这可能与工作压力和医疗资源的滞后有关。 3. **睡眠质量的下降**：报告提到，尽管64%的成年人能够保证至少6小时的睡眠，但大众平均睡眠时长从2024年的7.02小时下降到2,研究报告背景围绕国民睡眠问题及AI应用展开：国民健康意识提升，健康困扰减少但睡眠问题仍突出且普遍，睡眠质量下降；AI技术发展为改善睡眠提供新可能，科技与健康融合有新方案，消费者更关注睡眠质量。发展趋势显示，国民重视睡眠质量，AI在睡眠领域应用增多，智能床垫市场增长，其功能不断深化，还将助力构建新数据范式和智能卧室生态。启示从个人、社会、企业、政策层面给出，个人应关注睡眠质量等，社会需构建支持体系等，企业要创新产品等，政策要推动健康政策实施等。 ,根据艾瑞咨询发布的《2025 AI时代健康睡眠白皮书》，以下是报告中提及的几个主要发展趋势： 1. **国民健康意识提升**：过去一年，国民健康困扰数量从3.6个降至3.3个，显示全民健康生态显效。尽管如此，睡眠问题仍然是健康困扰的头号大山。 2. **睡眠问题的普遍性**：睡眠问题不再局限于大城市，已成为各城市等级普遍存在的国民困扰。低线城市人口正在同步承受一线城市的工作压力与滞后的医疗资源，被迫以牺牲睡眠对冲发展焦虑。 3. **睡眠质量的重视**：大众不再一味追求睡眠时长，而是更加关注睡眠质量，希望在短时间内睡得更好，更快地为自己充电。 4. **AI技术在睡眠领域的应用**：AI正在以,"[{""file_token"": ""AQXdbVaoioHY6pxjST0cov86njS"", ""name"": ""艾瑞咨询：2025AI时代健康睡眠白皮书.pdf"", ""size"": 2675371}]"
《2024年中国移动互联网流量年度报告》,以下是根据报告内容提取的一些启示： ### 对于移动互联网企业： - **精细化运营与创新服务**：在流量红利消退、市场饱和的背景下，企业需通过精细化运营和创新服务来提升用户粘性，巩固市场竞争力。 - **关注中高线市场与年轻群体**：中高线城市和年轻用户群体增长潜力释放，成为互联网企业布局的新重点。 - **挖掘用户需求**：新入局者需要深入挖掘用户需求并提供对应的精细化服务，才能突破竞争壁垒。 - **多元化发展**：流量分化，肩尾部APP数量提升，企业应注重多元化发展，精准定位细分市场，满足特定用户群体的需求。 ### 对于投资者： - **关注新兴行业**：人工智能等新兴行业显示出巨大,这份研究报告是由艾瑞咨询（iResearch Inc.）发布的《2024年中国移动互联网流量年度报告》，其背景信息主要包括以下几个方面： 1. **研究范围和对象**：报告主要研究中国移动互联网网民和智能大屏用户的行为，包括APP使用行为和智能大屏的观看/使用情况。 2. **数据来源**：数据来源于艾瑞咨询的UserTracker多平台网民行为监测数据库（涵盖桌面及智能终端）和行业调研。 3. **数据统计时间**：报告的数据统计时间跨度为2020年1月至2024年12月，提供了长达五年的数据观察和分析。 4. **研究目的**：旨在提供中国移动互联网发展的全面概览，包括用户增长、流量趋势、,艾瑞咨询《2024年中国移动互联网流量年度报告》背景涵盖研究范围对象、数据来源、统计时间、目的、市场背景、用户结构变化、行业动态等。报告显示主要趋势：整体市场流量增长放缓、用户粘性稳定、结构均衡；各行业有不同发展态势；用户上网行为分化、内容消费偏好多样；智能大屏终端规模增长、流量分布多元；企业需精细化运营和差异化服务。对不同角色启示：企业要精细化运营、关注新群体等；投资者关注新兴行业、评估市场；政策制定者支持创新、促进公平；用户理性消费、保护隐私；分析师研究细分市场、关注动态、评估风险。 ,根据艾瑞咨询发布的《2024年中国移动互联网流量年度报告》，以下是报告中提到的一些主要发展趋势： ### 整体市场趋势 - **流量增长放缓**：移动互联网月总独立设备数虽有增长，但整体增速缓慢，流量红利逐步消退，市场趋近饱和。 - **用户粘性稳定**：用户单日使用时间及次数同比增长率呈现波动下降趋势，市场进入深度存量竞争阶段。 - **用户结构均衡**：中高线市场与年轻群体增长潜力释放，未婚用户和35岁以下用户占比增长，成为市场拓展的新方向。 ### 行业发展动态 - **汽车服务**：汽车服务行业用户规模稳步增长，数字化服务推动细分行业流量增长，汽车护理、违章查询、汽车资讯类APP表现突,"[{""file_token"": ""E3pEbNoHaou8wnx6YlaceWEEnxf"", ""name"": ""艾瑞咨询：2024年中国移动互联网流量年度报告.pdf"", ""size"": 2870056}]"
《2024年中国手机银行APP监测报告》,根据艾瑞咨询发布的《2024年中国手机银行APP监测报告》，我们可以得到以下几点启示： 1. **技术驱动与用户需求的结合**：手机银行APP的发展历程表明，技术的进步和用户需求的变化是推动其发展的主要动力。从1.0阶段的移动互联网技术驱动，到未来可能的AI技术整合，银行需要不断适应技术变革，以满足用户日益增长的数字化需求。 2. **品牌效应与市场集中度**：在3.0阶段，手机银行APP市场进入存量竞争，用户对APP的选择呈现明显的品牌效应。这表明在市场成熟阶段，品牌影响力和用户忠诚度成为竞争的关键因素。 3. **精细化运营的重要性**：随着市场进入存量时代，精细化运营成为银行提升用户粘性,这份研究报告的背景主要涉及中国手机银行APP的发展历程、市场现状以及未来趋势。以下是报告中提及的关键背景信息： 1. **发展历程**： - **1.0阶段（2009-2013）**：以移动互联网技术驱动为主，头部银行开始布局APP建设，18家全国性银行中有14家完成了APP从无到有的建设。 - **2.0阶段（2014-2020）**：伴随4G网络普及与互联网金融崛起，商业银行以物理网点驱动业务增长的传统模式逐步失灵，银行业加快建设手机银行APP，离柜率突破90%。 - **3.0阶段（2021-至今）**：进入存量竞争时代，MAU增速放缓，用户对手机银行APP的选择呈现明显的品牌效应，精细,该研究报告基于艾瑞咨询《2024 年中国手机银行 APP 监测报告》，介绍了中国手机银行 APP 发展背景、现状、趋势并给出启示。发展历程历经 4 个阶段，当前处于存量竞争时代，MAU 增速放缓，用户选择有品牌效应。2024 年月活榜单农行居首。未来，AI 技术将变革商业模式，银行注重精细化运营。报告还指出，发展受技术与用户需求推动，品牌、精细化运营、AI 融合、用户体验等至关重要，银行需重视数据安全，创新服务，平衡合规与创新，洞察市场趋势。 ,根据艾瑞咨询发布的《2024年中国手机银行APP监测报告》，以下是报告中提到的中国手机银行APP的发展趋势： 1. **发展阶段的演进**： - **1.0阶段（2009-2013）**：以移动互联网技术驱动为主，头部银行开始布局APP建设。 - **2.0阶段（2014-2020）**：伴随4G网络普及与互联网金融崛起，银行业加快建设手机银行APP，离柜率突破90%。 - **3.0阶段（2021-至今）**：进入存量竞争时代，MAU增速放缓，用户对手机银行APP的选择呈现明显的品牌效应，精细化运营成为核心策略。 - **4.0阶段（未来）**：将深度整合AI技术，通过数字人顾问、个性化AP,"[{""file_token"": ""I0fBbChVEoWuBHxLr4Sc2gYWnZT"", ""name"": ""艾瑞咨询：2024年中国手机银行APP监测报告.pdf"", ""size"": 2567286}]"
《2025年中国女性私密健康白皮书》,根据艾瑞咨询发布的《2025年中国女性私密健康白皮书》，我们可以得到以下几点启示： ### 市场与需求 - **市场潜力巨大**：女性私密健康市场规模预计在2027年突破万亿大关，2030年直逼2万亿，显示出巨大的市场潜力。 - **需求升级**：消费者需求从基础功效诉求向五位一体、全周期健康管理方案演进，表明市场对更全面、更个性化健康服务的需求不断增长。 ### 行业发展 - **规范化与专业化**：随着市场竞争的加剧和消费者教育的推进，行业将走向规范化，专业化和差异化成为企业长盛不衰的关键。 - **细分市场潜力**：女性需求裂变整合出多个高潜力细分市场，如亲密关系经济、更年期经济、盆底经,根据提供的《艾瑞咨询：2025年中国女性私密健康白皮书》文件内容，以下是研究报告的背景： 1. **政策背景**：随着《中国妇女发展纲要（2021-2030）》的发布，国家和社会对女性私密健康的重视程度达到了前所未有的高度。该纲要强调全方位提高妇女生命质量，从健康孕育、改善心理、提高营养、提倡锻炼等多重方面为妇女提供覆盖全生命周期的良好卫生健康服务。 2. **社会背景**：女性在现代社会中扮演着多重角色，既是家庭支柱、职场精英，也是社会管理决策中的重要力量。女性面临的多重社会期望与自我价值认同带来的压力，若无法得到平衡，将直接影响到女性的私密健康。 3. **健康意识背景**：女性对私密健康,《艾瑞咨询：2025年中国女性私密健康白皮书》涵盖研究背景、发展趋势和启示： 1. **研究背景**：政策上国家重视女性全生命周期健康；社会中女性多重角色压力影响私密健康；健康意识上女性认知向多维度转变；市场处于高速增长期；技术促使产品功能升级；消费趋势呈多元化。 2. **发展趋势**：需求向全周期健康管理演进，行业走向规范，市场细分，消费与供给侧升级，多个高潜力细分市场整合壮大，产品服务注重安全功效与个性化，运用数字技术创新，受政策与社会支持。 3. **启示**：市场潜力大、需求升级；行业走向规范专业，细分市场潜力大；消费者理性消费、预防意识增强；社会观念解放，重视性别平等；政策利好，注,根据艾瑞咨询发布的《2025年中国女性私密健康白皮书》，以下是报告中提到的中国女性私密健康行业的发展趋势： 1. **需求进阶**：消费者需求将从基础的功效诉求向“五位一体”（身体、心理、感受、行为、关系）的全周期健康管理方案演进。 2. **行业规范**：市场将在多重效应下保持活力并走向规范。专业化和差异化将成为企业长盛不衰的关键。 3. **市场细分**：女性需求裂变整合出多个高潜力细分市场。观念的解放和人群的扩大将赋予各市场无限潜力。 4. **消费侧升级**：女性私密健康行业消费者需求呈现出从基础诉求到长期管理的跃升，包括生殖抗衰、悦己消费、个性定制、智能康养等高阶需求。 5. **供,"[{""file_token"": ""Umf6bDy7ZoqyMkxlEqZcpLKEnwh"", ""name"": ""艾瑞咨询：2025年中国女性私密健康白皮书.pdf"", ""size"": 5790490}]"
,,,,,
,,,,,
,,,,,
,,,,,
,,,,,
