编号,提交时间,请提供你小号(用来参加比赛)的微信id ...,请提供你的主号微信id (微信号),创建人,提交人
1,2024-08-06 19:59:09,siyuetianv5,ID20242024,"[{""id"": ""ou_25e6879700da25dc2d6dced14f6623ff"", ""name"": ""访客 92844""}]","[{""id"": ""ou_25e6879700da25dc2d6dced14f6623ff"", ""name"": ""访客 92844""}]"
2,2024-08-06 19:59:11,OscarAiMai,MaikaoJAI,"[{""id"": ""ou_32f9fb8e0e893092aa2084ad3b72f75a"", ""name"": ""访客 73963""}]","[{""id"": ""ou_32f9fb8e0e893092aa2084ad3b72f75a"", ""name"": ""访客 73963""}]"
3,2024-08-06 19:59:30,Baibian_Bot,mutou1314-,"[{""id"": ""ou_daeb4e338e6b68a42e9f4abda571c9fa"", ""name"": ""访客 91873""}]","[{""id"": ""ou_daeb4e338e6b68a42e9f4abda571c9fa"", ""name"": ""访客 91873""}]"
4,2024-08-06 19:59:33,_beiyangyang,clay_tree,"[{""id"": ""ou_a744ee175d7fda2a68965505e2e016c8"", ""name"": ""飞书用户8109ZE""}]","[{""id"": ""ou_a744ee175d7fda2a68965505e2e016c8"", ""name"": ""飞书用户8109ZE""}]"
5,2024-08-06 20:00:01,SIYUETIANV5,ID20242024,"[{""id"": ""ou_3a846aeb0154fe464413270a04cd6c25"", ""name"": ""Ai特离谱""}]","[{""id"": ""ou_3a846aeb0154fe464413270a04cd6c25"", ""name"": ""Ai特离谱""}]"
6,2024-08-06 20:00:31,wx13202536553,zero215858,"[{""id"": ""ou_21d3e313c6495b96a8bf37e549535370"", ""name"": ""访客 58462""}]","[{""id"": ""ou_21d3e313c6495b96a8bf37e549535370"", ""name"": ""访客 58462""}]"
7,2024-08-06 20:00:35,daulfin2023,iamsam4,"[{""id"": ""ou_3a679af833b9ee05902e0baf6e11db6f"", ""name"": ""访客 21455""}]","[{""id"": ""ou_3a679af833b9ee05902e0baf6e11db6f"", ""name"": ""访客 21455""}]"
8,2024-08-06 20:00:37,XiapaGi,Xiapazi_Pro,"[{""id"": ""ou_a779233cd233570186dedbeed369b87d"", ""name"": ""佟子琦""}]","[{""id"": ""ou_a779233cd233570186dedbeed369b87d"", ""name"": ""佟子琦""}]"
9,2024-08-06 20:00:44,joemin520,joe151757,"[{""id"": ""ou_12564eaf878b62263d4a8c623fbe4dc0"", ""name"": ""乔尚""}]","[{""id"": ""ou_12564eaf878b62263d4a8c623fbe4dc0"", ""name"": ""乔尚""}]"
10,2024-08-06 20:01:52,pipi_peter_bay,fcomma,"[{""id"": ""ou_6bec559b0b7e92791658dc58a1a34cab"", ""name"": ""皮德贝""}]","[{""id"": ""ou_6bec559b0b7e92791658dc58a1a34cab"", ""name"": ""皮德贝""}]"
11,2024-08-06 20:02:26,orangexai,orangexai,"[{""id"": ""ou_cc1b809c65f2b7169018642729d60e3c"", ""name"": ""访客 66777""}]","[{""id"": ""ou_cc1b809c65f2b7169018642729d60e3c"", ""name"": ""访客 66777""}]"
12,2024-08-06 20:02:53,wxid_26yq7l0sax0w12,YiChengGo,"[{""id"": ""ou_1ee19141d44ad6ead8367e23d9185ec2"", ""name"": ""yi""}]","[{""id"": ""ou_1ee19141d44ad6ead8367e23d9185ec2"", ""name"": ""yi""}]"
13,2024-08-06 20:05:05,lasia881017,emajjsky,"[{""id"": ""ou_878a127bb6c5fa63a5e35124de558b3c"", ""name"": ""谭轶骅""}]","[{""id"": ""ou_878a127bb6c5fa63a5e35124de558b3c"", ""name"": ""谭轶骅""}]"
14,2024-08-06 20:05:12,pikasushi,pikasushi,"[{""id"": ""ou_603769244a22a8d40f89ff349992c2f1"", ""name"": ""PIKA""}]","[{""id"": ""ou_603769244a22a8d40f89ff349992c2f1"", ""name"": ""PIKA""}]"
15,2024-08-06 20:06:30,Penny_Y1218,Penny__1218,"[{""id"": ""ou_af7b462cbc75afc2b8d24725f255d269"", ""name"": ""Penny""}]","[{""id"": ""ou_af7b462cbc75afc2b8d24725f255d269"", ""name"": ""Penny""}]"
16,2024-08-06 20:09:45,Baibian_Bot,mutou1314-,"[{""id"": ""ou_0ff4803202b32a04635c00b0af4220b9"", ""name"": ""吴林林""}]","[{""id"": ""ou_0ff4803202b32a04635c00b0af4220b9"", ""name"": ""吴林林""}]"
17,2024-08-06 20:14:42,jimmy_jinglv, JimmyLv_Jing,"[{""id"": ""ou_4af2d52857e3abc9193bf3b51a86df85"", ""name"": ""吕立青_JimmyLv""}]","[{""id"": ""ou_4af2d52857e3abc9193bf3b51a86df85"", ""name"": ""吕立青_JimmyLv""}]"
18,2024-08-06 20:21:07,sandinmysocks,sandinmysocks,"[{""id"": ""ou_1c9051afc9257420918262a41d53f04c"", ""name"": ""飞书用户2961RV""}]","[{""id"": ""ou_1c9051afc9257420918262a41d53f04c"", ""name"": ""飞书用户2961RV""}]"
19,2024-08-06 21:03:33,xiaohuainews,alibuybuy,"[{""id"": ""ou_fade03563b6856f0e6cedd35e5a3bf68"", ""name"": ""小互""}]","[{""id"": ""ou_fade03563b6856f0e6cedd35e5a3bf68"", ""name"": ""小互""}]"
20,2024-08-06 21:49:09,Originerve,AGI-AIGC ,"[{""id"": ""ou_371ac87ef5fbad67d5acb6fc050905fc"", ""name"": ""赵浩然""}]","[{""id"": ""ou_371ac87ef5fbad67d5acb6fc050905fc"", ""name"": ""赵浩然""}]"
21,2024-08-06 22:31:45,CWJ_131,CWJ_131,"[{""id"": ""ou_cbccd9696f619b939fd797fc310bd0e1"", ""name"": ""Austin""}]","[{""id"": ""ou_cbccd9696f619b939fd797fc310bd0e1"", ""name"": ""Austin""}]"
22,2024-08-07 10:52:21,无,op7418,"[{""id"": ""ou_6e7dfb69105bddc78d6c4990e9ac07eb"", ""name"": ""歸藏""}]","[{""id"": ""ou_6e7dfb69105bddc78d6c4990e9ac07eb"", ""name"": ""歸藏""}]"
23,2024-08-07 18:42:15,大聪明,大聪明,"[{""id"": ""ou_7c159f3df3a69df76ddc22b323108c9a"", ""name"": ""SD""}]","[{""id"": ""ou_7c159f3df3a69df76ddc22b323108c9a"", ""name"": ""SD""}]"
24,2024-08-07 19:22:23,mike4044,mike4044,"[{""id"": ""ou_e2df167fb2f39ccb76993f81a30d993b"", ""name"": ""麦橘""}]","[{""id"": ""ou_e2df167fb2f39ccb76993f81a30d993b"", ""name"": ""麦橘""}]"
25,2024-08-07 19:45:51,stark0731,stark0731,"[{""id"": ""ou_6927120fe1c8a400175ef7e64136d6ff"", ""name"": ""李晓白""}]","[{""id"": ""ou_6927120fe1c8a400175ef7e64136d6ff"", ""name"": ""李晓白""}]"
