选题（自行填写）,视频脚本,受众,视频（通过下载/录屏视频-自行上传）,爆款视频脚本.输出结果,爆款口播文案,抖音账号名称（自行填写）,爆款视频脚本.思考过程,制作周期,原视频文案提取,标题
我们的童年回忆-海尔兄弟,开场展示复古电视机引出海尔兄弟经典画面，建立悬念提及海尔兄弟隐藏名字，证明价值展示全网独播4K重置版和续集计划书，设置共创引爆点让观众选择形象风格，给出参与指南说明共创要求，以招聘故事大神和送绝版设定集吸引转化，最后以经典主题曲结尾，邀请观众登录海尔兄弟宇宙当导演 ,80/90后童年回忆党、国漫爱好者、亲子家庭,"[{""file_token"": ""SC7kbYsino7wWAxjkgdcwUm9nrz"", ""name"": ""b4658478857a52de0247afac9fcdef5e.mp4"", ""size"": 10274655}]",【标题】：“海尔兄弟30年秘密首曝！续集你说了算？” 【类型】：怀旧科普型+全民共创挑战类 【受众】：80/90后童年回忆党、国漫爱好者、亲子家庭 【制作周期】：2+3天 ▫️00:00-00:05 [开场钩子] 「（手持复古电视机道具）猜猜这台电视藏着多少人的童年？（屏幕突然闪现海尔兄弟经典劈浪镜头+叮咚音效）」 ▫️00:05-00:15 [悬念建立] 「（快速切换新旧画面）212集科普鼻祖！但官方从没说过（压低声音）...他们其实有隐藏名字！（弹幕墙特效展示网友疯狂猜测）」 ▫️00:15-00:25 [价值证明] 「（左侧播放1995版修复对比）全网独播4K重置版！看这里（手指屏幕右侧,"「（手持复古电视机道具）猜猜这台电视藏着多少人的童年？（屏幕突然闪现海尔兄弟经典劈浪镜头+叮咚音效）」 「（快速切换新旧画面）212集科普鼻祖！但官方从没说过（压低声音）...他们其实有隐藏名字！（弹幕墙特效展示网友疯狂猜测）」 「（左侧播放1995版修复对比）全网独播4K重置版！看这里（手指屏幕右侧跳转指引），但今天重点是这个（撕开文件袋露出""续集计划书""）」 「（分屏展示设计手稿）形象升级？保持经典？（举投票板）你选科技风还是复古风？（手机弹出网友投稿的赛博朋克版设计稿）」 「（模仿动画分镜）写剧本/画人设/编主题曲！（突然变严肃脸）但有三不要：不科普的、不冒险的、不中国的（手指连续比×）",海尔周云杰,好的，我现在需要帮用户改写一个关于海尔兄弟童年回忆的爆款口播短视频脚本。用户已经提供了详细的背景信息和具体要求，我得仔细分析这些内容，确保脚本符合所有要求。 首先，用户提到要结合评论区网友最感兴趣的“海尔兄弟续集”话题，所以重点应该放在续集的共创邀请和第一部高清版上线。同时需要平衡干货和趣味性，视觉化呈现，比如录屏展示。脚本必须控制在1分钟，口播形式，人物讲述用双引号，画面与口播同步。 接下来，标题需要15字以内，包含悬念、反差或情感关键词。原例子中的标题是“海尔兄弟续集来了？网友：爷青回！”，这个不错，但可以更吸引人。可能用“海尔兄弟30年秘密首曝！续集由你定？”之类的。 类型方面，用户希望,2+3天,我仔细看了评论区的留言，发现网友们最感兴趣的话题还是“海尔兄弟续集”的话题。我就和大家一起来聊一聊海尔兄弟。海尔兄弟第一部动画片是1995年正式播出，今年刚好30年。当年海尔创始人张瑞敏先生决定投资拍摄海尔兄弟就是为了让孩子们能够看上中国人自己的科普动画片。全片一共212集，也是中国第一部科普动画长片，受到了孩子和家长们的喜爱，成为无数的80后和90后童年的回忆。在这里我问大家一个小问题，你知道海尔兄弟分别叫什么名字吗？可以在评论区告诉我。关于海尔兄弟续集，我们还是想延续科普冒险的题材风格。我们会邀请网友们一起参与共创，包括海尔兄弟的形象，你希望维持原版风格还是其他风格，短剧、主题歌这些都可以,海尔兄弟30年秘密首曝！续集你说了算？
穿搭怎么才能显贵？,开场展示两套穿搭对比引出主题“用50块穿出5000块既视感”，接着通过手机录屏展示下单白T并提出悬念“为何时尚博主和普通人穿白T效果不同”，随后依次介绍核心法则1（基础款带心机，展示普通白T配金属锁骨链和不规则打结下摆）、进行冲突演示（分屏对比不同穿搭，强调配饰作用）、实现认知反转（展示衬衫穿法转变，提出贵气感是留20%露肤度），再给出转化引擎（九宫格穿搭公式，让观众截屏保存），最后预埋争议（换上基础款怀抱奢侈品包装袋，引发观众对选包装袋的好奇） ,18-30岁学生党/上班族，预算有限但想提升气质的穿搭新手,"[{""file_token"": ""H7zabYtzPoGBY8xHDbOcp07OnpY"", ""name"": ""f1bf64b97999959e1221a0db09127211.mp4"", ""size"": 2212105}]","【标题】：穷女孩秒变贵气？3招必学反套路穿搭法 【类型】：知识干货型+对比挑战类 【受众】：18-30岁学生党/上班族，预算有限但想提升气质的穿搭新手 【制作周期】：2+3天 ▫️ 00:00-00:05 [开场钩子] 「唰——」衣架划屏音效+两套穿搭对比（左：普通T恤+牛仔裤｜右：设计感上衣+同款裤子） ""穿基础款像睡衣？姐教你用50块穿出5000块既视感！""（挑眉+食指敲太阳穴动作） ▫️ 00:05-00:15 [悬念建立] 手机录屏展示某宝订单：「39元白T已下单」+ 手指突然遮住屏幕 ""为什么时尚博主穿白T像高定？你穿就像老头汗衫？""（镜头推近到惊讶表情） ▫️ 00:15-00:2","""穿基础款像睡衣？姐教你用50块穿出5000块既视感！"" ""为什么时尚博主穿白T像高定？你穿就像老头汗衫？"" ""记住！基础款必须带心机——"" ""上下都基础？配饰必须作妖！"" ""贵气感是呼吸感！留20%露肤度！"" ""截屏保存这张作弊表！明天约会照着抄！"" ""其实拎个奶茶都有贵气感！想知道怎么选包装袋？""",张琪JIEJI,嗯，用户让我帮忙写一个关于“穿搭怎么才能显贵”的抖音短视频脚本，要求是爆款口播类型，还要平衡干货和趣味性。首先，我需要理解用户的需求。用户可能是一个抖音内容创作者，希望吸引更多关注，特别是那些想通过穿搭提升气质的人群，比如学生党或上班族。 接下来，我得考虑视频的结构。用户给了详细的框架，必须按照这个来。标题需要吸引人，包含悬念或反差。比如“穷女孩秒变贵气？3招必学反套路穿搭法”这样的标题，用“穷女孩”和“贵气”形成反差，吸引点击。 然后，类型和受众部分要明确。知识干货型加对比挑战类比较合适，受众定位在18-30岁的学生党和上班族，尤其是预算有限但想提升气质的群体。 故事线部分，开场钩子很重要，,2+3天,视频文案如下： 穿搭要显贵 基础款就不要再搭基础款 下身基础 上身就不基础 上身基础 下身就不基础 上下都基础 配饰就不基础 里面基础 外搭就不基础 外搭基础 里面就不基础 总之姐很贵 穿什么都配,穷女孩秒变贵气？3招必学反套路穿搭法
什么是女生一定要有的衣服？,女主开场通过对比提出穿西装效果差异问题，接着展示错误示范并给出肩线宽度建议，然后边换装边讲解搭配技巧，包括更换内搭、变装、展示不同鞋子等，后切换到居家场景给出万能穿搭公式并送模板，结尾定格回眸引导争议互动 ,18-30岁职场新人、穿搭小白、追求高级感女性,"[{""file_token"": ""B7gebDUpBoP4RtxdoK9cvPA2ncb"", ""name"": ""b3162dbe22a1403f965184bb2772bdac.mp4"", ""size"": 8145278}]","【标题】：“西装穿不对？姐姐的秘密武器帅炸了！” 【类型】：知识干货型+对比挑战类｜穿搭赛道流量密码 【受众】：18-30岁职场新人/穿搭小白/追求高级感女性 【制作周期】：2+2天（需准备多套服装+动态字幕特效） ▫️00:00-00:05 [视觉暴击开场] 「唰」的拉帘声效中，镜头从黑色幕布后快速横移，女主突然从三套不同西装造型中破屏而出（分屏特效），指尖甩着墨镜邪魅一笑： ""为什么你穿西装像中介，我穿就像黑帮大姐大？""（重低音BGM骤停） ▫️00:05-00:15 [悬念具象化] 特写「错误示范」：oversize西装压垮小个子（画外叹气声） 突然「叮」的音效炸响，女主甩开衣架露出正肩","""为什么你穿西装像中介，我穿就像黑帮大姐大？"" ""记住这个死亡比例——肩线要比你的实际肩宽多2.5cm！"" ""白T打底太无聊？看好了！"" ""心机在这里——"" ""猜猜这套在太古里被要了7次微信？"" ""懒得搭配？记住这个万能公式——"" ""评论区扣'姐姐杀我'送你30套模板！"" ""所以...你衣柜里藏着多少件错误西装？""",张琪JIEJI,好的，我现在需要帮用户改写一个关于“女生一定要有的衣服”的爆款口播短视频脚本。首先，我得仔细分析用户的需求和提供的原始文案。用户希望保持干货性和趣味性的平衡，重点操作需要视觉化呈现，比如录屏展示。脚本要适合1分钟的时长，并且是口播视频，有人物讲述，画面与口播同步。 首先，标题部分需要吸引人，包含悬念或反差。原来的标题是“什么是女生一定要有的衣服？”，可能需要更抓眼球。比如加入反差词，比如“姐姐的秘密武器”或者“一穿就帅炸”。 然后类型要明确，比如知识干货型结合对比挑战类，这样既有信息量又有互动感。受众应该是18-30岁的年轻女性，尤其是喜欢穿搭但可能不太会搭配的女生。 制作周期方面，考虑到可能,2+2天（需准备多套服装+动态字幕特效）,视频文案如下： 什么是女生一定要有的衣服？ 西装 大概率你也有 但大概率你又穿不好 首先 微扩正肩西装才是西装中的万能钥匙 搭配白t叠穿Polo 拍照都不用p的 自动调节对比度 给我记住 别管记住什么 你先记住 黑白从来不会单调 会让你脱颖而出 搭配半高领无袖 怎么办还没穿呢 已经想象到多帅了 加点配饰 要的就是这种又帅又松的味道 好腹黑的姐姐形象 一整个爱s 拼接连衣裙 搭配不常规玛丽珍 标注腰线 看着让人捉摸不透 一身黑穿搭要素 那就是可以一身黑 但要会呼吸的一身黑 短袖西裤小腿袜40%微少年感 叠穿蓝衬衣加西装 这是什么风格 大概率你也形容不出来 但大概率你也觉得帅,“西装穿不对？姐姐的秘密武器帅炸了！”
你以为的通勤穿搭VS实际的通勤穿搭,▫️ **00:00-00:05 [开场钩子]** 镜头：左右分屏对比。左：「滤镜柔光+超模走秀式风衣穿搭」；右：「女主头发凌乱叼吐司+皱巴巴白T」 台词：“你以为的通勤VS实际上的通勤，输在起跑线？” （音效：玻璃碎裂声+变速鬼畜回放） ▫️ **00:05-00:15 [悬念建立]** 镜头：女主甩掉吐司变装，手持衣架挑眉 台词：“非得当职场海妖？今天教你做「海王」！” （运镜：俯拍转环绕，衣架甩出「职场海王风」动态文字） ▫️ **00:15-00:25 [干货1：单品救场术]** 画面：女主套肥大T恤→抽腰带勒出腰线→袜子外穿压住裤脚 台词：“白T中裤太路人？袜子外穿封印邋遢，风衣一披,22 - 35岁职场新人、通勤总被说像睡衣的社畜,"[{""file_token"": ""KG2Tbl4K3oJy0Rx6mSvc40a8nWb"", ""name"": ""7ac0ea903c25dc4e3609d29c68ac22be.mp4"", ""size"": 7709979}]",【标题】：“通勤穿搭翻车？3招教你秒变职场海王！” 【类型】：知识干货型+对比挑战类｜职场穿搭痛点破局 【受众】：22-35岁职场新人｜通勤总被说像睡衣的社畜 【制作周期】：1+2天（街拍实景+快剪特效） --- ### 【故事线】 ▫️ **00:00-00:05 [开场钩子]** 镜头：左右分屏对比 左：「滤镜柔光+超模走秀式风衣穿搭」 右：「女主头发凌乱叼吐司+皱巴巴白T」 台词：“你以为的通勤VS实际上的通勤，输在起跑线？” （音效：玻璃碎裂声+变速鬼畜回放） ▫️ **00:05-00:15 [悬念建立]** 镜头：女主甩掉吐司变装，手持衣架挑眉 台词：“非得当职场海妖？今天教你做「,▫️ **00:00-00:05 [开场钩子]** 台词：“你以为的通勤VS实际上的通勤，输在起跑线？” ▫️ **00:05-00:15 [悬念建立]** 台词：“非得当职场海妖？今天教你做「海王」！” ▫️ **00:15-00:25 [干货1：单品救场术]** 台词：“白T中裤太路人？袜子外穿封印邋遢，风衣一披直接封神！” ▫️ **00:25-00:35 [认知反转]** 台词：“西装太像卖保险？吊带叠马甲，牛仔配运动鞋才叫松弛感王者！” ▫️ **00:35-00:45 [干货2：混搭心机]** 台词：“衬衫别好好穿！错位扣+挽袖口，雌雄同体才是高阶操作” ▫️ **00:45-00,张琪JIEJI,好的，我现在需要帮用户解决一个关于通勤穿搭的抖音短视频脚本的问题。用户希望结合“你以为的通勤穿搭VS实际的通勤穿搭”这个选题，制作一个爆款口播视频，满足干货与趣味平衡、视觉化呈现、1分钟时长等要求。首先，我得仔细分析用户的需求，确保理解所有的要点。 首先，用户是经验丰富的短视频编导，所以可能需要既专业又有创意的脚本。选题方向是对比理想与现实的通勤穿搭，这需要制造反差和悬念，吸引观众。视频需要口播形式，人物讲述，画面与口播同步，所以得设计具体的镜头和台词对应。 接下来，用户提到的要求包括干货与趣味平衡，这意味着不能只是罗列穿搭技巧，还要有幽默或反常识的点。视觉化呈现需要重点操作录屏展示，可能是指,1+2天（街拍实景+快剪特效）,"视频文案如下： 你以为的通勤 实际上的通勤 白T中裤 用袜子调和 长款风衣一披 女王气场信手拈来 非得职场海妖风吗 职场海王风 中不中呢？ 吊带叠马甲 配上牛仔运动鞋 嗯，松了 还差点职场味 那就西装来一件 这种同事多来点 让我眼前一亮又一亮 不规则衬衣搭配白色西裤 来块“工牌” 一种雌雄难辨的清爽感 正式的单品 收获不正式的效果 过膝半裙配巴恩风外套 我在上一种很新的班 非正式的班 上的就是一个开心 就算3,000的工资 也给我上出3万的自信来",“通勤穿搭翻车？3招教你秒变职场海王！”
衬衫加西装如何穿看起来显贵？,▫️ 00:00-00:05 [开场钩子]：人物双手拎两件西装（左皱巴巴廉价款/右剪裁利落高质感），快速左右切换+放大抖动特效，台词“穿西装显穷？这三个坑你踩过吗？”（重低音“咚”声+0.5秒静音） ▫️ 00:05-00:15 [悬念建立]：手机录屏展示某宝搜索“西装”结果页，红圈划出9.9包邮款（配刺耳警报音），台词“别急着跟风买！版型选错，王思聪同款都像地摊货！”（手指戳屏幕+文字爆炸特效） ▫️ 00:15-00:25 [干货1：西装显贵法则]：人物侧身站立，用荧光笔在透明板上勾出“三线关键”（肩线/腰线/臀线），台词“看这里！黄金三角区决定成败——肩要挺、腰要收、下摆不过臀！”（同步,职场新人、通勤族、毕业求职人群,"[{""file_token"": ""A8qKbTs3OomqisxLOMQcACubnTc"", ""name"": ""089379f2a428af71f275d37b22101cb1.mp4"", ""size"": 4847778}]",【标题】：“穷装变贵气？西装衬衫千万别这么穿！” 【类型】：知识干货型+对比挑战类 【受众】：职场新人｜通勤族｜毕业求职人群 【制作周期】：1+2天 --- 【故事线】 ▫️ 00:00-00:05 [开场钩子] 镜头：人物双手拎两件西装（左皱巴巴廉价款/右剪裁利落高质感），快速左右切换+放大抖动特效 台词+音效：“穿西装显穷？这三个坑你踩过吗？”（重低音“咚”声+0.5秒静音） ▫️ 00:05-00:15 [悬念建立] 镜头：手机录屏展示某宝搜索“西装”结果页，红圈划出9.9包邮款（配刺耳警报音） 台词：“别急着跟风买！版型选错，王思聪同款都像地摊货！”（手指戳屏幕+文字爆炸特效） ▫️ ,▫️ 00:00-00:05 [开场钩子] 台词+音效：“穿西装显穷？这三个坑你踩过吗？”（重低音“咚”声+0.5秒静音） ▫️ 00:05-00:15 [悬念建立] 台词：“别急着跟风买！版型选错，王思聪同款都像地摊货！”（手指戳屏幕+文字爆炸特效） ▫️ 00:15-00:25 [干货1：西装显贵法则] 台词：“看这里！黄金三角区决定成败——肩要挺、腰要收、下摆不过臀！”（同步出现动态人体剪影线稿） ▫️ 00:25-00:35 [认知反转] 台词：“你以为贵在价格？错！心机全在衬衫！”（背景音“叮——”+镜头360°环绕） ▫️ 00:35-00:45 [干货2：衬衫小心机] 台词：“投,张琪JIEJI,好的，我现在需要帮用户改写一个关于“衬衫加西装如何穿显贵”的爆款口播短视频脚本。用户给出了一些具体的要求，比如要平衡干货和趣味性，重点操作要视觉化展示，脚本必须适合1分钟时长，并且是口播视频，有人物讲述，画面与口播同步。 首先，我需要理解用户的原始内容。原主题是强调版型的重要性，衬衫选择有小设计的，加上高质感西装，穿对衣服才能显贵。用户希望将这些点以更吸引人的方式呈现，可能还需要加入一些悬念或反差元素来提升视频的吸引力。 接下来，分析用户的要求。用户需要标题有悬念、反差或情感关键词，不超过15字。然后类型要结合知识干货和趣味创意，受众可能是关注穿搭的职场新人或想提升形象的人。制作周期要合理，比,1+2天,看起来挺有钱吧，我装的，衬衫加西装如何看起来更贵，别急着跟风买，版型很重要，衬衫选有点小设计的，这样脱出来，迷不死你，加上高质感西装，衣服穿对人才显贵。,穷装变贵气？西装衬衫千万别这么穿！
小白如何在1688找到合适的产品,"▫️00:00-00:05 [开场钩子] 镜头从摩天大楼急速下摇到女主旧球鞋特写（鞋底开裂），""叮！""音效后0.5秒静音，突然炸出：""你根本不会用1688！""（红色大字占屏40%） ▫️00:05-00:15 [悬念建立] 跳切女主在电脑前抓头发（焦虑表情）+ 屏幕特写（搜索框输入""连衣裙""显示10000+结果），""搜'连衣裙'的已经亏了80万！""（左手甩出9.9吊带，右手甩出同款199吊带对比） ▫️00:15-00:25 [核心干货] 分屏操作：左侧真人示范，右侧录屏展示搜索框输入【尾货清仓+直播专供】，""记住这个魔鬼公式：直播款+退货率＜5%+起批量50件""（绿色进度条特效覆盖商品参数）",新手电商创业者、实体店主、想副业变现的上班族,"[{""file_token"": ""YEKZbgrjOopDrEx0NeIcoG06n6g"", ""name"": ""🔥这电影拍的太时尚了！经典之作！时尚拉片！ - 小红书.mp4"", ""size"": 21878432}]","【标题】：""1688捡漏秘籍！9.9吊带卖出199质感"" 【类型】：知识干货型+对比挑战类 【受众】：新手电商创业者、实体店主、想副业变现的上班族 【制作周期】：1+1（实景拍摄+录屏混剪） 【故事线】： ▫️00:00-00:05 [开场钩子] 镜头从摩天大楼急速下摇到女主旧球鞋特写（鞋底开裂） ""叮！""音效后0.5秒静音，突然炸出：""你根本不会用1688！""（红色大字占屏40%） ▫️00:05-00:15 [悬念建立] 跳切女主在电脑前抓头发（焦虑表情）+ 屏幕特写（搜索框输入""连衣裙""显示10000+结果） ""搜'连衣裙'的已经亏了80万！""（左手甩出9.9吊带，右手甩出同款199吊带","▫️00:00-00:05 [开场钩子] ""叮！""音效后0.5秒静音，突然炸出：""你根本不会用1688！"" ▫️00:05-00:15 [悬念建立] ""搜'连衣裙'的已经亏了80万！"" ▫️00:15-00:25 [核心干货] ""记住这个魔鬼公式：直播款+退货率＜5%+起批量50件"" ▫️00:25-00:35 [反常识暴击] ""1688搜跨境款，质量比国内版高3个level！"" ▫️00:35-00:45 [信任构建] ""看这3个认证：牛头标＞深度验厂＞诚信通，认准它们退货率直降70%！"" ▫️00:45-00:55 [转化引擎] ""现在截屏保存这个选品金字塔！评论区扣'捡漏'送你1688黑",,嗯，用户让我帮忙改写一个爆款口播短视频脚本，主题是小白如何在1688找到合适的产品。首先，我需要理解用户提供的视频文案和具体要求。原视频文案有很多视觉元素，比如特写镜头、运动镜头、对比手法，用来展示主角从平庸到时尚的转变。用户希望结合这些元素，转化为一个口播视频，同时平衡干货和趣味性，还要有视觉化呈现，比如操作录屏展示。 首先，确定视频的结构。用户要求1分钟，所以得严格把控时间，每10秒一个段落。开场钩子很重要，要在前5秒抓住观众。可能需要一个悬念或反差，比如展示主角的平庸穿搭，然后提出问题，引发兴趣。 接下来是干货部分，如何在1688找产品。需要拆解步骤，但必须简洁，不能太冗长。用户提到要重,1+1（实景拍摄+录屏混剪）,视频文案如下： 聚焦从高楼大厦变焦到女孩身体 跟拍提拉 再切短裤特写 动势剪辑（动作匹配） 切全景 下摇挑衣服 跳切从嘴摇到睫毛 前面各种华丽的特写镜头 从动作上产生了鲜明对比 调整，佩戴 但是动作相当连贯 主观镜头 跟手下摇到系鞋带 镜头下降展现城市 摇到高跟鞋 出门推进 出门固定镜头 正扣拍拿杏仁 从店牌下摇到女主入画 高跟鞋摇起来打车 出租车过画 到近景 全景女主向镜头冲过来 女主纵向走过来 抬头仰视 从高楼大厦再次摇到女主 突出很平庸的鞋和包 用各种特写镜头和运动镜头塑造时尚感 展现她的平庸 停在大楼名称前 故事正式开始 它的天然美貌给我们埋下很多预期 他如何一步步的走进时尚圈 这部电,1688捡漏秘籍！9.9吊带卖出199质感
40岁如何吸引年轻女性,开场以女演员捂嘴憋屁引出憋屁问题，接着提到肝损伤自测表，建立指甲竖纹、口臭失眠等问题是肝在报警的悬念；通过透明胃部动画演示果胶吸附毒素过程进行视觉化解密；展示实验室场景并引用中科院数据做权威背书；分屏对比吃前吃后的皮肤状态进行痛点暴击；用仓库爆单场景和倒计时吸引转化；最后以评论区扣“护肝”送抗衰秘籍作为完播诱饵。过程中还有创意强化点和风险对冲措施。 ,30 - 45岁亚健康女性、职场压力族、抗衰养生党,"[{""file_token"": ""AW61bNYCDoCwSKxp0TDcLaA0n3e"", ""name"": ""肝不好屁多！上了年纪建议多吃这个水果 - 小红书.mp4"", ""size"": 5311184}]","【标题】：“一天20个屁？40岁姐姐逆袭秘诀曝光！” 【类型】：健康科普型+反差挑战类 【受众】：30-45岁亚健康女性｜职场压力族｜抗衰养生党 【制作周期】：1+2天 ▫️ 00:00-00:05 [开场钩子] 画面：女演员捂嘴憋屁→突然「噗」声效+字幕爆炸特效 台词：""姐妹你是不是每天憋屁憋到脸发绿？""（挑眉坏笑） 音效：马桶冲水声+滑稽弹幕「有味道的视频」 ▫️ 00:05-00:15 [悬念建立] 画面：手机弹出「肝损伤自测表」+镜头推进演员惊愕表情 台词：""你以为只是尴尬？指甲竖纹、口臭失眠都是肝在报警！""（严肃手势指镜头） 特效：绿幕切换成「肝脏解剖图」，重点标红纤维化区域 ▫️ ","""姐妹你是不是每天憋屁憋到脸发绿？"" ""你以为只是尴尬？指甲竖纹、口臭失眠都是肝在报警！"" ""这玩意儿比洗洁精还猛！每天2颗把肝里垃圾全打包！"" ""中科院数据：连续吃28天，肝脏代谢速度提升67%！"" ""这周刚拍的素颜！客户还以为我偷偷做了激光嫩肤！"" ""现在点这里！成本价清库存！三天没效果你直接来骂我！"" ""偷偷说...评论区扣'护肝'的姐妹再送抗衰秘籍！""",,嗯，用户让我改写一个关于40岁如何吸引年轻女性的视频文案，原来的文案是关于肝脏健康，通过吃水果来改善放屁多等症状。现在需要把这个改成一个爆款口播短视频脚本，满足干货和趣味平衡，视觉化呈现，时长1分钟，还要有口播内容同步画面。 首先，我需要理解原视频的核心信息：肝脏问题导致放屁多，推荐吃某种水果补充营养。目标用户是40岁左右的女性，但原主题是吸引年轻女性，可能需要调整切入点，让内容对年轻女性也有吸引力。可能用户想通过健康话题来吸引年轻女性关注，或者产品本身有年轻女性市场。 接下来，用户提供的原文案比较直接，用了很多症状描述和产品推荐，但可能缺乏趣味性。要改成爆款脚本，需要增加悬念和趣味元素，同时,1+2天,视频文案如下： 一天二十几个屁啊，你可千万别不当回事，这是你的肝啊，正在发出的信号，想要改善的，我来教给你一个方法，很简单，你只是缺少这个东西，千万不要瞧不起这个便宜的水果，已经有好多的女人都吃起来了。 如果说你一天二十几个屁，你就一天吃上两颗，你要是嘴巴臭烘烘的，睡觉流口水，你呀就一天吃上四颗，你要是指甲上面有竖纹，肚子大尿液发黄，眼睛干涩，多梦易醒还提不精气神的，你就直接把它当饭吃。 小小的一颗，你吃进去的是果胶膳食纤维，各种维生素，矿物质和人体所需的微量元素，每天坚持吃，肝不好的人啊，别再犹豫了，右侧头像现在还有活动呢。,一天20个屁？40岁姐姐逆袭秘诀曝光！
医生感冒 都在吃什么药,穿着白大褂的医生猛翻药箱引出“医生感冒从不吃连花清瘟！这三盒药锁死全家健康”；手指敲击三盒药称甲流高发期靠它们三天满血复活；展示抗病毒颗粒冲泡过程，介绍其功效及特点；通过布洛芬药片与体温计动态对比，说明布洛芬用药要求；展示止咳糖浆倒药慢动作，讲解服用方法；展示医生证件及药箱整理全景，称药的组合让女儿甲流三天退烧，弹出用药清单；最后双手比心让点赞收藏，并预告下期揭秘医生绝不买的5种智商税感冒药。 ,宝妈/家庭健康管理者/易感冒体质人群,"[{""file_token"": ""NlAPb6QWvobkV8xzoTnc87TRnlc"", ""name"": ""医生感冒 都在吃什么药 #感冒#中成药 #流感 #抖出健康知识宝藏#全民健康素养提升 - 抖音.mp4"", ""size"": 7333572}]",【标题】：“医生感冒偷偷吃的药！全家不中招秘诀” 【类型】：知识干货型+悬念揭秘类 【受众】：宝妈/家庭健康管理者/易感冒体质人群 【制作周期】：1+2天 ▫️ 00:00-00:05 [爆炸钩子] 镜头：穿着白大褂的医生猛翻药箱特写（药盒哗啦散落） 台词：“医生感冒从不吃连花清瘟！这三盒药锁死全家健康” 音效：玻璃碎裂声+警报音 ▫️ 00:05-00:15 [悬念升级] 镜头：手指快速敲击三盒药（抗病毒颗粒/布洛芬/止咳糖浆） 字幕爆炸特效：「秘密武器①」「救命法宝②」「止咳黑科技③」 台词：“甲流高发期，我靠它们三天满血复活！” ▫️ 00:15-00:25 [干货暴击] 镜头：手机录屏,“医生感冒从不吃连花清瘟！这三盒药锁死全家健康” “甲流高发期，我靠它们三天满血复活！” “中成药抗病毒颗粒才是真·六边形战士！甲流发热/肺热咳嗽/咽喉肿痛...” “别被布洛芬骗了！超过38.5°才用，关节痛/偏头痛也能救急” “止咳糖浆这样喝全浪费！必须含在喉咙5秒再吞服” “这三个组合拳，我女儿甲流三天退烧！现在截屏保存用药清单” “点赞收藏！下期揭秘医生绝不买的5种智商税感冒药”,,好的，用户需要我帮忙改写一个关于医生感冒时吃什么药的爆款口播短视频脚本。首先，我得仔细看看用户提供的原始内容。他们提到了三种药物：抗病毒颗粒、布洛芬和止咳糖浆，强调这些是家庭常备药，适合全家使用，尤其是应对最近的天气变化和流感。用户希望脚本兼具干货和趣味，要有视觉化呈现，比如录屏展示，同时要符合1分钟的时长，并且有人物讲述，画面与口播同步。 首先，我需要确定视频的结构。用户要求使用他们提供的输出框架，包括标题、类型、受众、制作周期、故事线和创意强化点。标题需要15字以内，包含悬念或反差。比如，“医生感冒偷偷吃的药！全家不中招秘诀”这样的标题，既点明主题，又有悬念感。 接下来是类型和受众。类型应,1+2天,医生感冒吃什么药？最近天气忽冷忽热，我的几个学生也轮番发烧，我们自己常备的感冒药，一中成药是家里必备的，适合全家老小，抗病毒颗粒感冒引起的发热鼻塞，肺热上火引起的咳嗽痰多，咽喉肿痛以及甲流等流行性感冒上呼吸道感染，它都能派上用场，纯中药颗粒剂型，上火热气，二布洛芬用于感冒引起的发热头痛以及轻中度疼痛如关节痛神经痛等，三止咳糖浆镇咳祛痰稀释痰液用于感冒导致的咳嗽咳痰等症状，感冒不是小事，千万别硬扛。,医生感冒偷偷吃的药！全家不中招秘诀
3.38 复制打开抖音，看看【index（干中学）的作品】揭秘拉新赛道线上新玩法 # 引流拓客 # 商业模式... [https://v.douyin.com/nJdBw34hOP8/](https://v.douyin.com/nJdBw34hOP8/) [p@d.Ag](mailto:p@d.Ag) 06/06 Rxs:/ ,▫️00:00 - 00:05 [死亡倒计时钩子]：「警告！你的拉新方法正在被淘汰！」（红色弹窗占满手机屏 + 警报音）→ 镜头从黑屏拉近到颤抖的手点击弹窗，画面切到人物举手机冷笑 ▫️00:05 - 00:15 [暴力反差造悬念]：「但有人用这漏洞，7 天白嫖 3000 精准客户」（手机屏闪现后台收益 3.2w 截图）→ 左手甩出三张不同行业转账记录，右手突然放大企业微信后台录屏 ▫️00:15 - 00:25 [反常识操作教学]：「第一步：关掉所有付费投流！」（手指猛戳屏幕关闭巨量引擎按钮）→ 录屏展示企业微信「渠道活码」生成过程，重点圈出 0 元标注 ▫️00:25 - 00:35 [场,互联网轻创业者/地推团队长/运营新人（18 - 35岁，追求副业变现）,,【标题】：“拉新赛道惊现新漏洞！月入3万的秘密竟在手机里？” 【类型】：知识干货型+揭秘反差类｜流量密码：线上获客新物种 【受众】：互联网轻创业者/地推团队长/运营新人（18-35岁，追求副业变现） 【制作周期】：1+2天（录屏实拍+动态字幕快剪） --- 【故事线】 ▫️ 00:00-00:05 [死亡倒计时钩子] 「警告！你的拉新方法正在被淘汰！」（红色弹窗占满手机屏+警报音） → 镜头从黑屏拉近到颤抖的手点击弹窗，画面切到人物举手机冷笑 ▫️ 00:05-00:15 [暴力反差造悬念] 「但有人用这漏洞，7天白嫖3000精准客户」（手机屏闪现后台收益3.2w截图） → 左手甩出三张不同行,▫️ 00:00-00:05 [死亡倒计时钩子] 「警告！你的拉新方法正在被淘汰！」 ▫️ 00:05-00:15 [暴力反差造悬念] 「但有人用这漏洞，7天白嫖3000精准客户」 ▫️ 00:15-00:25 [反常识操作教学] 「第一步：关掉所有付费投流！」 ▫️ 00:25-00:35 [场景化痛点暴击] 「第二步：把地推团队变成你的免费业务员」 ▫️ 00:35-00:45 [认知核爆反转] 「最狠的是第三步：让官方给你打工！」 ▫️ 00:45-00:55 [风险对冲+转化引擎] 「现在截屏保存这张对照表，三天没效果我直播删号！」 ▫️ 00:55-01:00 [增量互动预埋] 「不,,嗯，用户让我帮忙改写一个爆款口播短视频脚本，主题是揭秘拉新赛道的线上新玩法，结合引流拓客和商业模式。首先，我需要理解用户提供的参考视频内容和结构，这样才能更好地进行改写。用户强调要干货和趣味性平衡，还要有操作录屏展示，以及同步的画面和口播内容。 首先，标题需要吸引人，包含悬念或反差。原参考视频的标题用了“揭秘”和“新玩法”，所以可以考虑类似的结构。比如“拉新赛道惊现新漏洞！月入3万的秘密竟在手机里？”这样既有悬念，又点出收益，吸引目标受众。 接下来是类型，用户希望知识干货加上对比挑战或案例分析。结合引流拓客，可能更适合知识干货型+揭秘反差类，这样既有信息量又有吸引力。 受众方面，目标应该是互联,1+2天（录屏实拍+动态字幕快剪）,,“拉新赛道惊现新漏洞！月入3万的秘密竟在手机里？”
3.38 复制打开抖音，看看【index（干中学）的作品】揭秘拉新赛道线上新玩法 # 引流拓客 # 商业模式... [https://v.douyin.com/nJdBw34hOP8/](https://v.douyin.com/nJdBw34hOP8/) [p@d.Ag](mailto:p@d.Ag) 06/06 Rxs:/ ,主播开场以同行用灰色入口捞钱吸引观众，建立平台功能藏在三级菜单需三步破解的悬念，展示数据看板体现价值，提出认知反转，称不用烧钱投流用神秘代码即可，进行风险对冲，承诺三天没出单直播剃光头，推动转化，提醒截屏保存流程图及入口可能关闭时间，最后引导增量互动，让观众评论区扣【暴富】领工具包并前往直播间 。,中小创业者、电商运营者、副业刚需人群,,【标题】：“揭秘线上拉新日赚500+的隐藏入口！” 【类型】：知识干货型+悬念揭秘类 【受众】：中小创业者/电商运营者/副业刚需人群 【制作周期】：1+2天（含录屏剪辑+动态包装） ▫️ 00:00-00:05 [开场钩子] 「你的同行正在用这个灰色入口疯狂捞钱！」（人物食指猛戳手机屏，屏幕炸开金币特效+警报音） *画面：主播穿黑色西装突然凑近镜头，背后手机投屏显示“XX平台”界面，动态红箭头闪烁* ▫️ 00:05-00:15 [悬念建立] 「平台把这功能藏在三级菜单，跟着我3步破解」（手指快速滑动录屏，画面突然变黑白定格） *运镜：从面部特写拉远到半身，配合“滋滋”电流故障特效* ▫️ 0,「你的同行正在用这个灰色入口疯狂捞钱！」 「平台把这功能藏在三级菜单，跟着我3步破解」 「看这个数据看板——昨天新用户转化率暴涨300%！」 「你以为要烧钱投流？其实用这串神秘代码...」 「现在点收藏还来得及，三天没出单我直播剃光头！」 「截屏保存这张流程图，今晚12点入口可能关闭」 「评论区扣【暴富】领工具包，敢赌的来我直播间！」,,好的，用户让我帮忙改写一个爆款口播短视频脚本，要求干货和趣味性平衡，重点操作要录屏展示，还要匹配1分钟的时长，并且有人物讲述，画面和口播同步。首先，我需要仔细分析用户提供的参考视频和具体要求。 用户给的参考视频是关于揭秘拉新赛道的新玩法，涉及引流拓客和商业模式。原视频可能已经有一些结构，但需要优化成更吸引人的脚本。用户特别强调要平衡干货和趣味，所以不能只是枯燥的讲解，得加入一些互动和视觉元素。 接下来，标题需要15字以内，有悬念或反差。参考例子中的标题，比如“90%的人不知道的职场潜规则”，可能需要结合拉新赛道的关键词，比如“线上新玩法”、“日赚500+”这样的数字来制造反差。标题可能需要类似,1+2天（含录屏剪辑+动态包装）,,揭秘线上拉新日赚500+的隐藏入口！
,,,,,,,,,,
