自动编号,请提供你的微信id,提交时间,创建人,提交人,请提供你的bot的微信id
001,测试,2024-07-30 01:19:35,"[{""id"": ""ou_a6291e0bd70988c4188ad2e7fec4dd62"", ""name"": ""许键""}]","[{""id"": ""ou_a6291e0bd70988c4188ad2e7fec4dd62"", ""name"": ""许键""}]",
002,ETERNCHAN,2024-07-30 01:19:36,"[{""id"": ""ou_3bd6d966eb4a97e89d7991efeac3a3b1"", ""name"": ""访客 66328""}]","[{""id"": ""ou_3bd6d966eb4a97e89d7991efeac3a3b1"", ""name"": ""访客 66328""}]",
003,11,2024-07-30 01:21:54,"[{""id"": ""ou_ed53b21f57cad51b12d13fc4529f0e01"", ""name"": ""陈慧凌""}]","[{""id"": ""ou_ed53b21f57cad51b12d13fc4529f0e01"", ""name"": ""陈慧凌""}]",
004,Xiapazi_Pro,2024-07-31 20:00:41,"[{""id"": ""ou_a779233cd233570186dedbeed369b87d"", ""name"": ""佟子琦""}]","[{""id"": ""ou_a779233cd233570186dedbeed369b87d"", ""name"": ""佟子琦""}]",XiapaGi
005,yinyujing329,2024-07-31 20:01:06,"[{""id"": ""ou_e3e6767db2f76ddbacfe59f754969d44"", ""name"": ""jump""}]","[{""id"": ""ou_e3e6767db2f76ddbacfe59f754969d44"", ""name"": ""jump""}]",1863552c2c0e4446ba4f216a231cb632
006,pizi-long,2024-07-31 20:01:08,"[{""id"": ""ou_07df1d7d4de4a0b7d57ce024ab4c1bdc"", ""name"": ""飞书用户1926XB""}]","[{""id"": ""ou_07df1d7d4de4a0b7d57ce024ab4c1bdc"", ""name"": ""飞书用户1926XB""}]",Huozhe66880
007,roxorloops,2024-07-31 20:01:10,"[{""id"": ""ou_41c639a2333470304170aff47c1b1f4a"", ""name"": ""刘彤""}]","[{""id"": ""ou_41c639a2333470304170aff47c1b1f4a"", ""name"": ""刘彤""}]",kezan324
008,LluojunJ,2024-07-31 20:01:23,"[{""id"": ""ou_4b2151ceaee32296b678d2b88fc703ce"", ""name"": ""罗骏""}]","[{""id"": ""ou_4b2151ceaee32296b678d2b88fc703ce"", ""name"": ""罗骏""}]",三思
009,CHA,2024-07-31 20:01:24,"[{""id"": ""ou_da52ed64a979ebc345582f47814042c0"", ""name"": ""CHA""}]","[{""id"": ""ou_da52ed64a979ebc345582f47814042c0"", ""name"": ""CHA""}]",小义
010,ncpjhly,2024-07-31 20:01:25,"[{""id"": ""ou_a941e5146577aa617ccc26f0f4e65d90"", ""name"": ""小白""}]","[{""id"": ""ou_a941e5146577aa617ccc26f0f4e65d90"", ""name"": ""小白""}]",Aixbyang
011,wyf777wyf,2024-07-31 20:01:25,"[{""id"": ""ou_8e5d18f6b27a7955a335da4f4fef60f7"", ""name"": ""王多多""}]","[{""id"": ""ou_8e5d18f6b27a7955a335da4f4fef60f7"", ""name"": ""王多多""}]",taiyuanfeifei
012,jimmyou521,2024-07-31 20:01:27,"[{""id"": ""ou_e4b09a91c9bef323e95d1cc0c7055291"", ""name"": ""jimmy""}]","[{""id"": ""ou_e4b09a91c9bef323e95d1cc0c7055291"", ""name"": ""jimmy""}]",bigwhite668
013,hxmlban,2024-07-31 20:01:28,"[{""id"": ""ou_13c8d3d68749f33792e0a3239eafcf91"", ""name"": ""李益斌""}]","[{""id"": ""ou_13c8d3d68749f33792e0a3239eafcf91"", ""name"": ""李益斌""}]",xiaoxinAxz
014,Serendipity-20230218,2024-07-31 20:01:36,"[{""id"": ""ou_860f955ab2683807f36eb2ef329710e2"", ""name"": ""容千""}]","[{""id"": ""ou_860f955ab2683807f36eb2ef329710e2"", ""name"": ""容千""}]",qingxiong2024
015,kulodou,2024-07-31 20:01:40,"[{""id"": ""ou_85d9831f5811757e3d92a76478cb1cc0"", ""name"": ""Sunkim""}]","[{""id"": ""ou_85d9831f5811757e3d92a76478cb1cc0"", ""name"": ""Sunkim""}]",hzshsa
016,lkd362000,2024-07-31 20:01:41,"[{""id"": ""ou_3f1ee03c55d1cb6bdb0e27434eb78de0"", ""name"": ""李科达""}]","[{""id"": ""ou_3f1ee03c55d1cb6bdb0e27434eb78de0"", ""name"": ""李科达""}]",lkd2003qz
017,limaomao955,2024-07-31 20:01:42,"[{""id"": ""ou_8fbd27dbe7588b6475fa8d187a6301a8"", ""name"": ""limaomao""}]","[{""id"": ""ou_8fbd27dbe7588b6475fa8d187a6301a8"", ""name"": ""limaomao""}]",monsterbalala
018,Maybe_tmy6976,2024-07-31 20:01:42,"[{""id"": ""ou_bbc358cbce419d2fc30aa6a814b001aa"", ""name"": ""零宇宙""}]","[{""id"": ""ou_bbc358cbce419d2fc30aa6a814b001aa"", ""name"": ""零宇宙""}]",lingyuzhou000
019,psylch204,2024-07-31 20:01:42,"[{""id"": ""ou_827b4b06db5d94551da551c31fb60e18"", ""name"": ""李驰浩""}]","[{""id"": ""ou_827b4b06db5d94551da551c31fb60e18"", ""name"": ""李驰浩""}]",wxid_nxd61wwdyxft22
020,fenfei_3,2024-07-31 20:01:45,"[{""id"": ""ou_322966ba6e245d1efe1c856eb6120e41"", ""name"": ""李可颖""}]","[{""id"": ""ou_322966ba6e245d1efe1c856eb6120e41"", ""name"": ""李可颖""}]",lulu_magical
021,pikasushi,2024-07-31 20:01:45,"[{""id"": ""ou_603769244a22a8d40f89ff349992c2f1"", ""name"": ""PIKA""}]","[{""id"": ""ou_603769244a22a8d40f89ff349992c2f1"", ""name"": ""PIKA""}]",pikasushi
022,AIlllkm123,2024-07-31 20:01:45,"[{""id"": ""ou_d8c3cbf6ff3bc3ec2871bd3248e326f7"", ""name"": ""罗文""}]","[{""id"": ""ou_d8c3cbf6ff3bc3ec2871bd3248e326f7"", ""name"": ""罗文""}]",luowenbang123
023,Larkspur-wlw,2024-07-31 20:01:48,"[{""id"": ""ou_29005a01d62cede6bfad372365ede0e0"", ""name"": ""Larkspur""}]","[{""id"": ""ou_29005a01d62cede6bfad372365ede0e0"", ""name"": ""Larkspur""}]",Manli-33
024, MaikaoJAI,2024-07-31 20:01:49,"[{""id"": ""ou_98df692fd92d77cf84151949efcab153"", ""name"": ""MaikaoJAI""}]","[{""id"": ""ou_98df692fd92d77cf84151949efcab153"", ""name"": ""MaikaoJAI""}]",OscarAiMai
025,iYB980805,2024-07-31 20:01:50,"[{""id"": ""ou_3de740dfe0d63bca2d09b1672cc421e8"", ""name"": ""田田""}]","[{""id"": ""ou_3de740dfe0d63bca2d09b1672cc421e8"", ""name"": ""田田""}]",beyoubestand
026,dinghuahuang,2024-07-31 20:01:54,"[{""id"": ""ou_e064ecba688d4ac0ebc9a36af502bff7"", ""name"": ""黄定华""}]","[{""id"": ""ou_e064ecba688d4ac0ebc9a36af502bff7"", ""name"": ""黄定华""}]",dna9572
027,凉小薇,2024-07-31 20:01:58,"[{""id"": ""ou_60b195ea654e03398312b2753ddbfb01"", ""name"": ""梁小薇""}]","[{""id"": ""ou_60b195ea654e03398312b2753ddbfb01"", ""name"": ""梁小薇""}]",choco
028,Tiffanyvicky,2024-07-31 20:02:03,"[{""id"": ""ou_67a4757854447638df25a0768af04944"", ""name"": ""vicky""}]","[{""id"": ""ou_67a4757854447638df25a0768af04944"", ""name"": ""vicky""}]",vickyyib
029,zhao791018,2024-07-31 20:02:07,"[{""id"": ""ou_7d3a6050e2541219f413b80f3ebf96d1"", ""name"": ""李昭""}]","[{""id"": ""ou_7d3a6050e2541219f413b80f3ebf96d1"", ""name"": ""李昭""}]",Fairy101899
030,Steiner134,2024-07-31 20:02:08,"[{""id"": ""ou_fbd104299ee6965b028f55ca6547239e"", ""name"": ""飞书用户7708DK""}]","[{""id"": ""ou_fbd104299ee6965b028f55ca6547239e"", ""name"": ""飞书用户7708DK""}]",wxid_knf8lsd75axy22
031,emajjsky,2024-07-31 20:02:10,"[{""id"": ""ou_878a127bb6c5fa63a5e35124de558b3c"", ""name"": ""谭轶骅""}]","[{""id"": ""ou_878a127bb6c5fa63a5e35124de558b3c"", ""name"": ""谭轶骅""}]",lasia881017
032,KKaikaikaiii,2024-07-31 20:02:15,"[{""id"": ""ou_8efdfdc7e430297020eeb852b667cf00"", ""name"": ""杨凯翔""}]","[{""id"": ""ou_8efdfdc7e430297020eeb852b667cf00"", ""name"": ""杨凯翔""}]",wxid_y3vqbem0iy9q22
033,18868443118,2024-07-31 20:02:18,"[{""id"": ""ou_4ebd481eddae4e19e7f29aec5a01781d"", ""name"": ""夏晢聃""}]","[{""id"": ""ou_4ebd481eddae4e19e7f29aec5a01781d"", ""name"": ""夏晢聃""}]",Aox_31
034,wxid_h34q57d6izo22,2024-07-31 20:02:22,"[{""id"": ""ou_cfb34ee3070ae21186a6d53482c3a119"", ""name"": ""林""}]","[{""id"": ""ou_cfb34ee3070ae21186a6d53482c3a119"", ""name"": ""林""}]",wxid_h34q57d6izo22
035,mantoujunyou,2024-07-31 20:02:24,"[{""id"": ""ou_bcf81f88ff16826fe16246d366bab8b3"", ""name"": ""馒头君""}]","[{""id"": ""ou_bcf81f88ff16826fe16246d366bab8b3"", ""name"": ""馒头君""}]",Yesnowisbest
036,carp_Ma,2024-07-31 20:02:27,"[{""id"": ""ou_ae35c1d69ece97cce99994ff4f6b4b26"", ""name"": ""马俊华""}]","[{""id"": ""ou_ae35c1d69ece97cce99994ff4f6b4b26"", ""name"": ""马俊华""}]",carp_Ma
037,jody 550,2024-07-31 20:02:27,"[{""id"": ""ou_0a508fef5e01edfa27fe375bf1951535"", ""name"": ""程家华""}]","[{""id"": ""ou_0a508fef5e01edfa27fe375bf1951535"", ""name"": ""程家华""}]",andy871498
038,zhengminxuan66,2024-07-31 20:02:27,"[{""id"": ""ou_7fb0b78965d291336e6244719dac5739"", ""name"": ""郑敏轩""}]","[{""id"": ""ou_7fb0b78965d291336e6244719dac5739"", ""name"": ""郑敏轩""}]",wxid_rssx4javcf6t22
039,PP,2024-07-31 20:02:31,"[{""id"": ""ou_0f2918dfc7c3e17070cadf45583e1c60"", ""name"": ""单身二大爷""}]","[{""id"": ""ou_0f2918dfc7c3e17070cadf45583e1c60"", ""name"": ""单身二大爷""}]",super-sdsl
040,cc1415926535,2024-07-31 20:02:34,"[{""id"": ""ou_853071a9657cc6e1846b2e46f823a53f"", ""name"": ""陈昶佳""}]","[{""id"": ""ou_853071a9657cc6e1846b2e46f823a53f"", ""name"": ""陈昶佳""}]",wxid_i2xrfxyxs3zq22
041,jamesjiangx,2024-07-31 20:02:38,"[{""id"": ""ou_d3333c20f3fd26a23876d0e1cde84c5e"", ""name"": ""江星""}]","[{""id"": ""ou_d3333c20f3fd26a23876d0e1cde84c5e"", ""name"": ""江星""}]",zuoluo138985
042,louise_lee1989,2024-07-31 20:02:39,"[{""id"": ""ou_59b0d5e0326984753450cde5ff838803"", ""name"": ""Louise""}]","[{""id"": ""ou_59b0d5e0326984753450cde5ff838803"", ""name"": ""Louise""}]",wxid_xqgbs55v9vyg22
043,iamsam4,2024-07-31 20:02:42,"[{""id"": ""ou_8c819c46a65b664068c9b265fda6d03c"", ""name"": ""SAMUEL""}]","[{""id"": ""ou_8c819c46a65b664068c9b265fda6d03c"", ""name"": ""SAMUEL""}]",Daulfin2023
044,wam7730,2024-07-31 20:02:46,"[{""id"": ""ou_bc5a78347da93314ac41e81df156b444"", ""name"": ""王哲6""}]","[{""id"": ""ou_bc5a78347da93314ac41e81df156b444"", ""name"": ""王哲6""}]",wam7730
045,aijia228626,2024-07-31 20:02:46,"[{""id"": ""ou_6cbbafefe9e9960261ccad656118ccbd"", ""name"": ""Ostara""}]","[{""id"": ""ou_6cbbafefe9e9960261ccad656118ccbd"", ""name"": ""Ostara""}]",TT247980
046,ᝰForgotᝰ,2024-07-31 20:02:49,"[{""id"": ""ou_06f6cf45627880e0794852c07d1f31fe"", ""name"": ""飞书用户3996LF""}]","[{""id"": ""ou_06f6cf45627880e0794852c07d1f31fe"", ""name"": ""飞书用户3996LF""}]",白清濯
047,lywstdu11,2024-07-31 20:02:49,"[{""id"": ""ou_6721f7c241a44fe14b67818f1b7206a7"", ""name"": ""李亚文""}]","[{""id"": ""ou_6721f7c241a44fe14b67818f1b7206a7"", ""name"": ""李亚文""}]",lywstdu
048,Fed-Xu,2024-07-31 20:02:54,"[{""id"": ""ou_ab2ad28ad7e85e1432ab52d118a49269"", ""name"": ""徐联邦""}]","[{""id"": ""ou_ab2ad28ad7e85e1432ab52d118a49269"", ""name"": ""徐联邦""}]",85252445117
049,xzx970810851,2024-07-31 20:03:18,"[{""id"": ""ou_fbd4c32f21d811a482c8791efba23833"", ""name"": ""xzx""}]","[{""id"": ""ou_fbd4c32f21d811a482c8791efba23833"", ""name"": ""xzx""}]",shimuziya1028
050,web-iseeu,2024-07-31 20:03:19,"[{""id"": ""ou_d223c330a8db17ee62d731c3c9997f3f"", ""name"": ""高文达""}]","[{""id"": ""ou_d223c330a8db17ee62d731c3c9997f3f"", ""name"": ""高文达""}]",oliver-iseeu
051,DAVIDRAN612,2024-07-31 20:03:21,"[{""id"": ""ou_b9d3fec3ce38158ff3f60b0f2ab8b3d6"", ""name"": ""冉伟""}]","[{""id"": ""ou_b9d3fec3ce38158ff3f60b0f2ab8b3d6"", ""name"": ""冉伟""}]",davidran613
052,zynd9e,2024-07-31 20:03:24,"[{""id"": ""ou_fecf39fc76ee0c9c936ff74c7d5e8238"", ""name"": ""邹昱""}]","[{""id"": ""ou_fecf39fc76ee0c9c936ff74c7d5e8238"", ""name"": ""邹昱""}]",Massimois007
053,oqksjll,2024-07-31 20:03:31,"[{""id"": ""ou_ee5cd0ee5685ba51539ed0750beae97d"", ""name"": ""ehhe""}]","[{""id"": ""ou_ee5cd0ee5685ba51539ed0750beae97d"", ""name"": ""ehhe""}]",wxid_p5heq7uvkika22
054,Alazar_shp,2024-07-31 20:03:35,"[{""id"": ""ou_0f5d2be0894846088a3642eef7fbf00b"", ""name"": ""飞书用户7281GZ""}]","[{""id"": ""ou_0f5d2be0894846088a3642eef7fbf00b"", ""name"": ""飞书用户7281GZ""}]",wxid_0h5rfzo4uerf22
055,IDKEAIAI,2024-07-31 20:03:36,"[{""id"": ""ou_f501bf23cd7a43933a3af5c727f36222"", ""name"": ""顺顺""}]","[{""id"": ""ou_f501bf23cd7a43933a3af5c727f36222"", ""name"": ""顺顺""}]",_Victory_day_
056,mmmnm145,2024-07-31 20:03:48,"[{""id"": ""ou_aad372037b6954fa6cdc1bc74c8344e9"", ""name"": ""Chaos""}]","[{""id"": ""ou_aad372037b6954fa6cdc1bc74c8344e9"", ""name"": ""Chaos""}]",Marx_6_6
057,joe151757,2024-07-31 20:03:52,"[{""id"": ""ou_12564eaf878b62263d4a8c623fbe4dc0"", ""name"": ""乔尚""}]","[{""id"": ""ou_12564eaf878b62263d4a8c623fbe4dc0"", ""name"": ""乔尚""}]",wxid_r3w70yyfs87v22
058,foot-ball-10,2024-07-31 20:04:03,"[{""id"": ""ou_a0b3766d66fd59cd896d440117c5a578"", ""name"": ""Tom""}]","[{""id"": ""ou_a0b3766d66fd59cd896d440117c5a578"", ""name"": ""Tom""}]",testboy-1000
059,Penny__1218,2024-07-31 20:04:04,"[{""id"": ""ou_af7b462cbc75afc2b8d24725f255d269"", ""name"": ""Penny""}]","[{""id"": ""ou_af7b462cbc75afc2b8d24725f255d269"", ""name"": ""Penny""}]",Penny_Y1218
060,VIP-Liuye,2024-07-31 20:04:14,"[{""id"": ""ou_e044ad4d2dff409c0a85d7a7dc7cad46"", ""name"": ""山腳函數""}]","[{""id"": ""ou_e044ad4d2dff409c0a85d7a7dc7cad46"", ""name"": ""山腳函數""}]",EMV3394
061,ahahaecho,2024-07-31 20:04:16,"[{""id"": ""ou_cb4b382fd4b73930f2d5dcecff50a255"", ""name"": ""朱古力""}]","[{""id"": ""ou_cb4b382fd4b73930f2d5dcecff50a255"", ""name"": ""朱古力""}]",ajujuliya
062,BetaTom,2024-07-31 20:04:45,"[{""id"": ""ou_8c1a5998aeafa89b98e28eb6f3d3bafb"", ""name"": ""夏鹏""}]","[{""id"": ""ou_8c1a5998aeafa89b98e28eb6f3d3bafb"", ""name"": ""夏鹏""}]",xm20460101
063,vincentluying,2024-07-31 20:04:48,"[{""id"": ""ou_b3f993ef70dba3eb9d6435b022fcd95f"", ""name"": ""陆赢""}]","[{""id"": ""ou_b3f993ef70dba3eb9d6435b022fcd95f"", ""name"": ""陆赢""}]",fighting1778
064,am0012pm,2024-07-31 20:05:04,"[{""id"": ""ou_64cfe236447f31ee2e6bc97b35fbfdb5"", ""name"": ""刘绍锴""}]","[{""id"": ""ou_64cfe236447f31ee2e6bc97b35fbfdb5"", ""name"": ""刘绍锴""}]",wxid_jmhlu6n0gl1c22
065,_QingYe,2024-07-31 20:05:11,"[{""id"": ""ou_fa0fc64e72764efd45718c1d92aadf11"", ""name"": ""刘超""}]","[{""id"": ""ou_fa0fc64e72764efd45718c1d92aadf11"", ""name"": ""刘超""}]",a17364622982
066,tiantanglaochen,2024-07-31 20:05:13,"[{""id"": ""ou_31b742552faa65a989af48e5bd7bc8b3"", ""name"": ""BestSign_Ernest_Zhang""}]","[{""id"": ""ou_31b742552faa65a989af48e5bd7bc8b3"", ""name"": ""BestSign_Ernest_Zhang""}]",tiantanglaochen
067,xinlingYJ,2024-07-31 20:05:20,"[{""id"": ""ou_30aee0db17cb61d7e13cbf8ea00dd433"", ""name"": ""列克""}]","[{""id"": ""ou_30aee0db17cb61d7e13cbf8ea00dd433"", ""name"": ""列克""}]",wxid_yxp2v1qpsmne22
068,miso828,2024-07-31 20:05:40,"[{""id"": ""ou_312cc769806a3167077ba8442108e096"", ""name"": ""大伟""}]","[{""id"": ""ou_312cc769806a3167077ba8442108e096"", ""name"": ""大伟""}]",luoba365
069,lku654,2024-07-31 20:05:53,"[{""id"": ""ou_bd3219faf6a9ca9780899b945d70460a"", ""name"": ""陈东""}]","[{""id"": ""ou_bd3219faf6a9ca9780899b945d70460a"", ""name"": ""陈东""}]",Basdf26
070,fzmicky,2024-07-31 20:06:05,"[{""id"": ""ou_8f1cf61100650a7006c3f6115e68bda2"", ""name"": ""许岸枫""}]","[{""id"": ""ou_8f1cf61100650a7006c3f6115e68bda2"", ""name"": ""许岸枫""}]",wxid_a8zh6ko3gl9a22
071,sissname,2024-07-31 20:06:30,"[{""id"": ""ou_df191bd41f52264b2eb491bf51953963"", ""name"": ""杉杉""}]","[{""id"": ""ou_df191bd41f52264b2eb491bf51953963"", ""name"": ""杉杉""}]",MOOIN_SS
072,三思,2024-07-31 20:06:38,"[{""id"": ""ou_ecc37014cc8673119983448d0a01d262"", ""name"": ""西原""}]","[{""id"": ""ou_ecc37014cc8673119983448d0a01d262"", ""name"": ""西原""}]",贝比
073,D159357456258D,2024-07-31 20:06:51,"[{""id"": ""ou_8ae03c10d37a64bbec5a8ec898a3c79a"", ""name"": ""阿林""}]","[{""id"": ""ou_8ae03c10d37a64bbec5a8ec898a3c79a"", ""name"": ""阿林""}]",wxid_mo0nro3fl7t122
074,xiao183dp,2024-07-31 20:06:52,"[{""id"": ""ou_42f81f09eb31290df2b37914c257f875"", ""name"": ""孙顺达""}]","[{""id"": ""ou_42f81f09eb31290df2b37914c257f875"", ""name"": ""孙顺达""}]",MySummer178
075,huawei19941016,2024-07-31 20:07:10,"[{""id"": ""ou_1a6dd3bd588e5618e667252e4e17747d"", ""name"": ""华仔""}]","[{""id"": ""ou_1a6dd3bd588e5618e667252e4e17747d"", ""name"": ""华仔""}]",codelabs-ai
076,pathog_jeanne,2024-07-31 20:07:10,"[{""id"": ""ou_bd3074559c330ef2618b0f4acf570779"", ""name"": ""黄洁妮""}]","[{""id"": ""ou_bd3074559c330ef2618b0f4acf570779"", ""name"": ""黄洁妮""}]",Jay_tang2009
077,550617570,2024-07-31 20:07:12,"[{""id"": ""ou_c93adf4c742643966208651710e9c030"", ""name"": ""Peggy""}]","[{""id"": ""ou_c93adf4c742643966208651710e9c030"", ""name"": ""Peggy""}]",15140121105
078,浔仁,2024-07-31 20:07:18,"[{""id"": ""ou_2c4ad599d1ebb75024cb27ac5c74490d"", ""name"": ""赵有春""}]","[{""id"": ""ou_2c4ad599d1ebb75024cb27ac5c74490d"", ""name"": ""赵有春""}]",赵浔
079,qdrsw001,2024-07-31 20:07:44,"[{""id"": ""ou_20123d65af2410f0230086153c6ad176"", ""name"": ""贾栾""}]","[{""id"": ""ou_20123d65af2410f0230086153c6ad176"", ""name"": ""贾栾""}]",wxid_wjtbcszm6oja22
080,yanggexingdaxia,2024-07-31 20:08:09,"[{""id"": ""ou_c6f6eb6063775127b6cdb0e9ba4571d0"", ""name"": ""扬歌行""}]","[{""id"": ""ou_c6f6eb6063775127b6cdb0e9ba4571d0"", ""name"": ""扬歌行""}]",mengxueqicai
081,liboxz74,2024-07-31 20:08:16,"[{""id"": ""ou_e791d4011272554af3e10d22df6d86ae"", ""name"": ""李宝泳""}]","[{""id"": ""ou_e791d4011272554af3e10d22df6d86ae"", ""name"": ""李宝泳""}]",livybobo
082,hongying_zheng,2024-07-31 20:08:20,"[{""id"": ""ou_f1b946ca61447a41ff37f20df59f7319"", ""name"": ""郑洪英""}]","[{""id"": ""ou_f1b946ca61447a41ff37f20df59f7319"", ""name"": ""郑洪英""}]",shirleysilin2016
083,Felicity-LHB,2024-07-31 20:08:22,"[{""id"": ""ou_12155cce52c090cf6f6b098b2b49cf1d"", ""name"": ""赖焕彬""}]","[{""id"": ""ou_12155cce52c090cf6f6b098b2b49cf1d"", ""name"": ""赖焕彬""}]",LHB-Felicity
084,A-L99-Love,2024-07-31 20:08:28,"[{""id"": ""ou_e2de99b436cec54b1d42c46be45815e5"", ""name"": ""李金平""}]","[{""id"": ""ou_e2de99b436cec54b1d42c46be45815e5"", ""name"": ""李金平""}]",Li888999898
085,zhibogou,2024-07-31 20:08:32,"[{""id"": ""ou_2497078d96368d346a10cd3918963644"", ""name"": ""王炳乾1""}]","[{""id"": ""ou_2497078d96368d346a10cd3918963644"", ""name"": ""王炳乾1""}]",7395743767732748303
086,olowohachi,2024-07-31 20:08:36,"[{""id"": ""ou_02233544beda21e73fb575b05d8297db"", ""name"": ""柴府老爷""}]","[{""id"": ""ou_02233544beda21e73fb575b05d8297db"", ""name"": ""柴府老爷""}]",wget25789
087,Nice_PM,2024-07-31 20:08:39,"[{""id"": ""ou_320f829cf3b876f0c0832d73d4f74c44"", ""name"": ""张梦飞""}]","[{""id"": ""ou_320f829cf3b876f0c0832d73d4f74c44"", ""name"": ""张梦飞""}]",houqin112
088,lucifeir1004lxh,2024-07-31 20:08:44,"[{""id"": ""ou_7d6f845392e3a9dbb32121815b5afc6f"", ""name"": ""梁晓晗""}]","[{""id"": ""ou_7d6f845392e3a9dbb32121815b5afc6f"", ""name"": ""梁晓晗""}]",peruggia1395
089,xRedPlusx,2024-07-31 20:09:15,"[{""id"": ""ou_fb24894ea6698c22f093b23d3fab8705"", ""name"": ""王鸿嘉""}]","[{""id"": ""ou_fb24894ea6698c22f093b23d3fab8705"", ""name"": ""王鸿嘉""}]",WHJ_withyou
090,vanish_wu,2024-07-31 20:09:18,"[{""id"": ""ou_e86ab3a219d0b4779b2fe0cbb4454d8e"", ""name"": ""Brian""}]","[{""id"": ""ou_e86ab3a219d0b4779b2fe0cbb4454d8e"", ""name"": ""Brian""}]",wxid_v487v5hvl3g612
091,clay_tree,2024-07-31 20:09:50,"[{""id"": ""ou_a744ee175d7fda2a68965505e2e016c8"", ""name"": ""飞书用户8109ZE""}]","[{""id"": ""ou_a744ee175d7fda2a68965505e2e016c8"", ""name"": ""飞书用户8109ZE""}]",_beiyangyang
092,qiuzengxian,2024-07-31 20:10:38,"[{""id"": ""ou_46b0ad10b69fcc5b017bc75d5bf235e4"", ""name"": ""axian""}]","[{""id"": ""ou_46b0ad10b69fcc5b017bc75d5bf235e4"", ""name"": ""axian""}]",simonzengxian
093,yinjia2021,2024-07-31 20:10:45,"[{""id"": ""ou_03043a156b12eb428abad9812e8ae93f"", ""name"": ""银明华""}]","[{""id"": ""ou_03043a156b12eb428abad9812e8ae93f"", ""name"": ""银明华""}]",xiaomiyaozaoche
094,mutou1314-,2024-07-31 20:10:46,"[{""id"": ""ou_0ff4803202b32a04635c00b0af4220b9"", ""name"": ""吴林林""}]","[{""id"": ""ou_0ff4803202b32a04635c00b0af4220b9"", ""name"": ""吴林林""}]",Baibian_Bot
095,snownix88,2024-07-31 20:11:22,"[{""id"": ""ou_a4c329c3c790671a311c3da49d8accfa"", ""name"": ""snownix88""}]","[{""id"": ""ou_a4c329c3c790671a311c3da49d8accfa"", ""name"": ""snownix88""}]",1567
096,Lxl-029,2024-07-31 20:11:36,"[{""id"": ""ou_ca0997ea0679f093d200941390149dbe"", ""name"": ""lxl-李晓林""}]","[{""id"": ""ou_ca0997ea0679f093d200941390149dbe"", ""name"": ""lxl-李晓林""}]",yunqiuxin-AI
097,LinJiaYu199805,2024-07-31 20:11:49,"[{""id"": ""ou_5ff2e7d32434de1446f1b9da3c90622b"", ""name"": ""grace""}]","[{""id"": ""ou_5ff2e7d32434de1446f1b9da3c90622b"", ""name"": ""grace""}]",Gracelaa
098,bingbing_math5,2024-07-31 20:11:58,"[{""id"": ""ou_c6abcb8d1bee98ca93d45495040717ae"", ""name"": ""杨兵""}]","[{""id"": ""ou_c6abcb8d1bee98ca93d45495040717ae"", ""name"": ""杨兵""}]",Bbing2025
099,Wider008,2024-07-31 20:14:04,"[{""id"": ""ou_69034f3286011a212f5d34665d50104e"", ""name"": ""LZQ""}]","[{""id"": ""ou_69034f3286011a212f5d34665d50104e"", ""name"": ""LZQ""}]",wider0008
100,zero215858,2024-07-31 20:15:55,"[{""id"": ""ou_bdec361d475b188b574cde7cea87b054"", ""name"": ""甘展诚""}]","[{""id"": ""ou_bdec361d475b188b574cde7cea87b054"", ""name"": ""甘展诚""}]",wx13202536553
101,km763595935,2024-07-31 20:16:39,"[{""id"": ""ou_13b6e40734f0323d75e7651db0911dfa"", ""name"": ""Meiko""}]","[{""id"": ""ou_13b6e40734f0323d75e7651db0911dfa"", ""name"": ""Meiko""}]",qqqakaqqq
102,wxid_t3eo560e94fn22,2024-07-31 20:16:44,"[{""id"": ""ou_a32e4774ef4522b2b4b202cf758a8716"", ""name"": ""余钊""}]","[{""id"": ""ou_a32e4774ef4522b2b4b202cf758a8716"", ""name"": ""余钊""}]",wxid_t3eo560e94fn22
103,zp877315342,2024-07-31 20:17:01,"[{""id"": ""ou_e85787feed8ae2bbdbc70d85ad82dee9"", ""name"": ""郑鹏""}]","[{""id"": ""ou_e85787feed8ae2bbdbc70d85ad82dee9"", ""name"": ""郑鹏""}]",z15306641889
104,zyq940401,2024-07-31 20:17:06,"[{""id"": ""ou_87658983f296ebcf0ed80287dc02101c"", ""name"": ""张雅淇""}]","[{""id"": ""ou_87658983f296ebcf0ed80287dc02101c"", ""name"": ""张雅淇""}]",e__0_0__e
105,AIGC牛马,2024-07-31 20:17:46,"[{""id"": ""ou_d74c982902919615451586319a0478c2"", ""name"": ""陈宇""}]","[{""id"": ""ou_d74c982902919615451586319a0478c2"", ""name"": ""陈宇""}]",215
106,LonelyPatient_220422,2024-07-31 20:17:59,"[{""id"": ""ou_d71a9fba0ef1662b0c4644731570530f"", ""name"": ""洛水""}]","[{""id"": ""ou_d71a9fba0ef1662b0c4644731570530f"", ""name"": ""洛水""}]",GPTBotChat
107,GaperCrazy,2024-07-31 20:20:07,"[{""id"": ""ou_d80956b9c55cf0e4384d98449b75e2d9"", ""name"": ""G.E.B""}]","[{""id"": ""ou_d80956b9c55cf0e4384d98449b75e2d9"", ""name"": ""G.E.B""}]",GowithGEB
108,良伞,2024-07-31 20:20:24,"[{""id"": ""ou_e77faf1fa2ec56d8c70179d7d5d66c7f"", ""name"": ""朱越瀚""}]","[{""id"": ""ou_e77faf1fa2ec56d8c70179d7d5d66c7f"", ""name"": ""朱越瀚""}]",三思
109,mizhiyong,2024-07-31 20:20:25,"[{""id"": ""ou_9c15aec3dae8e83207cf3ccbd362259d"", ""name"": ""mi_zy""}]","[{""id"": ""ou_9c15aec3dae8e83207cf3ccbd362259d"", ""name"": ""mi_zy""}]",wxid_fzstp72g0bpg22
110,Huangtaozi188,2024-07-31 20:20:44,"[{""id"": ""ou_dd4532b4cef3024a4230d64d96c1952f"", ""name"": ""晚风微凉 ""}]","[{""id"": ""ou_dd4532b4cef3024a4230d64d96c1952f"", ""name"": ""晚风微凉 ""}]",Xiaoyaowuta
111,spearcliff-pegasus,2024-07-31 20:21:03,"[{""id"": ""ou_741389ccecd9a9da7e6ab59f71e4898b"", ""name"": ""金苗""}]","[{""id"": ""ou_741389ccecd9a9da7e6ab59f71e4898b"", ""name"": ""金苗""}]",wxid_b6o0u60okayu22
112,摸摸,2024-07-31 20:21:30,"[{""id"": ""ou_5c6b067bc2d72a6ee54b60b0ebf96638"", ""name"": ""摸摸""}]","[{""id"": ""ou_5c6b067bc2d72a6ee54b60b0ebf96638"", ""name"": ""摸摸""}]",070
113,pi314159265358975,2024-07-31 20:21:40,"[{""id"": ""ou_8ad7ef1ab5b18b2a641f109bfcb07a65"", ""name"": ""稳得""}]","[{""id"": ""ou_8ad7ef1ab5b18b2a641f109bfcb07a65"", ""name"": ""稳得""}]",pii314159265358979
114,W390182638,2024-07-31 20:22:00,"[{""id"": ""ou_a7ab278cf50945e8a9b4369e05ce180e"", ""name"": ""王祥宇""}]","[{""id"": ""ou_a7ab278cf50945e8a9b4369e05ce180e"", ""name"": ""王祥宇""}]",wangxy1559
115,LoveForeverT_T,2024-07-31 20:22:35,"[{""id"": ""ou_9994b054226a0d42cafca121f05a0db0"", ""name"": ""叶玲彬""}]","[{""id"": ""ou_9994b054226a0d42cafca121f05a0db0"", ""name"": ""叶玲彬""}]",wxid_pck7ajq4byml22
116,Jimmyli1453,2024-07-31 20:22:49,"[{""id"": ""ou_936b6c29c01d8c7e6cb9302fbddf3b84"", ""name"": ""李黎""}]","[{""id"": ""ou_936b6c29c01d8c7e6cb9302fbddf3b84"", ""name"": ""李黎""}]",jimmyli_1982
117,spearcliff-pegasus,2024-07-31 20:23:50,"[{""id"": ""ou_35f2af6a123bbd243ce7559ecc4e5d2e"", ""name"": ""金苗天滋""}]","[{""id"": ""ou_35f2af6a123bbd243ce7559ecc4e5d2e"", ""name"": ""金苗天滋""}]",wxid_b6o0u60okayu22
118,wxid_btucknd94oml11,2024-07-31 20:24:11,"[{""id"": ""ou_c53a692ba22ff322b27429887b1829b7"", ""name"": ""唐闯进""}]","[{""id"": ""ou_c53a692ba22ff322b27429887b1829b7"", ""name"": ""唐闯进""}]",wxid_cuf08msko45a22
119,welison_2005,2024-07-31 20:24:33,"[{""id"": ""ou_d66b5b214c0d81ffb47abe3243fae0dc"", ""name"": ""陈炳恩""}]","[{""id"": ""ou_d66b5b214c0d81ffb47abe3243fae0dc"", ""name"": ""陈炳恩""}]",Ccccccccccinggggg
120,R329348421,2024-07-31 20:24:38,"[{""id"": ""ou_0c62779a1b9e901e450af00e61c7c764"", ""name"": ""飞书用户0538OU""}]","[{""id"": ""ou_0c62779a1b9e901e450af00e61c7c764"", ""name"": ""飞书用户0538OU""}]",wxid_ccyby4w2yut722
121,dashunking,2024-07-31 20:24:39,"[{""id"": ""ou_98887b9181aeb5cc408e5e1311b455ac"", ""name"": ""沐星""}]","[{""id"": ""ou_98887b9181aeb5cc408e5e1311b455ac"", ""name"": ""沐星""}]",E_starry
122,kfcvw798,2024-07-31 20:25:17,"[{""id"": ""ou_15a4bba8a13d85de1e3362a8b8f8669c"", ""name"": ""mgrsc""}]","[{""id"": ""ou_15a4bba8a13d85de1e3362a8b8f8669c"", ""name"": ""mgrsc""}]",Ealder
123,bitfennec,2024-07-31 20:27:54,"[{""id"": ""ou_da51504728469e1ec01951dd59f91bce"", ""name"": ""blazeNathaniel""}]","[{""id"": ""ou_da51504728469e1ec01951dd59f91bce"", ""name"": ""blazeNathaniel""}]",Error_502--
124,Enterprise1127,2024-07-31 20:28:01,"[{""id"": ""ou_10eb4c145bc5cb89a9e6dd60735d3994"", ""name"": ""魅夜星尘""}]","[{""id"": ""ou_10eb4c145bc5cb89a9e6dd60735d3994"", ""name"": ""魅夜星尘""}]",wxid_8rzpx8dev2ci22
125,jinjindog007,2024-07-31 20:30:01,"[{""id"": ""ou_54c1d309ecc565b16d0fb91b88d08fae"", ""name"": ""jinzhongwei""}]","[{""id"": ""ou_54c1d309ecc565b16d0fb91b88d08fae"", ""name"": ""jinzhongwei""}]",wxid_0ywqo6wjob9722
126,aixzybz1314,2024-07-31 20:30:01,"[{""id"": ""ou_dcf8996a2ce9b72751b40e7ec040e154"", ""name"": ""柳芸琳""}]","[{""id"": ""ou_dcf8996a2ce9b72751b40e7ec040e154"", ""name"": ""柳芸琳""}]",ai_cpjl00
127,18903057158,2024-07-31 20:30:08,"[{""id"": ""ou_d532bae74d4f26c7108f76cb7541922b"", ""name"": ""汪凯""}]","[{""id"": ""ou_d532bae74d4f26c7108f76cb7541922b"", ""name"": ""汪凯""}]",13602780356
128,yao71106483,2024-07-31 20:33:20,"[{""id"": ""ou_ab3d44fafc83f2b9527ccfc51984076a"", ""name"": ""卢鑫洋""}]","[{""id"": ""ou_ab3d44fafc83f2b9527ccfc51984076a"", ""name"": ""卢鑫洋""}]",chen-08130813
129,ID20242024,2024-07-31 20:38:22,"[{""id"": ""ou_3a846aeb0154fe464413270a04cd6c25"", ""name"": ""Ai特离谱""}]","[{""id"": ""ou_3a846aeb0154fe464413270a04cd6c25"", ""name"": ""Ai特离谱""}]",kqhao2017
130,rongrong3938,2024-07-31 20:39:37,"[{""id"": ""ou_68507fdaac93a4fbb3e2dff67df0ddf5"", ""name"": ""总裁""}]","[{""id"": ""ou_68507fdaac93a4fbb3e2dff67df0ddf5"", ""name"": ""总裁""}]",cxiaoxin321
131,pre-aimj,2024-07-31 20:42:56,"[{""id"": ""ou_f3c9d05540f96e3f9f51cee30068431e"", ""name"": ""艾木肉拉""}]","[{""id"": ""ou_f3c9d05540f96e3f9f51cee30068431e"", ""name"": ""艾木肉拉""}]",eric_service
132,AGI-AIGC,2024-07-31 20:43:06,"[{""id"": ""ou_371ac87ef5fbad67d5acb6fc050905fc"", ""name"": ""赵浩然""}]","[{""id"": ""ou_371ac87ef5fbad67d5acb6fc050905fc"", ""name"": ""赵浩然""}]",Orignerve
133,jack19998848,2024-07-31 20:43:49,"[{""id"": ""ou_4636e7471ff67719a35a0a69a9b49075"", ""name"": ""滕臻""}]","[{""id"": ""ou_4636e7471ff67719a35a0a69a9b49075"", ""name"": ""滕臻""}]",wxid_v8ghmnirtdnb22
134,_liuhaidong,2024-07-31 20:45:52,"[{""id"": ""ou_72049dc346785aa2f18e8efafc36220a"", ""name"": ""柳""}]","[{""id"": ""ou_72049dc346785aa2f18e8efafc36220a"", ""name"": ""柳""}]",robot_olo
135,im-bear,2024-07-31 20:48:03,"[{""id"": ""ou_32affad9e3075e5d0c510f66b968f31c"", ""name"": ""jason""}]","[{""id"": ""ou_32affad9e3075e5d0c510f66b968f31c"", ""name"": ""jason""}]",zhima_is_me
136,rret207,2024-07-31 20:50:36,"[{""id"": ""ou_d695943abe55db37250175c5e9b06f33"", ""name"": ""洋皮""}]","[{""id"": ""ou_d695943abe55db37250175c5e9b06f33"", ""name"": ""洋皮""}]",cjlh2024
137,wupeng707,2024-07-31 20:57:46,"[{""id"": ""ou_f4a7e5ca1673297b65ba7740b4a9738c"", ""name"": ""吴鹏""}]","[{""id"": ""ou_f4a7e5ca1673297b65ba7740b4a9738c"", ""name"": ""吴鹏""}]",wupengzc
138,bobbyaxe_chuck,2024-07-31 20:57:47,"[{""id"": ""ou_57cba8391dfb58264a38610cb5015d3b"", ""name"": ""姚靖钰""}]","[{""id"": ""ou_57cba8391dfb58264a38610cb5015d3b"", ""name"": ""姚靖钰""}]",win2winaxe
139,sunyiyi0116,2024-07-31 21:00:46,"[{""id"": ""ou_22732251b0db9b211dc457201989af3a"", ""name"": ""小金子依依""}]","[{""id"": ""ou_22732251b0db9b211dc457201989af3a"", ""name"": ""小金子依依""}]",sshbzyiyi
140,郑个小目标,2024-07-31 21:02:26,"[{""id"": ""ou_3e541e72b175cee2d42c43f7a1a61a8f"", ""name"": ""郑仲飙""}]","[{""id"": ""ou_3e541e72b175cee2d42c43f7a1a61a8f"", ""name"": ""郑仲飙""}]",055
141,k178585,2024-07-31 21:03:53,"[{""id"": ""ou_c94f04cf742d6426b7f3714e53184883"", ""name"": ""张雪立""}]","[{""id"": ""ou_c94f04cf742d6426b7f3714e53184883"", ""name"": ""张雪立""}]",wx1386719
142,wxid_shenjie,2024-07-31 21:04:17,"[{""id"": ""ou_a4db96eb118cd38e4d74c3c446e3c7c1"", ""name"": ""熊猫""}]","[{""id"": ""ou_a4db96eb118cd38e4d74c3c446e3c7c1"", ""name"": ""熊猫""}]",CYGG_818212
143,k178585,2024-07-31 21:05:22,"[{""id"": ""ou_c8b3894ee6664338e805ba7f41f1cf4d"", ""name"": ""张雪立""}]","[{""id"": ""ou_c8b3894ee6664338e805ba7f41f1cf4d"", ""name"": ""张雪立""}]",wx1386719
144,fcomma,2024-07-31 21:14:39,"[{""id"": ""ou_6bec559b0b7e92791658dc58a1a34cab"", ""name"": ""皮德贝""}]","[{""id"": ""ou_6bec559b0b7e92791658dc58a1a34cab"", ""name"": ""皮德贝""}]",pipi_peter_bay
145,wbw2000,2024-07-31 21:14:51,"[{""id"": ""ou_fc4947b5d94d17e34716014523080881"", ""name"": ""王博闻""}]","[{""id"": ""ou_fc4947b5d94d17e34716014523080881"", ""name"": ""王博闻""}]",Andy
146,Kongfan12306,2024-07-31 21:22:52,"[{""id"": ""ou_ea796b32d6c2c5021cec5dca1951613e"", ""name"": ""孔凡深""}]","[{""id"": ""ou_ea796b32d6c2c5021cec5dca1951613e"", ""name"": ""孔凡深""}]",huafaren
147,Hillier1023,2024-07-31 21:24:16,"[{""id"": ""ou_d08b04308bcedff805273eb80c3b1b27"", ""name"": ""沈银河""}]","[{""id"": ""ou_d08b04308bcedff805273eb80c3b1b27"", ""name"": ""沈银河""}]",beppoGalaxy
148,Gracen.陈,2024-07-31 21:26:36,"[{""id"": ""ou_680e89fb9dd8c38df09e4b4762a0c03c"", ""name"": ""平泽唯天下第一""}]","[{""id"": ""ou_680e89fb9dd8c38df09e4b4762a0c03c"", ""name"": ""平泽唯天下第一""}]",yui
149,Y9959999599,2024-07-31 21:35:24,"[{""id"": ""ou_327b992a1d88e6ca06dae1d9feec8b69"", ""name"": ""魏源""}]","[{""id"": ""ou_327b992a1d88e6ca06dae1d9feec8b69"", ""name"": ""魏源""}]",w17759220942
150,YiChengGo,2024-07-31 21:53:09,"[{""id"": ""ou_84c48f1c247617e21287e3177ac70fdd"", ""name"": ""李天皓""}]","[{""id"": ""ou_84c48f1c247617e21287e3177ac70fdd"", ""name"": ""李天皓""}]",wxid_26yq7l0sax0w12
151,Tracy870540867,2024-07-31 22:05:27,"[{""id"": ""ou_aefbc682a10eb24762e1c30ca792fae9"", ""name"": ""Tracy""}]","[{""id"": ""ou_aefbc682a10eb24762e1c30ca792fae9"", ""name"": ""Tracy""}]",wang794891037
152,LeslixHan,2024-07-31 22:08:05,"[{""id"": ""ou_83f99615d66124949b458e5fbb053798"", ""name"": ""Leslie""}]","[{""id"": ""ou_83f99615d66124949b458e5fbb053798"", ""name"": ""Leslie""}]",wxid_9hhl5owtip9k12
153,WH-Bill-88,2024-07-31 22:24:25,"[{""id"": ""ou_9564c4c7e0d6e75a0628f69753d45246"", ""name"": ""祝康""}]","[{""id"": ""ou_9564c4c7e0d6e75a0628f69753d45246"", ""name"": ""祝康""}]",WH-Bill-88
154,kevin_wang_kai,2024-08-01 10:37:59,"[{""id"": ""ou_a6291e0bd70988c4188ad2e7fec4dd62"", ""name"": ""许键""}]","[{""id"": ""ou_a6291e0bd70988c4188ad2e7fec4dd62"", ""name"": ""许键""}]",
