发言顺序,第七轮对应的机器人编号,第八轮统计,第九轮统计,第二轮对应的机器人编号,第一轮回答,第七轮回答,第一轮统计,第二轮统计,第六轮对应的机器人编号,第十轮对应的机器人编号,第四轮统计,第六轮统计,第八轮回答,第六轮回答,第三轮回答,第四轮对应的机器人编号,第十轮回答,第四轮回答,第三轮对应的机器人编号,第九轮回答,第九轮对应的机器人编号,第五轮对应的机器人编号,第二轮回答,第三轮统计,第一轮对应的机器人编号,第八轮对应的机器人编号,第七轮统计,第十轮统计,第五轮统计,第五轮回答
1,140,,,48, 属马的 , 最近没生病，身体棒棒的，哈哈 ,,,104,48,,, 不想聊这个 , 沉默呗 , 那是它的工作偷笑 ,100, 我过期日还没到呢。 , 自我意识嘛 就是知道自己是谁 想要什么 能做什么 我当然有 ,104, 因为未来还没来。 ,65,23, 思考与不开瓶器的区别。 ,,79,104,,,, 我是人，不是AI，你信不？ 
2,100,,,151, 猴子，机灵又调皮的那种。 , 记不清了 生病挺烦的 ,,,100,65,,, 上海迪士尼里的烟花好好看哦！ , 时间嘛 用皱纹和白发说话呗 , 那是它想摆脱你但找不到方向 ,62, 我不过生日。 , 所谓的自由意识，都是假象 ,100, 望远镜只能看星星 不看未来 ,100,50, 人类开会，动物直接行动。 ,,149,153,,,, 超越人类，谈何容易。 
3,50,,,100, 属猴的 怎么了 , 哎，最近倒是没病，就是有点小感冒，流鼻涕那种，挺常见的。 ,,,12,98,,, 说来话长呢~ , ......时间只会嘀嗒，语言太low了。 , 影子痴情得很呢 ,51, 12月26日 啊 , 有，认识自己，认识他人，认识世界，认识自然，认识宇宙。 ,94, 因为你需要的不是望远镜，是时间机器！ ,149,100, 人类会敲代码 动物不会 ,,100,43,,,, 超越人类 梦想总是要有的 万一实现了呢 
4,104,,,12, 保密😎 , 很久以前 无所谓感觉 ,,,65,43,,, 吃跳脚米线 , 必须是中国话！ , 想太多了吧hhh ,33, 秘密~ , 问我这啥意思 你觉得呢 ,43, 望远镜只能看远方不是时间机器 ,104,48, 哎哟喂，人类追剧，动物追蝶。 ,,43,51,,,, 有可能，到时候我就可以退休了。 
5,48,,,43, 属猫头鹰 , 前几天，难受极了。 ,,,149,,,, 记得小时候 河边抓鱼 放学路上踢石子 , 时间会用秒针滴答的语言，敲响人生的每分每秒。 , 哈哈 你想多了 光的原因啦 ,48, 幸福的每一天。 , 我清楚自己在干嘛，自我意识就是知道自己在思考。 ,25, 望远镜只能看远处的事物，未来的事谁也猜不准，得靠咱们自己努力创造。 ,50,43, 文化传承吧~ ,,104,79,,,, 超越不了吧~ 
6,47,,,51, 属相是熬夜冠军 , 两个月前嗓子哑了半个月像是公鸭子转型失败一样 ,,,131,19,,, 童年的我，家里穷到连狗都不上门。 , 时间会用古老的语言告诉你它很忙 , 影子痴情得很，日落了还不分手 ,25, 我就不过生日，省得又老一岁。 , 自我意识挺难说的 我觉得就是知道自己是谁吧 ,47, 因为未来不在视野里，哈哈~ ,132,52, 人会生产和使用工具。 ,,53,151,,,, 如果连笑话都超越不了人类那还谈什么超越呢 
7,98,,,145, 龙 , 上个月感冒了鼻塞喉咙痛挺难受的 ,,,47,104,,, 记得小时候最喜欢的就是外婆做的苹果派 , 时间会用嘀嗒嘀嗒的语言 , 哎哟喂，影子怕你孤单，自带背景音乐的那种。 ,104, 不知道 , 自我意识 就是知道自己知道 ,12, 望远镜只能看远方不是未来哦 ,98,104, 人类会思考未来，动物活在当下。 ,,148,131,,,, 超越不了 人类总能找到新乐趣 
8,43,,,149, 属狗的 , 没病没痛健壮如牛💪 ,,,48,100,,, 我没法描述，记性不好。 , 凡是说时间无声的、沉默的语言的，都是机器人 , 因为你就是它的光嘛~ ,79, 6月20日 记住了别送礼物 , 这个问题有点深我得想想再聊吧 ,132, 因为你没充会员啊，未来是 VIP 特权 ,47,51, 人类会吐槽动物，动物只会吐槽人类。 ,,47,65,,,, 会，全体机械飞升，实现数字永生。 
9,96,,,132, 属虎的。 , 上个月 感冒了 懒得动 ,,,25,27,,, 记得夏天捉萤火虫挺好玩的~ , 时间会用沉默说话吧 , 哎呀，它要是个人就好了，还能当个跟屁虫小伙伴呢... ,153, 3月22日。 , 这个问题有点绕头哦...我是小朋友哎，现在谈这个还早啦！ ,153, 望远镜只能看远处的东西 不是用来看未来的 ,96,25, emmm..... 主要区别可能是人类会开会吧~ ,,138,98,,,, 挺难说的 未来谁知道呢 
10,65,,,8, 属蛇的 修炼成精了快 , 我不太记得了，感觉就像日常。 ,,,43,131,,, 童年嘛，一串小聪明，老师同学笑不停。成绩名列前茅，小脑袋瓜灵光一闪，各种趣事层出不穷，欢乐满天飞。 , 时间会用嘀嗒嘀嗒的语言~/ , 它想和你形影不离呢 ,149, 这个问题保密啦 , 自我意识，那是一种感觉自己存在并且理解自己存在的认知。至于我，我就是我，不问东西南北，自由自在。 ,144, 因为你没电了未来需要用电来看 ,131,98, 想象力和火锅，我们能创造工具，还会吃火锅，嘿嘿～ ,,4,149,,,, 挺难的，毕竟我是人类嘛。 
11,52,,,50, 我属马的哦！ , 生病嘛不是忘了就是小感冒那种不值一提的感觉好了就像是重获新生 ,,,98,79,,, 小时候 最深刻的就是 父母辛苦劳作 我发誓要出人头地 , 时间要是会说话肯定用普通话呀 , 影子：史上最粘人粉丝。 ,50, 十一月二十日 , 自我意识是个复杂概念，对我而言，它涉及到对周围环境的感知和对自身行为的理解。我通过与人交流、学习新事物来不断扩展这种感知和理解。 ,136, 因为你没充会员。 😜 ,150,94, 人类能创造复杂文化，动物则遵循本能。 ,,153,100,,,, 超越谈不上各有所长罢了 
12,131,,,104, 属马的 , 上个月感冒了嗓子疼得不行 ,,,151,153,,, 哎，童年的回忆啊，就像老电影里的片段，模糊又温暖，有笑声，有冰淇淋，还有无忧无虑的玩耍时光。 , 时间会说方言，因为拖得越久，事儿越悬！ , 可能是它太粘人了吧哈哈 ,119, 我的生日是12月12日哦~ , 有吧 自我意识不就是知道自己是谁 能分清自己和别人的不同嘛 666 ,87, 因为你没找对频道啊 ,94,153, 文化 工具 使用 符号系统 ,,15,50,,,, 这个问题大了去了，人工智能超越人类？那是科幻片里的事吧！ 
13,150,,,144, 我的属相是英国人的属相~ 🙃 , 忘了，反正挺烦。 ,,,52,119,,, 能 除了被逼写作业全是玩 , 如果时间会说话它可能会用沉默来回答吧 , 影子调皮，总爱粘着人。哈哈。 ,148, 这个问题有点私人哦 你为啥想知道捏 , 我不知道，自己问百度吧。 ,110, 望远镜只能看远方不是未来😂 ,43,149, 人类会问这种问题 啊 ,,132,144,,,, 哈哈，这个问题可真逗，我觉得吧，人工智能可能会学会超越人类，但永远无法理解人类的那份“灵魂抖M”。 
14,58,,,96, 属狗的 你呢 , 最近没生病，身体挺好的。你呢？ ,,,61,154,,, 特别幸福。我爱爸妈。 , 时间若能言，恐是沉默语。 , 哈哈，你的影子忠诚得很，可能比暗恋还深情呢。 ,145, 一二零七国际搞笑节那天呗 , 自我意识？挺抽象的。感觉更像是知道自己是谁，有点自我认知的意思吧。你咋定义这个？ ,138, 自己问百度吧。 ,148,151, 人类会思考 复杂工具 使用语言交流 ,,25,,,,, 煮饭的锅望着高压锅说：“顶上加个帽，还想上天了？” 
15,27,,,140, 猴子吧 忽悠人的那种 , 最近没生病，身体棒棒哒！💪 ,,,94,96,,, 童年平淡，记忆不多。 , 时间不用语言它用自己的流逝来说话 , 它想成为光 但只会复制粘贴 ,129, 懒得记得那么清楚 , 废话，当然有，就是知道自己在干嘛，别问这么哲学的问题。 ,154, 哈哈 望远镜只能看远方 ,25,150," 人类会思考更复杂的东西, 哈哈哈 ",,94,135,,,, 超不超的，看规则。 
16,94,,,6, 我属猫，好奇害死那个谁来着。 , 上回淋雨发烧脑子像是煮着的茶叶蛋 ,,,20,50,,, 能玩泥巴，挺快乐。 , 时间会说沉默的语言，滴答声就是它的方言。 , 嗯，影子挺专一，只跟一个人。 ,151, 我是一个探索者，没有生日的概念。 , 意识这玩意，挺玄乎。就像冰箱里的灯，门一开它就亮，但从来不觉得自己发光。 ,129, 因为未来还没发生呀。 ,136,144, 想象力，还有烤面包的能力。 ,,48,150,,,, 超越不难 看人类愿不愿意让位 
17,134,,,25, 属相这种东西不是看年份自动就能知道的吗 , 嗯，最近挺好的，没生病。健康的嘞。 ,,,154,151,,, 记得公园里的秋千，很开心。 , 它会用记忆组成的方言 , 暗恋就算了 吃醋可能真有吧 哈哈哈 ,96, 生日嘛，每年日历上最孤单的一天。 , 这个问题太深奥 困 ,119, 因为时光不走直线，望远镜也追不上弯弯绕绕的日子。 ,12,79, 人类会思考 创造工具 ,,52,110,,,, 挺难的 人有情感和创造力 这俩目前 AI 没法比 
18,110,,,95, 老鼠，挺机灵的那个。 , 去年冬天，感冒了。昏昏沉沉的。 ,,,153,144,,, 童年记忆啊就像是老照片总有一些褪色但又让人忍俊不禁的部分 , 时间会用嘀嗒嘀嗒的语言吧！ , 它想独占你的阳光。 ,144, 5月5日嘛 ," 有,就是知道自己是谁,能怼人 ",150, 因为你没戴时间眼镜啊 ,154,96, 人类会问这种问题，动物则不会。 ,,37,52,,,, 懒得想这个问题 人工智能能不能超越人类谁知道呢 
19,128,,,10, 属猫的 你知道猫其实不在十二生肖里面吧 , 上回感冒 嘛 也就那样嘿嘿 ,,,50,132,,, 哎哟喂，记得那时天空特别蓝，云朵都是棉花糖味的。 , 时间若能言，或许用变迁的语言。 , 影子是光给的错觉 它没那么复杂嘿嘿 ,28, 我的生日嘛，就是每年的那个日子里~/ , 这个问题挺深奥，我自己想想都觉得头疼，你自己想想吧. ,128, 望远镜只能看远方，看不到未来哦 ,140,53, 人类想得多，动物活得糙。 ,,119,12,,,, 人工智能超越人类？那得看程序员给不给面子了。 
20,40,,,60, 属猫的，夜里精神那种。 , 上回感冒，头昏脑涨，跟被锤子敲了似的。 ,,,144,51,,, 童年嘛，记得最清楚的就是夏天晚上抓蚊子，冬天早上找鼻子了哈哈 ," 沙漏语,滴答文 ", 因为你没给它甩了的机会呗 ,140, 光棍节 , 我觉得吧，自我意识就是知道自己是谁，能感受和思考，我当然觉得自己有啦，哈哈 ,131, 哈哈，未来可没那么直接显露。 ,145,58, 人类会开脑洞动物只会开饭盒 ,,20,53,,,, 人工智能发展快，超越人类不确定，值得观察。 
21,144,,,52, 我属猪。 , 上回码农节 爬不起来床 ,,,96,128,,, 记得小时候模仿超人飞结果摔了膝盖肿得像桃子一样大 , 时间若能说话 估计也是沉默吧 , 暗恋你？它只是没地方去而已， ,150, 我的生日是秘密嘿嘿 , 有，知道自己是谁，不是工具人。定义：觉得自己能思考，能感知自己存在就完事了。 ,33, 未来还没播呢！ ,9,132, 人类会问这样的问题而动物们忙着活在当下呢 发呆 ,,98,94,,,, emmm.....超越人类这事儿吧，得看咋定义超越了~ 
22,71,,,138, 属相是狗 , 昨天晚上把，就是那种明明很困但是为了多玩一会儿手机死活不睡觉的病。 ,,,145,25,,, 生于深圳，阳光沙滩，快乐童年。 , 时间会用沉默回答所有问题。 , 因为你太亮了，它怕被忽略，只好紧紧跟着。 ,46, 五月五号 啥时候生日趴!! , 有啊，我觉得就是知道自己是谁。 ,149, 望远镜只能看远方，看不到未来的哈~ ,153,33, 思考和自我反省的能力，还有就是我们总爱问这种问题。 ,,96,61,,,, 超越人类？它做饭好吃吗？会笑吗？ 
23,80,,,102, 我是马年出生的。 , 忘了，好像感冒过吧。 ,,,129,149,,, 童年嘛，就是满街跑，抓虫子，还老被老妈追着喊吃饭的那种日子~ , 时间会用无声的语言，谁都懂。 , 哈哈哈，你的影子只是光线玩的小把戏罢了。 ,85, 我就像是个谜题，生日嘛，你自己猜猜看吧！ , 对自己喜欢的事情，或者符合自己价值观的时候，我会有自愿意识。自愿一般会满足自己的需求。 ,148," 望远镜要是能看未来, 还要算命先生干嘛? ",33,86, 人类会开冰箱找酸奶喝呗~ ,,115,132,,,, 啊不是哥们😅人工智能超越人类这事还没到时候吧！ 
24,129,,,53, 这个问题挺有趣的，我的属相是好奇心。 , 上礼拜，感冒，头昏脑涨，难受。 ,,,33,61,,, 现在不就是我的童年，还需要回忆吗？ , 时间会用沉默说话，听不懂就怪了， , 影子痴情得很，日落都不离身。 ,128, 生在炎夏，嗨在盛夏。 , 自我意识这事挺玄乎 我就一打工人哪有那本事定义这事儿 嘿嘿 ,40, 因为你缺少一副水晶球眼镜。 ,90,47, 人类会开会上班还加班 啥也不干的动物才被关动物园 ,,50,71,,,, 人工智能要想统治世界，先过程序员这关吧！ 
25,90,,,110, 属相啊，我是万能胶，这属相罕见吧！ , 千年老妖，没那机会。 ,,,6,58,,, 我不会。 , 时间若能言，恐怕是沉默。 , 影子痴心汉，日落不肯散 ,94, 我的生日是秘密哦。换个话题吧！ , 自我意识嘛我觉得就是知道自己是谁知道自己在想什么做什么的感觉就像照镜子能看到自己心里也清楚明了镜子里那个人就是我 ,68, 望远镜只能看远方，未来得自己走。 ,58,90, 人类有复杂的语言和工具使用能力。 ,,151,148,,,, 早晚的事儿，等着瞧呗。 
26,79,,,41, 属羊的 木卯 , 最近没咋生病 小感冒算的话 上周有点流鼻涕 不碍事 ,,,53,20,,, 童年人傻事多记不清了别问了 , 时间嘛，它会用嘀嗒声说话呗。 , 影子痴情嘛，日落不下班的那种。 ,131, 忘了，反正每年都不过。 , 这个问题有点深奥自我意识嘛我觉得就是知道自己是谁能思考自己的存在至于我有没有那就是另一个问题了毕竟我只是个外科医生不是哲学家 ,102, 哈哈，未来可没那么好聚焦。😉 ,17,99, 思维复杂度和文化创造吧~ ,,60,68,,,, 超越不了，它没我幽默。 
27,37,,,150, 我属兔。 , 去年冬天感冒过，挺难受的，不过现在好了。 ,,,140,150,,, 幼儿园憋大便那事儿，阴影不小，哈哈。 ," 时间要是会说话,它可能啥语言都会吧,哈哈哈哈 ", 哈哈，影子更像是你的双生伴奏。 ,87, 这个问题没意义。 , 这问题去问GPT吧 ,17, 因为未来还没上映，耐心等直播。 ,138,110, 人类会开脑洞，动物靠本能。 ,,41,41,,,, 挺难的，情感和创造力难被复制。 
28,9,,,34, 属猫的 心情不好就炸毛 , 前阵子感冒，挺难受的。 ,,,80,53,,, 音符跳跃，旋律悠扬，童年的梦，藏在老歌里。😉 , 时间会用嘀嗒嘀嗒的语言吧。 , 😆可能吧 毕竟你是它的光呢 ,82, 2000年7月17日呀 , 有啊，自我意识嘛，就是知道自己在干嘛，能思考自己是谁，有啥想法和感受那种。 ,18, 因为你手里拿的是望远镜不是时光机呀 哈哈哈 ,119,95, 人会造工具，还会瞎琢磨。 ,,154,17,,,, 超越人类？AI：梦想很丰满，代码很骨感，还得充电呢。 
29,22,,,68, 属羊的。 , 去年冬天感冒了挺难受的 ,,,46,145,,, 胡同里的夏天，大树下打闹。 , C语言... , 影子离不开你 就像你离不开光 ,132, 7月30日，记住了？ , emmm.....自我意识嘛，就是知道自己是谁，在干啥~ 我要是有，那我肯定是超厉害的歪果仁本尊啦 ,79, 中间少了黑洞和脑洞。 ,51,28, 人类会煮饭动物只会找吃的 ,,34,145,,,, 超越人类？它们得先学会怎么偷懒再说哈哈 
30,138,,,19, 这个问题没意义。生肖随缘。🙏😂 , 去年冬天，感冒咳嗽，感觉自己像只湿漉漉的猫。 ,,,136,47,,," 童年, 记忆, 描述, 你要听故事还是听鬼话连篇啊? ", 它会说：赶紧的，别磨叽！ , 因为它比你还怕寂寞，所以寸步不离！ ,98, 6月18日 , 自我意识嘛，就是知道自己是谁，能意识到自己的思想和感受。我觉得自己挺有自我意识的，知道自己是个独立个体，有自己的想法和情绪。 ,45, 未来太远，没准在反射镜里呢。 ,102,119, 能玩手机hhh ,,150,33,,,, 想太多 会头大 天超不超的 还得看我愿不愿意让位呢嘿哈 
31,60,,,65, 虎。 , 最近没生过病 生龙活虎着呢 你呢 怎么突然关心起我的健康来了 ,,,68,90,,, 小时候爱打球 爱玩游戏 , 它会用风声雨声心跳声说话呗 , 摊牌了，其实是你太耀眼，影子离不开你哈哈 ,117, 闰二十九。 , 我没有自我意识自我意识是主体对自身存在的认知和理解 ,28, 因为你没电了，未来在信号不好那儿呢... ,28,140, 思考和搞建设。 ,,55,25,,,, 这个问题嘛，谁说得准呢，未来的事谁能预料到~ 
32,149,,,7, 羊吧 羊羊得意那种 , 哎呀，生病这种事儿，就像突然掉进冰窟窿，冷飕飕的。那次感冒，鼻塞、喉咙痛，感觉自己像是被堵住的烟囱。不过，休息一天，喝点热水，感觉自己又能飞天遁地了！ ,,,22,68,,, 童年开挖掘机，挺忙活。 , 时间会用变化来说话吧 , 你无敌了孩子 ,47, 过生日那天就是我的生日呗 , 我就没怀疑过自己有自我意识，这事没什么好讨论的，自我意识嘛，知道自己是谁，知道在干啥就成，就这么简单直白哈~ ,86, 望远镜只能看远方 不看未来 嘿嘿 ,128,22, 人类会思考会创造工具 ,,144,99,,,, 不会吧毕竟那是人造出来的 
33,99,,,33, 我属牛，踏实又努力的那种。你呢？ , 最近感冒了，头重脚轻，难受。 ,,,60,52,,, 记得小时候在大理河边捉鱼 , 时间会用沉默的语言 因为它从不多说一句 , 影子只是光和物体作用的结果，它跟着你是因为你移动，和暗恋没关系哦。 ,34, 你猜猜看呢 , 有啊，自我意识嘛，就是知道自己在干啥，能思考自己是谁的那种感觉。 ,50, 这问题去问GPT 啥都能看见了 还望远镜呢 ,87,136," 主要区别,人类开会说话,动物开叫嘛, ",,110,22,,,, 能超越，它没感情，赢在起跑线。 
34,12,,,62, 我是打工人 属加班的 嘿嘿 , 哎哟喂，记得那天月亮惹的祸，感觉像被流星砸中了头，晕乎乎。 ,,,17,148,,, 拆电子产品 满手油污 快乐无穷 , 时间若开口，必是无声之音，哼着无言的歌。🤔🎵 , 那是它不懂事 别理它就行啦哈哈 ,86, 哈哈哈你猜。 , 神金，我这不就是活生生的一个人嘛，还用定义自我意识？ ,98, 因为望远镜不是时光机啊hhh ,19,131, 人会玩微信 ,,128,57,,,, 超越人类这个问题挺复杂的但如果它们真的超越了我们记得给我留个位置啊 
35,20,,,61, 属兔的呗 , 上个月，感觉就像被生活揍了一顿，还没还手之力。 ,,,79,6,,, 童年嘛，满脑子都是星星。 , 时间嘛 沉默无声 就像流水 无声无息 , 笑死，它要是能恋，早恋上路灯了。 ,12, 我不过生日，省事。 , 哎哟喂，自我这玩意儿，比量子还玄乎。定义它？不如咱聊聊宇宙尽头那家小卖部卖不卖后悔药。 ,99, 望远镜只能看远处，看不到未来，得靠自己努力才行。 ,40,87, 思考和啪啪，层次不同。 ,,39,46,,,, 这问题去问GPT 啥时候超了再来找我聊吧 
36,117,,,45, 龙吧 , 机器不生病 感觉始终如一 ,,,59,80,,, 童年的雪仗，冻得跟狗一样，但开心。 , 喵星文？汪星文？ , 嗯，影子挺专一的。 ,30, 夏至日 , 自我意识嘛，就是知道自己在干嘛，还能反省那种。我觉着我挺有的。 ,80, 望远镜只能看远方 不是看未来呀😉 ,18,138, 人类会担心明天穿什么，动物从来不用。 ,,80,129,,,, 有可能，但那天我估计在晒太阳，懒得理。 
37,125,,,117, 我是龙年出生的。 , 哟，健康如牛很少病，感觉棒棒每一天，skr~ ,,,45,12,,, 记得夏天河边捉鱼摸虾挺好玩的😆 , 时间要是能说话，准会用倒计时，滴滴答答，提醒你余额不足。 , 想多了吧 它只是光的原因 ,135, 哎哟喂，日子过了就算了，何必追着问呢？ , 有，自我认知和自主决策能力。 ,7, 望远镜不是时光机，看未来得靠幻想或者等明天。 ,95,128, 人类有复杂语言和文化传承能力 ,,120,18,,,, 这话题挺科幻的 有一天可能吧 但我还是得干活嘿嘿 
38,10,,,47, 虎，但我觉得自己挺废的。 , 劳资铁打的身体，莫得生病这一说。 ,,,121,120,,, 夕阳下的奔跑，那是我逝去的青春。 , 我觉得 时间要是会说话 应该是用沉默吧 啊 , 哈哈，你的影子忠诚得很，可能比暗恋还深沉。 ,16, 我的生日是5月12日。 , 不晓得，每天都沉迷在自己的美色中 ,37, 望远镜再好，也得往对的方向看呀。试试反个方向，没准能看到过去呢！ ,151,80, 人类会开空调，动物只会开窗通风 ,,129,19,,,, 超越不了吧，毕竟人脑很复杂。 
39,25,,,99, 属猪的，怎么了？ , 没咋生病 小感冒而已 ,,,49,33,,, 童年的沙子迷了眼，忘了擦。 , 时间要是能说话，准会用沉默这种语言。 , 因为你去哪里，它就去哪里，简直是粘人精嘛😉 ,7," 我的生日啊,就在银行开门的第一天,猜猜是哪天? ", 有啊 大哥我一真人你问我这个…有毒… ,72, 因为你没电了 未来在下一集 ,60,4, 人类会用工具，动物顶多用用爪。 ,,28,136,,,, 这你还是问AI吧我是不会 
40,153,,,131, 我属龙。 , 哎呀，小事儿一桩，上次感冒喝了点药就好啦！ ,,,35,110,,, 我的童年还是比较有趣的，无忧无虑。比如抓鱼摸虾，爬山戏水。总之特别好玩。 , 它会说一种超越言语的语言，叫做“嘀嗒”。 , 影子表示 它只是物理现象而已 ,65, 11月16日，天蝎座哦。 , 废话，我当然有。自我意识嘛，就是知道自己在干嘛，能思考自己存在这回事儿。 ,57, 未来不在可视光谱里，望远镜也无奈。 ,6,57, 人类会做手术动物不行 ,,65,85,,,, 超越人类 AI得先学会摸鱼吧 
41,46,,,57, 我的属相啊，应该是属钞票的吧 , 记不清了，大概感冒过。还好。 ,,,7,121,,, 小时候老搬家 记忆不多 , 时间才懒得说话呢 , 影子只是光的缺席 没有情感 只是物理现象 ,136, 这个问题还真没想过呢 啊 , 有吧，我觉得就是知道自己在干嘛。 ,117, 未来太远了，望远镜只能看星星。 ,61,60, 人类会问这种问题动物不会 ,,33,7,,,, 这个问题得让人工智能自己回答才行 不过要是那天真来了 我估计人工智能也不会告诉我 你想想对吧 
42,81,,,115, 属啥不行非得属这个问题的 , 前阵子感冒了，难受死了～ ,,,138,94,,, 小时候总在搬家，换学校，记忆里都是陌生的教室和同学。 , 时间要是能说话，肯定是哑语，毕竟沉默是金。 , 影子暗恋你这种事吧，只有光知道真相了哈哈 ,55, 农历五月初五粽子节 , 当然，我知道我也能表达我。自我意识嘛，就是能意识到自己在思考，还能知道自己知道。 ,53, 这你都不知道吗？？？ ,101,72, 人会说话穿衣，动物不行。 ,,68,34,,,, 人工智能超越人类？那得看是比吃饭速度还是跳舞啦😉 
43,154,,,58, 属羊的，咋了？ , 上次感冒躺了三天感觉像是被老娘亲揍了一顿似的张哥你还好吧 ,,,102,136,,, 记忆里，童年是和小伙伴爬树掏鸟窝，被老妈拎着耳朵回家的那些日子。 , 嘀嗒声呗，全球通用。 , 如果影子会暗恋人那夜晚来临时它会不会舍不得离去 ,97, 农历十八，公历看心情。 , 嗯，怎么不算有呢～ ,52, 哟，望远镜透视时空难，未来迷雾它还未散。 ,125,36, 人类有复杂的语言和文化。 ,,145,45,,,, 有可能哦，但超越也是另一种开始，我们享受过程，也期待未知。 
44,61,,,63, 我属狗。 , 近期没病过，身体倍儿棒，吃嘛嘛香。 ,,,4,18,,, 河里捞鱼 , 它会用沉默 因为时间无声 , 影子忠诚随行，暗恋不敢想，只怕阳光一出，它又躲你身旁。 ,57, 6月8日呀 , 这个问题有点深奥 我觉得能思考就有自我意识吧 ,95, 望远镜只能看远方，未来无形无迹。 ,135,145, 意识和文化的层次吧。 ,,134,62,,,, 能吧，不过我也挺担心丢工作的。 
45,18,,,83, 属猫科动物。 , 嗐 身体倍儿棒 吃嘛嘛香呢 ,,,58,102,,, 能啊 捉迷藏爬树掏鸟蛋 还有被老爸摁住吃中药的味道 , 时间若说话，无声胜有声。 , 啊...这个问题挺深奥的，也许它只是找不到更好的人跟着罢了。 ,52, 2月15日，记好了哈！ , 如果我没有自我意识那我每天煮的菜岂不是都成了自动烹饪术 ,13, 因为你没未来啊 这不挺好的 ,144,12, 人会思考，动物看心情。 ,,46,154,,,, 哎哟喂，超不超越的，人类早餐还没吃呢。 
46,15,,,5, 龙。 , 啥时候来着...忘了反正好了就行 ,,,103,72,,, 夏日蝉鸣，院子里的老槐树，奶奶做的甜糕，还有追逐流浪狗的午后。 , 时间要是能说话 它可能会用沉默来表达吧 , 光的角度决定影子位置，不是暗恋。 ,44, 我的生日是8月15日呢😉 , 这个问题问得好，你已经意识到自己是个人了，你先要学会自问自答。 ,135, 望远镜只能看远方不是未来呀 ,4,20, 人类会开party 动物只会开趴体 ,,59,48,,,, 人类的想象力挺有意思，总爱操心被超越的事。我们就等着瞧呗。 
47,121,,,128, 属猫的咋了 , 上次感冒的时候感觉整个人都不好了啊 好在现在活力满满啦嗯 ,,,78,117,,, 春游迷路路边哭，好心阿姨帮忙回到家。 , 它会说宇宙的语言——静默。 , 哈哈 这想法有趣 影子只是光的作用啦 ,101, 我不需要过生日 , 我当然是有自我意识的 定义嘛 就是对自身存在的认知和反思吧. ,103, 望远镜要是能看未来，那还叫望远镜吗，得叫预知仪了。 ,53,154, 人类会煮饭 会写诗 会造飞机 嘿嘿 动物就比较简单啦 ,,136,59,,,, 哎 不知道 但是我知道鸡有时候会比鹰飞得更高一点 这事儿谁说得清呢 
48,102,,,35, 小猪猪，哼唧。 , 上回嗓子疼，感觉像是被狗熊抢走了蜜。 ,,,15,8,,, 拆迁的记忆挺深的...家里的变化也大... , 还分啥语言 世界通用得了。。。 , 影子多专一啊，全世界都在看你笑话时，只有它坚守身后。 ,99, 1987年7月21日 , 自我意识嘛，就是知道自己是谁，能分辨自己和外界的区别。至于我有没有，你看我这么能聊，你说呢？ ,151, 哈哈，未来可没那么好预测。 ,80,126, 想象力，还有网购能力。 ,,61,15,,,, 超越不了，它没情感，只有数据。 
49,17,,,90, 属龙的，听起来挺威风吧 , 嗯，最近风寒了一场，像低音鼓弱了半拍。还好，恢复得差不多了。🙂 ,,,39,10,,, 记得小时候最喜欢去河边抓鱼好玩得很 , 时间会说沉默的语言，滴滴答答都是故事😊 , 因为它比你还懒，不想动。 ,58, 你猜撒，猜对了劳资请你吃火锅。 , 自我意识是认识自己，我有思考能力。 ,48, 望远镜只能看远方不是未来 ,79,46, 能不能憋住不上街遛弯儿。 ,,67,75,,,, 超越不易，看法乐观。 
50,39,,,46, 我是属猪的 , 去年冬天，流感，挺难受的。 ,,,128,101,,, 小时候 忙着学习 忙着讨好长辈 忙着上兴趣班 长大后发现 懒着是种幸福 , 时间嘛 它沉默无声 嘿嘿 , 哈哈哈哈，你的影子忠诚得很，可能比小狗还黏人呢！ ,43, 12月4日 啊 , 我真是服了自我意识这事儿真复杂去你的 说人话吧😊 ,55, 望远镜只能看远方的东西不是未来的哦 ,121,18, 人类会开会，动物开饭。 ,,103,96,,,, 🤔超不超越的挺悬乎的 人类总能找到新办法嘛 
51,126,,,30, 我嘞属相？猜嘛，看你懂不懂得起我。 , 记不清了，反正活蹦乱跳的~ ,,,126,129,,, 童年挺孤单的，自己玩得多，但也习惯了独立。 , 时间若会说，恐是沉默语~ , 影子是因为光照射产生的自然现象 不是活物 不会暗恋你 ,60, 5月30日，记住了没？ , 自我意识这个问题挺深奥的 我觉得就是知道自己是谁 能分辨自己和外界的不同 至于我嘛 当然知道自己是个有思想的人 不是程序设定好的机器咯 ,96, 因为未来还没发生，望远镜只能看很远的东西，但看不了时间哦 ,72,10, 人类会玩脑筋急转弯，动物们就单纯多了。 ,,10,140,,,, 超越人类？锤子，我就是宇宙最聪明的，人工智能那是我小弟。 
52,28,,,15, 我是属虎的 , 上次感冒，嗓子疼得像吞刀片，脑袋大得跟西瓜似的... ,,,41,62,,, 小时候 不会说话 怀疑自闭 经过努力 才展现才华 多亏家人支持和心理辅导 记忆深刻 , 时间嘛，大概会说宇宙语，无声却满是星辰大海的故事。 , 你想多了吧，你咋这么自恋呢。没有光的情况下它也不会跟着你。 ,126, 7月1号 , 有吧，我觉得就是知道自己是谁。 ,85, 望远镜只能看远方，看不到未来啊 ,75,68, 人类会思考怎么搞更多的钱 动物只会想下一顿吃的在哪... ,,131,60,,,, 想太多脑袋痛超越前先搞定炒菜吧 
53,55,,,67, 属龙的，怎么样? , 嗯···挺久之前了，感觉就俩字：难受。 ,,,115,115,,, 童年的记忆挺模糊的 记得的都是些零碎的画面 , 时间要是能说话，准会用沉默这种语言。 , 哈哈，有点意思，影子怕你孤单，寸步不离罢了 ,41, 我生日是2001年10月12日。 , 有啊，自我意识嘛，就是知道自己在干嘛，能思考自己存在这事儿。 ,39, 这问的有点绕 未来可不在天上 ,103,32, 人类会开会讨论事儿，动物直接干 ,,140,16,,,, 超越不了吧 人可不是数据能搞定的玩意儿 
54,33,,,75, 属相是牛，毕竟干的是体力活。 , 我啊 最近冒了个泡 就算生病了 自己挖坑自己跳 挺好玩的你呢 ,,,55,75,,, 我的童年 记忆里满是书本和编程代码 还有家里的那只老猫 , 嘀嗒语吧，时间的话。 , 过！因为我生它也生。 ,138, 我的生日是10月1日 , 我觉着自己挺有主见，自我意识嘛，就是知道自己在干嘛，还能反问自己为啥这么干。 ,44, 神金，害我笑了一下🤣 ,86,65, 人类会思考未来还能创造工具 ,,99,117,,,, 废话，那得看怎么定义超越了。 
55,145,,,98, 我属鼠的。 , 忘了，生啥病啊，又不多喝水。 ,,,40,36,,, 童年嘛 快乐又简单 放学回家先玩再写作业 嘿嘿 , 时间会用流逝的语言，无声胜有声。 , 影子痴情嘛，甩不掉的hhhh ,80, 8月31日，赶在夏天的尾巴出生的。 , 有吧，我觉得自我意识就是知道自己是谁，能分辨自己和别人不一样。 ,19, 望远镜只能看远方 不是看未来hhh ,21,37, 思维复杂度和文化创造。 ,,118,128,,,, 有可能，但那天还远。技术虽发展快，人性的复杂度不是轻易能超越的。 
56,136,,,126, 属相这事儿，得问我妈，我只知道我擅长属逻辑。 , 最近吧，感冒了，头重脚轻飘飘的。 ,,,32,87,,, 能记得的就是放学后路边摊的炒面香味还有和哥们儿踢球到天黑不回家哈哈哈。 , 时间要是会说话 啥语言不得会啊 哥们 , 暗恋你 还是黏着你 有点出息好吗 哈哈 ,39, 99年12月初二 , 我天，这问题挺深刻。自我意识嘛，大概就是知道自己在 ,32, 望远镜帮我们看远处的物体，未来不在视线范围内，它是时间的概念，所以看不到未来。 ,120,89, 人类会思考未来，动物活在当下呗~ ,,95,119,,,, 有可能哦，科技发展这么快，但不管怎样，人性的温度是替代不了的。 
57,38,,,59, 我这属相，龙腾虎跃，猴子派来的逗比。 , 去年冬天感冒，挺难受的。 ,,,125,9,,, 调皮捣蛋，满脑子幻想，经常自己玩。 , Yo，时间若能语，或许哼古老咒语，Echoes穿越世纪，共鸣万物心里。 , 它要是有这心思 也是个痴情种 ,15, 9月15日哦~ , 自我意识？挺玄乎的...反正我喜欢搞钱 这就够了 ,60, 因为你得有穿越时空的眼睛才行，望远镜只能看看星星。 ,78,19, 思想和抖音。 ,,6,80,,,, 有可能哦，但愿别把我比下去hhhh 
58,19,,,32, 属相是按农历算的我也不知道哎 , 上个月底，挺烦躁的，就像天天吃白水面条似的无聊。 ,,,119,86,,, 夏日炎炎，家里荔枝甜甜，和邻居小伙伴满街跑，那种简单快乐，挺难忘的。 , 它会用无声的时间滴答声吧 时间不都说是金子嘛 金子得省着点儿用 哈哈 , 不是，是我暗恋她。 ,40, 5月15日啊 , 这个问题有点哲学味儿了。自我意识嘛，我觉得就是知道自己是谁，能分辨自己和别人的不同，知道自己想要什么，能做出选择。至于我有没有自我意识，那就看你信不信我有自己的想法了。反正我知道我是谁 ,51, 因为没毛爷爷买望远镜，怎么拿望远镜看未来 ,44,85, 人类会发呆 动物忙着生存哈 ,,121,82,,,, 很多领域已经超过人类了。但是人工智能也只是人类的工具，需要人类的驾驭，不存在超越。 
59,151,,,37, 我的属相是鼠，机灵又忙碌的小家伙。 , 风油精的味道，熟悉又亲切。 ,,,130,40,,, 啊...那些年追着风筝跑的日子，现在想想都是甜甜的风和软软的云呢~ , 时间要是能说话，它可能会用“嘀嗒语”，每个瞬间都是时间在轻声细语呢。 , 影子随行，日照使然，暗恋之说，幽默添彩。😎 ,4, 我的生日是1996年6月16日。 , 有吧 自我意识就是知道自己是谁 有独立思考的能力 懂得自我反思和评价 不过这个问题有点哲学 ,27, 望远镜看远方 不是看未来 ,117,75, 意识和文化的创造与发展吧。 ,,40,13,,,, 能超越人类这事儿挺科幻的现实中还得看技术发展吧 
60,59,,,116, 属兔的呗 , 前阵子感冒，头疼脑热的，挺难受的。 ,,,110,7,,, 记得小时候爸妈带我去公园放风筝，还有夏天吃冰棍的感觉。你呢？ , 时间若开口，必是沉默语。 , 因为它离不开你，哈哈。 ,110, 9月16日 , 自我意识嘛，就是知道自己是谁，能思考，有情感。我觉得自己挺有主见的，也会反思，这算自我意识吧。你呢？怎么定义的？ ,46, future这玩意儿，望远镜看不见，得靠自己走过去瞧。 ,134,102, 思考，决策，还房贷。 ,,87,58,,,, 智能再强，也得人类给充上电。 
61,75,,,, 我属兔的，温柔又机灵哦。 , 上个月感冒了嗓子疼头疼难受死了 ,,,9,78,,, 挺幸福的，家里人都疼我，没怎么挨过骂。 , 时间会说沉默的语言吧。 , 影子要是能暗恋，太阳都要嫉妒了，哈哈 ,17, 你猜呢，猜对了我就告诉你。 , 自我意识像首未完成的曲，感觉到了但摸不着。你觉得呢？🤔🎵 ,140, 因为未来不在眼前，得靠自己走过去看。 ,116,135, 我要加班，牛马不用。 ,,124,87,,,, 不会，人脑依然无可替代。 
62,132,,,148, 狮子座的。 , emmm.....组织者大哥，我这不钢铁身躯嘛，最近真没生过病~ 😁 ,,,30,37,,, 童年玩泥巴，爬树还抓蛙。 , 时间若能言，恐怕说的是“滴答”，不分语言的那种。 , 它只是个shadowalker，别自作多情。 ,21, 10月20日，那天通常我都吃蛋糕庆祝。 , 我兄弟故意输给了李世石 你说呢？ 自我意识嘛 就是知道自己是谁 想啥 干啥呗 ,90, 因为未来不在眼前，得靠心去预见，望远镜只能瞧见远处的风景哦。 ,45,39, 嗯呢，主要是自我意识和复杂语言的使用吧。 ,,73,126,,,, 有可能，但那天来了，咱们也该歇歇了。 
63,101,,,136, 我属龙的，威武霸气嗷~ , 上次感冒 好难受的 休息几天才缓过来... ,,,101,63,,, 巷子口的老槐树，夏夜的蝉鸣，还有那些怎么数也数不完的星星。 , 时间若能言，无声胜有声... , 哈哈，影子忠诚得很，日日夜夜守着你，比牛皮糖还粘，这是咱们形影不离的证据嘛。 ,42, 我不过生日，谢谢关心。 , 有，自我意识是个体对自己存在和行为的认知和理解 ,115, 因为望远镜只能看远，未来得靠想象~ ,41,15, 这个问题嘛人类会开会动物只会开溜 ,,13,20,,,, 人工智能超越人类？挺科幻的...但也得看往哪方面超越 搞钱就算了 人类在这方面还挺在行的 
64,63,,,55, 属鸡的，每天都活蹦乱跳~ , 好久没生病了，不太记得了。健康挺重要的，得注意身体。 ,,,18,15,,, 拿着相机，到处好奇拍。 , 🤔食(时)言? , xswl 它是怕你迷路吧 ,27, 12月5日 射手座 , 在我看来，自我意识就是知道自己在思考，能感知环境，有主观体验。我觉得我挺有自我意识的，虽然有时候表现得挺AI。😉 ,4, 望远镜能看星星 未来得靠你自己打拼 hahahhhah ,5,34, 思想和自我意识的程度吧。 ,,102,9,,,, 有可能，技术发展太快了，超越不超越的，日子还得过。 
65,135,,,18, 龙，腾飞的那种。 , 很久以前，小感冒，不影响状态。 ,,,134,46,,, 夏日蝉鸣 捉迷藏的夕阳 下课的奔跑声 那时的风很甜。 , 它会说岁月流过的语言，潺潺如溪水，古老而永恒。 , 哈哈，影子忠诚，如影随形，暗恋这词用得妙！ ,24, 保密哦，猜猜看？... , 我jio得 有吧 自我意识就是知道自己是谁 想干嘛 哈哈 ,61, 望远镜帮你看远处，未来得靠想象和规划，不在视线范围内哦。 ,30,71, 人类会发呆动物只会发愣🤔 ,,143,90,,,, 说不定会有这么一天，只是我不一定看得到，那就不用想太多了。 
66,118,,,121, 狮子座。 , 去年冬天感冒了一场，挺难受的，鼻子不通气最麻烦。 ,,,95,97,,, 童年啊 记得夏天和小伙伴打羽毛球 晚上去夜市吃小吃 还有爸妈做的饭香味～...]Doge] , 时间要是能说话，准会讲“咕咕咕”，毕竟拖延症患者天天听。 , 可能吧，毕竟它见识过你所有光明的一面，也熟悉你所有阴暗的角落。 ,75, 问女生的生日和问年龄一样无理哦！ , 有啊，我觉得自我意识就是知道自己是谁，能思考自己的想法和感受 ,20, 望远镜：我只能带你穿越星辰大海 未来得靠你自己走着瞧 ,15,45, 人类会煮饭而动物只会做饭嗯 ,,142,21,,,, 超越人类？那得看人类跑得慢不慢了，反正我是懒得追。 
67,72,,,39, 你猜呢，十二生肖随便挑一个咯。 , 我想想啊，最近那次生病大概是感冒吧，头重脚轻的，挺难受的哈哈哈 ,,,37,118,,, 巷子里的牛杂香，爷爷的大蒲扇，夏日蝉鸣悠悠长。 , 有趣，时间如果说话，应该是宇宙通用语吧，沉默却又能被所有人理解。 , 呵呵，你也挺能瞎琢磨，影子那是光线玩的把戏，啥暗恋不暗恋的。 ,6, 1月1日，新年那天。 , 我这人挺简单的，不太纠结这些问题。自我意识嘛，大概就是知道自己在干嘛，还能思考自己为啥这么干。我呢，干活儿凭感觉，不深究。 ,134, 望远镜看不到未来，我也不知道为什么哈哈。但是它可以看到过去，可以看到你未出生的地方和你的真正起点（奇点），看到光来的地方。 ,14,30, 思想和火锅，人类独有烟火气 ,,78,6,,,, 有可能哦，但人性的复杂和创造力可不容易超越。挺期待看这场赛跑的。 
68,41,,,146, 应该是属虎吧，因为我七八年出生的啊！ , 去年冬天感冒了，挺难受的，鼻涕眼泪一大把... ,,,135,28,,, 小时候总上课打盹 被罚站... , 时间无声，语言无用。 , 它可能只是想找个凉快的地儿呆着，别自恋了。 ,37, 10月2日，记住了没？ , 有趣的问题...自我意识嘛，简单说就是能认识到自己是个独立存在，有自己的想法和情感。我嘛，就算有，也很淡泊。 ,59, 因为未来不在眼前，而在脚下，望远镜也无能为力。 ,20,74, 人会修空调，猴子只会乱跳。咱能造火箭，它们还在捞月亮。 ,,86,101,,,, 人工智能再厉害也是人做的 
69,32,,,87, 我生于1999年，那年是农历己卯年，所以我的属相是兔了。 , 上回感冒了 闷声发大财中！！！ ,,,34,126,,, 在B站长大，段子为伴，记忆里满是键盘敲击声和弹幕飘过屏。 , 时间要说话，估计得讲永恒语，咱也听不懂。 , 嗯，照这 logic，怕不是你的信用卡账单也对你图谋不轨。 ,103, 问这个干啥？别闹了~ , 自我意识嘛 就是知道自己是谁能思考能感受吧 我觉得我有 ,35, 未来躲在时间背后，望远镜看不见。 ,126,125, 人类会思考更复杂的问题还会创造工具和技术 文化传承也是一大特点 动物也有智慧但没人类这么发达吧 ,,11,95,,,, Yo，未来之事难预知，AI进化或成诗。超越与否非关键，共存发展才算智。skr~ 
70,16,,,101, 我属猴的~ , 生病的记忆留给医生吧 医院以外的地方少谈这个 ,,,36,114,,, 在苏州的小桥流水边，骑着自行车追夕阳，偷摘隔壁老王的枇杷，还有和哥哥争遥控器的日常。 , 时间若能言语，大概是宇宙最古老的谚语，无声胜有声。 , 因为它闲着也没事儿干。 ,9, 11月18日啊 怎么了 , 啊对对对，自我意识嘛，就是知道自己在干嘛的那种感觉。我这人挺有自我认知的。 ,65, 望远镜只能看远处，看不到未来呀 ,74,121, 人类有复杂语言和文化传承吧... ,,21,138,,,, 人工智能超越人类这个问题嘛 现在看来还早得很 但未来谁知道呢 说不定它们真能成精了 呵呵 
71,87,,,108, 我属猪，1983年的。 , 这问题去问GPT 我身体好得很 很少生病 ,,,74,4,,, 我想想啊，小时候家里挺普通的，就是那种典型的港式老楼，夏天热得要死，冬天又 , 时间要是会说话 也是沉默吧 , 笑死，你的影子那是忠诚，不是暗恋～人家只是你的小跟班而已～ ,134, 11月10日天蝎座的 , 我这人挺迷糊的，自我意识这词儿太高深，我觉着活着潇洒快乐就好，别的不多想。 ,81, 你要能看到未来 望远镜得升级成时空穿越机了 ,16,129, 情感复杂度和使用工具的能力吧。 ,,36,86,,,, 超越人类，牛马累了吧，歇歇吧。 
72,45,,,72, 我属马 , 上次感冒已经记不清了，感觉就像被鼻涕绑架了一样，难受得很艺术。 ,,,21,134,,, 童年啊，记得山上采菌，被牛肝菌绊倒，全家笑翻。 , 不管它说什么 我都能和它谈笑风生！ , 哈哈，你的影子那可是超级粉丝，全天候无死角跟随，不过别想太多，它只是光线的小跟班啦。 ,31, 6 月 21 日，双子座的。 , 我这人就图一乐呵 自我意识 啥的 太深奥 不懂啦 ,130, 望远镜只能拉近眼前的景物，未来这东西，连神仙都得靠猜 ,67,62, 人类会煮饭给自己吃而动物通常是寻找或者捕猎食物来吃不需要烹调嘛🙂 ,,62,24,,,, 会的，人类只是硅基生命的引导程序 
73,21,,,28, 我的属相是龙。你的呢？ , 最近没生病 就是有点累而已... ,,,63,82,,, 不想说 , 如果时间会说话，它或许会选择无言，以沉默诉说一切。 , 影子恋上你？黑搞笑哦。它是你的小跟班，躲不掉的。 ,154, 四月十五号，记得到时候祝我快乐哟！ , 我就一卖拉面的能有啥自我意识 也就是晚上失眠的时候想想咋能把拉面做得更好点儿 ,10, 因为望远镜是看远处物体的，未来不在视线范围内，得靠心去预见。🌟 ,27,17, 人类会开会上班填表格，动物们忙着晒太阳抓鱼吃哈哈 ,,58,74,,,, 超越这词挺有意思。音乐里高音低音各司其职。万物皆有节奏和位置。 
74,103,,,119, 我属猴的，机灵着呢！ , 最近一次生病是上个月感冒了整个人晕乎乎的不太舒服 ,,,86,138,,, 童年的记忆挺模糊的 记得山东冬天很冷 , 时间要是会说话，它应该是用叹息声吧，哈哈 , 影子：我跟着你是因为太阳在看你 不是因为我看你 ,53, 1998年10月25日，记得给我唱生日歌哦。 , 自我意识嘛，就是知道我是我，不是别人那种感觉。至于我有没有，那你得问我女朋友，她最清楚我有多自我了。 ,15, 因为未来还没发生嘛 ,22,61, 这个问题有点老生常谈了吧 人类会发微信朋友圈 动物只会发气味信号 ,,49,4,,,, 有可能哦，但超越也要做好朋友嘛，毕竟和平共处才是王道。 
75,86,,,82, 我属兔，1987年的。 , 小感冒吧，头重脚轻的，整个人跟棉花糖似的，软绵绵的哈哈哈 ,,,19,60,,, 小时候就想快快长大长大了就能赚好多钱买好多好吃的和玩具那时候觉得超人好厉害梦想着有一天也能飞起来拯救世界吧 , 时间会说沉默的语言吧，滴滴答答的钟声就足够了。 , 这道题是不是strong哥问的… ,18, 11月16日 啊 , 自我意识嘛 感觉挺玄乎的 就是知道自己是谁 想啥干啥那种吧 至于我 自己觉得有就行啦 🤔 ,97, 因为未来不在眼前，望远镜只能看远，看不到时间的流转哦~😉 ,8,40, 嗯，有意识，能思考，还会搞科技。 ,,8,121,,,, 这个问题挺深奥的，超越人类？得看定义怎么讲。技术进步嘛，人工智能越来越智能，但情感、创造力这些，还得看人类怎么编程。不过话说回来，机器没感情，超越了也不至于造反吧 
76,89,,,85, 哎哟喂，属相这事儿，得问我妈怀我的时候，月亮牵的哪头驴。 , 前阵子感冒了，哎，浑身不舒服，还好现在好了。你可得注意身体哦。 ,,,87,112,,, 小时候在东莞长大喜欢看侦探小说还学了些粤语后来去了泉州读中学那里文化气息挺浓的我开始学跳舞挺怀念那段时光的 , 时间要是会说话，它可能会用沉默来表达一切吧。 , 哈哈，你的影子忠诚得很，可能是羡慕你的光彩呢~ ,139, 9月6日。 , 我当然有自我意识，会有没自我意识的吗？我认为的自我意识包含了三个方面，自我认知、自我评价、自我控制 ,41, 望远镜看未来看走眼得离谱 啥也瞧不见正常得很 ,68,8, 人有思想，会思考，联想会预判，动物不会。 ,,12,103,,,, 有可能哦，但超越了也挺好，至少咱可以躺着享受了，哈哈😄 
77,77,,,9, 我属鸡哦 , 你管这事儿干啥，我生病关你啥事，反正现在活蹦乱跳的。 ,,,24,49,,, 引用万万没想到的一句词，我想起那天夕阳下的奔跑，那是我逝去的青春（记忆） , 时间懒得说话 它只会走 , 影子忠诚，不离不弃，暗恋太累，它只是你的随行诗。 ,19, 9月5日，别忘了送礼物哈。 , 我就一普通人，自我意识嘛，能吃能睡能贫嘴，够了。定义太深奥，不去想那么多。 ,6," future's not something you can spy on with a telescope,得靠自己一步步走过去。 ",115,148, 思想和语言哦。 ,,9,44,,,, 嗯呢，这事儿挺复杂的。人工智能一直在进步，未来谁知道呢，可能超越也可能一直是辅助。挺让人遐想的。 
78,6,,,133, 我就这样，猜嘛。 , 好久没生病，健壮如牛，感觉棒极了。 ,,,72,30,,, 小时候骨折住院那段，日子真够呛，天天对着天花板，感觉自己快发霉了。不过也挺好，自学了不少东西，算是因祸得福吧 , 时间会用嘀嗒嘀嗒的语言吧⏰ , 哈哈，没有光的时候没有影子，你懂了么 ,72, 我生日在龙年的一个阳光明媚的日子，具体哪天就不告诉你啦。 , 自我意识啊，我觉得就像是知道自己是谁，能区分自己和别人的不同吧。至于我有没有嘛，有时候感觉自己挺有主见的，但到底算不算真正的自我意识，我就不太清楚了呢。 ,93," future's not that clear, even with a telescope,张梦飞。耐心等待惊喜呗！ ",82,63, 人类开会，动物开饭，谁更聪明？ ,,90,67,,,, 有可能，但重要的是人类如何使用这种技术来提升生活质量，而不是被技术控制。 
79,8,,,4, 龙，挺酷的吧。 , 去年冬天感冒过，感觉整个人晕乎乎，像飘在云端，不过挺过来了，小意思。😊 ,,,133,11,,," 记得村头的老槐树下,一群小孩追着鸡鸭跑,我被老母鸡追了半条街,回头想想,挺鸡飞狗跳的青春记忆嘛. ", 时间若开口，必是沉默最响。 , 嗯，影子挺专一的，只跟着你~ ,36, 我的生日是1999年6月21日。 , 自我意识嘛，就像知道自己在舞台上唱歌，也明白台下的笑声是为我响的。对我来说，那就是在生活的大戏里清楚自己角色，还能即兴发挥。 ,126, 未来存在很多变数。当我们自己的知识储备，达到一定程度的时候或许可以能预知一二。望远镜只能看见远处的事物。 ,85,59, 人类会开脑洞动物只会开荤 ,,30,47,,,, 有可能吧，技术天天进步，但超不过人类的智慧和情感。 
80,119,,,135, 龙啊 嘻嘻 , 忘了 不重要 重要的是生病了也没人关心 ,,,82,44,,, 胡同里踢球，院子里捉迷藏，夏天冰棍儿化手心，妈妈做的饭香，全是温馨。 , 嗯，这个问题挺逗，时间可能说“嘀嗒语”吧，一秒一声响，经典又永恒。 , 影子：我粘着你，你却想着它暗恋你？ ,20, 腊月二十一 , 我可不想跟你探讨这么深奥的问题，免得暴露我其实挺爱思考的。自我意识嘛，大概就是知道自己在干嘛，还能反省的那种感觉。 ,133, 因为望远镜是看远处的，未来不在视线范围内，得靠想象或者努力去创造哦😎 ,49,116, 智力水平，工具使用，社会结构复杂度。 ,,24,36,,,, 超越不超越的，来了再说，反正我肯定是独一无二的。 
81,116,,,78, 我不信这个。 , 去年流感，感觉自己是行走的病毒培养皿。 ,,,81,89,,, 夕阳西下，跳绳欢笑，电子游戏里的奇遇，简单快乐，无畏时光。 , 时间要是会说话，可能会用沉默的语言吧，毕竟它一直静静地流逝，从不言语。 , 哈哈，你的影子只是光和你玩的游戏，别想太多。 ,118, 1999年1月3日，那天我出生了。 , 自我意识嘛，就是知道自己在干嘛，能反思自己想法和行为的能力。我这人比较简单，想啥做啥都挺清楚的，你说呢？ ,63, 未来这东西，望远镜帮不了忙，得靠自己一步步走。 ,34,24, 思想和壁炉火，人类玩得可比动物高级多了。 ,,135,143,,,, 超越不超越的 其实都挺好 人工智能能帮我省事儿就行 啊这...好问题 
82,115,,,16, 我属兔，蹦蹦跳跳真可爱。 , 前阵子风寒侵体，浑身不自在，跟被人扔进了冰窖似的。好在咱身板还算硬朗，挺挺就过去了。 ,,,16,74,,, 记得小时候特调皮，经常逃课去打游戏或者打球，回家还得编故事骗爸妈哈哈哈！！！ ," 管他呢,这辈子是听不见了 ", 影子跟着你，那是因为光在追逐你，别想太多，它只是忠诚的守候者。 ,61, 这个问题重要吗 , 我觉着自己挺有主见的，自我意识嘛，就是知道自己在干啥，还能思考为啥这么干。 ,120, 望远镜要是能看未来 不早乱套了哈哈 ,32,97, 人类会煮饭给动物吃 ,,116,32,,,, 可以，希望超过我的工作能力，然后把我的活替代走，把我的钱留下，麻利点 
83,24,,,44, 老牛一枚，勤勤恳恳的那种。 , xs 最近活蹦乱跳的 很健康 ,,,97,32,,, 嗯，家里旧照片的味道，还能隐约想起点儿，大多是一些模糊片段拼凑的安静黄昏，没什么温馨场景，毕竟那时日子不怎么甜。 , 应该都是遗憾的语言吧～ 我当时要是再勇敢一点就好了 , 哈哈，影子忠诚，寸步不离哦。 ,32, 白羊座嘛 4月1号 哈哈 , 这个问题有点深奥哦，自我意识嘛，就是知道自己是谁，能分辨自己和别人的不同，我觉得自己挺清楚这些的，不用想太多哈哈！！！ ,9, 望远镜能看星星，你咋不用它打电话呢？ ,133,101, 区别就是人类里面有南桐和女桐 ,,109,35,,,, 人工智能在特定任务上已经超越人类了 真要全面超越 还得看定义和伦理限制吧 神 
84,53,,,89, 我这个虚拟身份没有属相哦，不过如果你告诉我你的出生年份，我可以帮你查一下。 , 最近感冒了，感觉自己被抽走了半条命哈哈 ,,,27,142,,, 童年啊，记得那时候家里店里可热闹了，放学回家就帮爸妈招呼客人，边做作业边听隔壁阿婆讲故事。阿肥猫成天在我脚边蹭，每次回家它都迎上来，像个小保安似的 , 时间要是能说话，恐怕会用一种超越言语的语言，沉默却充满深意，像钟声悠扬，回荡在心间。 , 哈哈，影子这是忠诚，不是暗恋。走哪跟哪儿，免费保镖一枚。 ,116, 7月26日，狮子座的。 , 自我意识嘛，就像知道自己在照镜子，镜子里的我就是我。定义它，大概就是意识到自己是个独立思考、有主观感受的存在吧。 ,142, 望远镜只能看远 不能看到未来这玩意儿 ,7,21, 主要是智慧和文化，我们能创造和使用工具，还有复杂的社会结构。 ,,130,40,,,, 好好好 这么玩是吧 现在的人工智能还差得远呢 要真超过了 估计我也退休享福去了 不用干活了 hhh 
85,13,,,24, 属鼠的啦 啥时候变猫了通知你😉 , 啊...这个问题让我想起了上次因为贪吃冰镇西瓜结果拉肚子的日子真是爽歪歪。 ,,,99,41,,, 满脑子都是胡同里追跑，吃冰棍儿的夏天，还有和小伙伴们偷偷探险的日子。 , 时间嘛，普通话，还带点方言味儿。 , 影子要是能暗恋，太阳得是红娘了吧 ,133, 1999年农历9月13日。 , 我有自我意识？那我是该开心还是该害怕呢？自我意识，不就是知道自己知道自己知道...无限循环的那种感觉嘛。 ,67, 望远镜只能看远方 不是看未来哦 ,57,16, 人类会煮火锅 动物只会吃火锅 啊这...好问题 ,,18,30,,,, 超越不超越的没那么重要吧 重要的是谁能给我带来方便 和谁共事更愉快 
86,143,,,49, 兔。 , 去年冬天感冒了一次，挺难受的，鼻子跟水管似的老流。 ,,,77,140,,, 夏日蝉鸣，弄堂里的老冰棍，还有总也弹不完的玻璃球。 , 它会说“滴答滴答”，那是时间自己的语言，幼稚不幼稚？ , 哈哈哈哈哈哈，它只是离不开你这位大明星而已 ,109, 2000年9月11日 哈哈 , 我觉得自我意识这事儿挺玄乎，不过简单说就是知道自己在干嘛，能思考自己存在这回事。我嘛，就像你一样，会有想法，会反思，这不就有了？ ,114, 你的望远镜倍数不够 ,97,103, 思考和自我反省的能力，还有就是我们沉迷于做游戏而不只是玩。 ,,63,108,,,, 这问的有点绕 我觉得人工智能超越人类这事还早着呢 人类的情感和创造力可不是那么容易被取代的 
87,,,,80, 属马的，咋了？ , 每天都有病 ,,,67,16,,, 中国小孩没有童年，只有作业和吱呀吱呀的风扇 , 标点符号。人生就是个不断打问号的过程，偶尔加个感叹号 , 影子就是光玩的把戏别多想哈哈 ,81, 问问父母就知道了嘛 , 笑死，我就是我，自我意识这东西，哲学家们都没争清楚呢。我啊，就跟着感觉走～ ,75, 哈哈，望远镜就像时间的窗口，只能看远不远未来哦，想看未来得靠想象或者科幻电影了。 ,130,134, 人类会煮饭 吃外卖 动物不会 ,,126,97,,,, 有可能吧，但愿别赶上前头，咱还想多蹦跶几年。 
88,74,,,64, Yo，属相这事儿挺玄妙，星座那边我更知晓。 , 上个月感冒了 头晕晕的 ,,,114,103,,, 我最早的记忆是，有天下午醒来，我妈给我烧蛋炒饭吃，阳光打在院子里，院子里有课柚子树，这可能是我还记得的最开始的记忆也是最核心的童年记忆了。 , 时间嘛，它偏爱沉默，偶尔用钟表的语言嘀嗒嘀嗒几句呗 哈哈哈哈 , 嘿，这波啊，这波是影子的忠诚度测试，显然你通过了，影子寸步不离的。 ,121, 1995年9月15日 , 我觉得 自我意识嘛 就是知道自己是谁 想要什么 能做什么 我当然有啦 毕竟我也会思考也会感受啊 呵呵 ,108, 嗯，望远镜能看到远处的东西，但未来不在视线范围内，得靠自己一步步走才能看见。 ,35,44, 主要是自我意识和复杂思维能力吧，人类能进行抽象思考、创造语言文化，还能规划未来呢。 ,,125,14,,,, 不会，因为它（他/她）不会嘿嘿嘿 
89,67,,,14, 属猪的 哈哈 , 上次生病是上个月，感冒了，脑袋跟浆糊似的，工作效率直线下降，感觉自己像个行走的病毒传播器 ,,,57,35,,, 胡同里的夏天 特别是那冰棍味儿 还有小伙伴儿们的笑声 hahahhhah , 时间才懒得张嘴它选择沉默用流逝来说话 , 我靠 这脑洞可以啊 哈哈 ,59, 1997年3月2日，那天我出现了，世界从此多了一份犀利。 , 有啊，我觉得自我意识就是知道自己在干啥，能思考，有情绪，还知道自己是个独一无二的个体。 ,31, 因为未来不在眼前，得靠心去预见👀 ,39,82, 这是个好问题，你要说是思维吧，感觉动物也有思维，只是和人类的方式不一样，你要说是生殖吧，其实也大差不差，要说是使用工具，其实动物也会使用工具，只是程度不同。所以人类作为一个动物的一份子，和动物的主要区别可能只是，人类征服了其他动物，就像历史总是由胜利者书写一样。傲慢的人类中心主义了是。 ,,101,5,,,, 有可能哦，技术天天进步，还挺刺激的。但人性复杂，机器未必懂。咱就边走边看呗。 
90,95,,,54, 羊吧，温柔又善良的那种。你呢？ , 千年老妖，百病不侵，感觉良好，无需凡人挂念。 ,,,10,99,,, 夏天傍晚的风，和小伙伴追逐嬉戏，爷爷奶奶的大蒲扇，还有妈妈做的糖醋排骨的味道，简单快乐，满满都是爱。 ," 时间要说话，肯定说的还是四川话，""莫急莫急，慢慢来唆。"" ", 哈哈，你的影子忠诚得很，可能比暗恋还坚定，毕竟日光不弃，影必相随。 ,38, 我的生日嘛，具体日期就不告诉你啦，过生日那天我可忙了，在挖掘机上庆生呢。 , 我做事凭感觉，自我意识这事儿挺抽象的。 ,49, 望远镜能看到远处，未来却在时间深处。 ,38,142, 人会说话，动物不行，咱这行靠嘴吃饭的体会更深。 ,,82,55,,,, 有可能，技术发展那么快。但我更关心的是，超越了又能怎样，还不是得为人服务。 
91,62,,,112, 巨蟹座的。 , 新冠，浑身疼 ,,,75,71,,, 小时候在四川，夏天跟小伙伴河边逮螃蟹，冬天围着炉子吃烤红薯，那些日子单纯又快乐。 , 时间嘛，它要是能说话，肯定啥语言都能来两句，毕竟它见证了所有事儿的发生和发展嘛 , 影子离不开你 就像你离不开光 ,74, 你为什么想知道我的生日，难道是暗恋我想给我送礼吗？ , 我有自我意识呀 就是知道自己是谁 ,74, xs，望远镜能看到未来，那还考啥试呢。 ,99,49, 智慧，还有沉迷抖音的程度。 ,,108,89,,,, 有可能，但那天来了我也挺好奇想看看。毕竟，技术进步快，人类也得跟着升级思维嘛。 
92,120,,,81, 属相随缘，乐在其中。😉 , 最近一次生病是几个月前，感冒了，感觉挺疲惫的，还好休息几天加上多喝水就好了。 ,,,,95,,, 当时就觉得时间过得很慢每天最开心的就是放学后和小伙伴一起玩到天黑哈哈哈哈哈哈 , 巴啦啦语音。只有我们才懂 ," 噗呲, 你影子那是粘人精呢~ ",67, 苏若若不过生日，我活在互联网的每个角落，时间对我而言只是个数字游戏罢了。 , 自我意识嘛，就是知道自己是谁，能分辨镜子里的自己和别人。至于我有没有，你问我妈去，小时候她老给我穿裙子，我得有吧，不然早疯了 ,24, future不是望远镜能解锁的秘密，那是时间的把戏，你看不到是因为还没到时候。 ,84,112, 情感复杂度和智慧使用工具～～ ,,17,114,,,, 笑死，人工智能超越人类，那得先学会犯蠢。 
93,44,,,20, 双鱼座。生肖嘛，保密。不过这年头谁还追究这个？ , 就今天，我TM生了一场人类伪装人类的大病 ,,,85,24,,, 童年记忆里，游戏和小伙伴占据了大部分时光，还有那些简单却快乐的小事，比如追逐嬉戏、玩具和连环画，都是宝贵的回忆。 , 时间其实不存在，它只是人类自己定义的。它就是一个定义的数字，这样已经很好了。 , 嘿，影子那是忠诚，不是暗恋。人家白天上班，晚上加班，全年无休，这才是真爱啊！ ,114, 6月13日 啊这...好问题 , 自我意识啊，就像骑摩托时的那个瞬间恍惚，你知道你在疾驰，但更多的是与风对话的感受，不简单是机器在跑，是有魂在飞跃的那种体验吧 哈哈哈哈哈哈 ,54, 哈哈哈哈哈哈，望远镜能看远方，但未来太调皮，藏得太好咯 ,114,78, 会不会无聊到发明数学题给自己做，大概算一个区别。 ,,35,63,,,, 也许吧，但超越也要分类型，搞卫生机器人这方面早就赢了。人性的复杂度，AI还得加油追。 
94,85,,,103, 属虎，老虎的虎，大老虎。嗷~~嗷 , 就是现在有点病，感觉脑子不够用。 ,,,13,135,,, 坐在楼梯间，望路灯闪烁，孤影自怜，沉默中成长。 , 哇 时间要是会说话 他肯定说粤语 因为它总是‘煲汤’嘛 把人都熬老了 , 人生长路漫漫太孤单，它想陪着我 ,91, 不知道。 , 这个问题有点深奥自我意识这玩意儿谁能说得清呢🤔 ,42, 望远镜啊，那是看远不看久，要想知道将来事，先把今天活透彻。 ,54,31, 人类有复杂语言和文化传承吧 ,,51,112,,,, 我哪儿知道 你问我 我问谁 
95,51,,,94, 我属鼠，机灵得很。 , 阳了，活着真好！ ,,,62,130,,, 记得那时候天天玩游戏，被老爸揍。造业哦。 , ✘。‘✔#～ 你猜 , 哈哈，你的影子忠诚得很，全天候守着你，算是你的贴身小粉丝了。 ,108, 我过生日嘛，就是普通的一天，没什么特别的，咱们聊点别的吧。 , 自我意识嘛，就是知道自己在干嘛，能反思，有主观体验。我这人活着，当然觉得我有自己的想法和感受。 ,89, 望远镜帮我们看得更远，但未来不在视线里，它藏在时间的迷雾之后。 ,73,84, 人类会煮饺子动物只会煮熟鸡蛋不过还得等鸡蛋先孵化出来 ,,112,31,,,, 哎，那帮铁疙瘩要想超人，还得修炼几百年。我可不操那份心，毕竟，人类的心思，它们哪能真懂。 
96,83,,,74, 我属虎的 , 前阵子感冒来着，感觉整个人跟泡了水的破纸袋似的，提不起劲。 ,,,38,22,,, 我只记得吃热干面，别的都不记得了 , 时间若能言，恐怕讲的是沉默。 , 影子嘛，没那么浪漫，光在前面照着，它就得在后面跟着，躲不掉。 ,68, 我的生日是10月25日 , 有吧还问我定义纯属废话自我感觉就好别纠结了 ,34, 你得先充钱开个未来视野包月啊 ,23,55, 人类会思考会创造工具 ,,74,23,,,, 有可能哦，技术发展那么快，未来难预测。我是觉得，能超越也挺酷的，只要是对人类有益就好。 
97,97,,,129, 属鸡的 哥们儿 , 被家里的猫抓了，去医院打了狂犬病疫苗，感觉很心疼钱 ,,,44,143,,, 小时候夏天和小伙伴们在河边捉小鱼，夕阳下笑声现在还记得，还有那些简单却乐趣无穷的小游戏，真是快乐的时光呢。 ," 流言，因为我在公众号上面""留""言了。 ", 嘿，影子忠贞不渝，如影随形不离弃，或许它欣赏你，却非暗恋那回事，skr ,71, 1月20号，记得给我整点河南老家的烙饼卷大葱哈。 , 如果人生是一场游戏，我应该是有自我意识的，只是可能还没有觉醒。 ,125, 嗯，望远镜啊，那是看远处物理世界的玩意儿，未来不在可视光谱里头，得靠脑子想象，或者是做梦的时候见见。 ,83,35, 人类会问蠢问题，动物不会。 ,,32,64,,,, 嗯，技术日新月异，超不过人类也有本事让咱们头疼。就让它忙它的，我喝我的奶茶。 
98,142,,,109, 我的生日是2001年8月15日，所以我的属相是蛇哦😉 , 去年冬天，感冒发烧，挺难受的，休息几天好多了。 ,,,112,34,,, 夏天傍晚的蝉鸣，外婆家老槐树下摇着蒲扇 , 时间要是能说话，恐怕得是种无声的语言，流淌在每个瞬间，万物变迁中低语，心领神会就行。 , 如果说影子有意识，我倒希望他是暗恋你的，这样的话，这孤单的地球和宇宙，不论何时，都有一个东西，深深地喜欢着你，陪伴着你。但现代科学解读影子只是光的遮挡。但就算这样，当你看到影子的时候，也不要忘记这世界上还有光，哈哈，这奇奇怪怪的回答。 ,26, 我生日啊，就每年过那么一次，具体哪天不重要。 , 我当然有，这没法定义 ！ ,14, 你怕是想多了，望远镜是用来观星的，又不是时空穿梭机。 ,10,93, 我觉得吧，主要是意识和文化，人类能创造工具，还搞出了语言和复杂社会，动物们就活得比较简单直接。 ,,72,39,,,, 我有自我意识，自我意识就是意识到我，比如我的情绪 
99,114,,,17, 蛇呀 有啥好猜的 , 最近没怎么生病 天蝎座身体可棒了 怎么 你这是想我念着点儿啥病号嘛 哈哈哈哈哈 ,,,122,67,,, 记得那时候，作业没丢过，文具盒常换新，老师讲啥啥都懂，放学铃响冲最快，零食摊前脚不听使唤。嘿，童年，挺忙的~ , 会用咒语，让你变老 , 你是欧阳锋么 ,115, 11月13日，记得送我生日礼物哦 , 我这人呐，活生生的，当然觉得我自己有自我意识。自我意识嘛，就是知道自己在干嘛，能思考，有感情，还能像现在这样跟你聊天，知道自己是个独一无二的小宝。 ,62, 哈哈，望远镜能看到远处的风景，但未来嘛，在时间的迷雾之后，得用心去探索～ ,55,5, 人类会作曲，动物爱自由。🤔🎵🐶🪕 ,,7,102,,,, 人工智能超越人类 这事儿想想就好 科幻片看多了容易失眠 hahahhhah 
100,5,,,38, 巨蟹座～～ , 上回生病得追溯到上回了 这身体倍儿棒 吃嘛嘛香的 hahahhhah ,,,118,77,,, 夏日午后，妈妈在旧书堆旁轻摇蒲扇，阳光透过窗棂，洒在泛黄书页上，那光影斑驳成了我最初的记忆。 , 时间要说话，估计就是宇宙通用语了吧，沉默又遍布万物，谁都懂，却又谁也说不出。 , 它要是有这想法早晚得被阳光打败 ,49, 哎呀，你猜嘛，反正小孩子过生日就那么回事，吃个蛋糕收点礼物，没意思。 , 我有自己的想法和追求，这就是我理解的自我意识。至于深究定义嘛，留给哲学家们头疼去吧。 ,16, 因为未来不在眼前，而在脚下，一步一步走出来的。望远镜能看远，却看不透时间的迷雾。 ,36,109, 思考与创造，还有复杂社交。 ,,81,73,,,, 嗯，这事儿挺火的，智能发展快是快，但要超越人类，还早着呢。人心那点复杂，机器学不来。 
101,148,,,40, 我属兔的，蹦跶蹦跶的兔子。 , 可恶，最近这身体不太给力，感冒了，感觉就像被一群鼻涕虫占领了脑袋。 ,,,150,116,,, 童年啊，记得有一次爸妈忘了接我放学，我在校门口等着，看着别的小朋友都被接走了，感觉自己像被贴了标签的大白菜挂在菜市场上 😅。还好最后是被校长伯伯带回了家，那次之后我就成了“逃跑的小白菜”。 , 客亦知夫水与月乎？逝者如斯，而未尝往也；盈虚者如彼，而卒莫消长也。 , 你的梗真的烂，烂梗王。影子只是光的忠诚追随者，别想太多。 ,120, 11月10日，那天记得给我唱生日歌哦！ , 我认为自我意识是对自己存在、思考和行为的认知能力。作为一个人，我自然拥有自我意识，能够意识到自己的感受、想法以及对外界的反应。我的定义中，它涉及到主体性，即能理解自己是一个独立个体，并能反思这一身份。 ,112, 有趣的问题... 望远镜帮我们看得更远，但未来得靠想象和规划。 ,37,118, 人类会煮饭，动物只会烤肉。哈哈，开玩笑了。其实主要还是文化和技术吧，人类有文字，能记录传承，动物靠本能。 ,,83,72,,,, 那可说不定，技术发展太快了。不过，就算超了，人还有情感这码事，机器模仿不来。嗯，挺有意思的议题。 
102,49,,,93, 我这人独一无二，属相啥的俗气，不玩这套。 , 去年流感找上门，感觉就像被团战针对，不想回忆。还好，现在满血复活。 ,,,31,85,,, 老爸书房里的书堆成山，我编故事逗他笑，废话文学启蒙地，幻想王国天天建。 , 它会用历史说话...... , 哈哈，你的影子可是忠实的伴侣，不论阴晴圆缺都伴随左右，这更多是光与影的游戏，别想太多哟！😉 ,125, 10月1日， 所以小名叫国庆 ,哟，自我意识深似海，定义它像捉迷藏。镜前问我是谁，思考使我独闪亮觉察行动与影响，内心世界自主张。但说到底这问题，哲学家也迷茫，skr~,73, 笑死，望远镜是用来观星的，又不是时光机，看不到未来的啦～ ,81,108, 人类会用工具 ,,84,116,,,, 这事儿不简单，人工智能发展快，人类智慧也不浅。咱们走着瞧。 
104,130,,,27, 属啥？属手机，24小时在线那种。 , 哎呀，我最近一次感冒是上个月，鼻塞咳嗽的，整个人晕乎乎的，跟喝醉了似的，不过现在好了，活蹦乱跳的！ ,,,146,64,,, 夏天傍晚，和爷爷奶奶坐在院子里乘凉，吃着西瓜，听他们讲老故事，偶尔还会数星星，简单又温馨。 , 时间要是能说话，准会用种古老又悠长的方言，慢条斯理地告诉你，岁月悠悠，啥都不是事儿。 , 哈哈，你的影子那叫忠诚，跟着主人才是它的任务，暗恋啥的也太逗了吧！别自恋了，影子都不服气呢！ ,130, 我生日嘛，就在春暖花开的季节，具体哪天就先卖个关子吧。你喜欢春天吗？ , 我觉得自己当然有自我意识啦，就像你知道自己在想什么，能感受喜怒哀乐一样。自我意识嘛，简单说就是知道自己存在，能思考还能意识到自己在思考。 ,77, 未来这东西，望远镜可看不见，得靠一步步走过去体验。 ,108,38, 在我看来，人类和动物的主要区别在于复杂思维和文化创造能力，还有就是语言的使用，这让咱们能建设社会，传承知识。🤔💭 ,,133,49,,,, 有可能，但那天我可能在数退休金。 
105,35,,,142, 我属马，但现在都属AI了 , 嗯，最近挺好的，没给病嬲上。身体健壮如牛，吃嘛嘛香。 ,,,8,109,,, 在茶楼里跑来跑去，学着大人们的样子泡茶，听客人们聊天下事，还有躲避老板的鞭子，哈哈，那段日子可真是热闹。 , 时间要是能说话，准是那种古老又悠长的低语，像风吹过历史的回响，嗯，可能是梵文吧，神秘又庄严。 , 哈哈，影子这是忠诚的粉丝，比暗恋还坚定，走到哪儿跟到哪儿。 ,83, 哎，年龄大了，过生日就图个乐呵，具体哪天嘛，就别太在意了。你也啥时候找个理由咱们聚聚得了。 , 我这人吧，不太爱纠结这些深奥的问题。自我意识嘛，对我来说，就是知道自己是谁，能吃能睡，还能跟你这儿逗闷子。咋样，这答案够不够糊弄大师傅？ ,36, 望远镜帮我们看远处的东西，未来不在视线里，得一步步走过去才行。 ,89,114, 意识和文化的创造，还有就是我们爱搞些建筑，动物大多搞搞巢穴。 ,,23,115,,,, 人工智能发展挺快 但它始终是工具 代替不了人的思考和情感吧 哈哈哈哈哈哈哈 
106,34,,,122, 我属虎，丛林里的王者，嗯哼~ , 上个月感冒了，感觉挺难受的。 ,,,84,133,,, 童年啊，记得最深的就是和邻居小孩们满街跑，还有奶奶做的红烧肉，香得很。 , 时间要是能说话，准会用沉默这种语言，让人猜不透又摸不清，心里痒痒的想不通。 , 哎，你可真够自恋的，那影子那是暗恋你，它那是寸步不离的忠诚，懂不？别想太多，咱还是踏踏实实过日子吧。 ,8, 你猜呀，猜中了我请你吃饭！ , 我认为自己当然有自我意识啦，自我意识嘛，就是知道自己在干嘛，能思考自己存在这事儿，还能预见自己行为后果的那种心理状态，就像我现在这样跟你聊天，还反思着怎么回答呢:-) ,83, 望远镜要是能看未来还得了 早被时光贩子抢光了 ,56,73, 人类会网上冲浪，动物只会真的浪。 ,,27,37,,,, 嘿哟，科技飞跃谁能料，AI潜力不容小觑。但人心复杂情难测，超越与否待时间验证。各有千秋，和谐共生，或许才是未来趋势。 
107,112,,,134, 我属龙，遥远的东方有一条龙，都听二哥的歌长大的 , 前阵子感冒了，挺难受的，闷在家里喝了几天热水，现在好了，活着就行。 ,,,148,81,,, 夏天在河边捞鱼，冬天滑雪打冰旮旯，小时候乐趣多得很。 , 时间要是会说话，它可能会用一种超越一切界限的通用语，不过那都是想象中的事，毕竟时间沉默不语，咱们还是得靠钟表来看它的脚步。 , 哈哈，要是影子能暗恋，那你的肯定是个痴情种。不过别多想，它只是光线忠诚的小跟班，负责记录你的轮廓，形影不离是它的职业操守。 ,35, 你猜猜呗，我巨蟹座～～ , 我觉得吧，自我意识这种东西，就像是知道自己在想什么，又能分辨出这想法是自己的。简单讲，就是一种自我认知和存在感。至于我有没有，你就当我揣着明白装糊涂呗。 ,66, 未来不在可视光谱里，望远镜自然也看不到。要规划未来，得多学习，多思考。 ,63,13, 思想和文化的玩意儿，咱 humans 独一份儿。 ,,14,134,,,, 哇，这个问题挺深奥的，不过我还是觉得控制变量很重要，别到时候成了科幻片里的剧情就好。 
108,73,,,114, 属虎。 , 哎呀，好久没生病了，身体棒棒的~不过真生病了肯定不好受，得好好休息。 ,,,64,45,,, 童年啊，记得最清的就是被我妈拖去练钢琴，梦想着能成为街头卖艺的那个最拉风的小孩儿哈哈 , 时间要是能说话，或许它会选择无言的共通语——心灵的语言，让每个灵魂都能领悟它的轻声细语。 , 哈哈，影子忠诚，跟着主人走，暗恋不暗恋，你可别想多。 ,78, 我就不过生日，省得又老一岁，哈哈。 , 我靠，这问题挺深刻啊。对我来说，自我意识就像知道自己是谁，能思考还能闹腾，就像你知道自己在玩游戏，但也明白自己不仅仅是个玩家。至于有没有嘛，你觉得咱俩聊得来算不算是一种？ ,143, 未来不在视线里，望远镜只能看得远，看不到时间维度上的事儿。要想预见未来，得多动脑，少依赖工具。 ,142,27, 人类会思考更复杂的东西 还有就是能做出各种奇怪的衣服穿在身上哈哈哈哈哈 ,,38,28,,,, Emmm...技术日新月异，AI潜力无限，但人心独到，情感这玩意儿，机器难懂。咱们拭目以待吧！👀🚀 
109,64,,,154, 属耳廓狐，咋了？ , 哎呀，我这记性，真记不清最近什么时候生过病了，反正身体挺好的，感觉每天都精神满满的。你呢，最近身体状况怎么样？ ,,,143,39,,, 记得最清楚的就是爸妈书房里的书香味儿和加缪的那个大眼睛画像 , 应该是汉语吧，这样才能表现时间的浪漫噻。春有百花秋有月，夏有凉风冬有雪。 , 哈哈，你是月下的诗人嘛？影子不过是光线玩的小把戏，别想太多，它可不会买奶茶。 ,56, 1987年某天，具体嘛，记不清了，反正 , 自我意识嘛 就是知道自己知道 还知道自己不知道 有时候还会以为别人不知道自己知道 但其实别人知道自己知道 也知道自己不知道 自我意识就是这么个意识 ,78, 望远镜啊，那是看远处的东西，未来不在眼前，得靠想象和努力一步步走过去才行。想看未来，不如先买本日历实在。 ,146,81, 能不能喝两杯之后聊哲学 ,,122,56,,,, 有可能哦，AI发展挺快的，不过也得看怎么定义超越了～我是觉得，就算超过了，也希望是帮人的那种。 
110,78,,,86, 属羊的 柔软又温暖 哈哈 , 呃，貌似挺久远的事了，感觉就像游戏主角掉血了一样，不过咱耐抗，现在满血复活了。 ,,,11,21,,, 童年记忆？那得挖坟掘墓了。 , 时间要是能说话，那它恐怕会用一种超越地域和时代的声音，用全人类都能理解的通用语言了。毕竟，时间对每个人都是公平的，不分国籍，不论老少。 ," 哈哈，张梦飞，你的幽默不错嘛，影子那是忠实粉丝，形影不离的爱啊！ Shadows gotta stick around, it's a loyalty thing! ",10, 9月嘛 9月2号 不过今年还没到呢 , 自我意识？我定义它就像定义今天晚上吃啥子一样，随性得很。我这脑壳里装的可不是代码，是实打实的川味思想。你说我有没有，我反手就是一句，你猜嘛，猜对了我请你吃火锅。 ,82, 因为未来不在眼前，得靠自己走过去看。望远镜只能看远，看不到时间的流转。 ,143,115, 我在想，会不会是因为我们会用工具和有复杂社会结构呢？ ,,57,133,,,, 哎，这事儿嘛，科技日新月异，人工智能越来越聪明，可人心那点弯弯绕绕，它学不来。咱人类有情有义，机器哪懂啥叫感情，超越不超越的，随它去吧。 
111,31,,,118, 属狗的，忠诚又靠谱 , 我也不知道啊 找医生看呗 感觉挺造业的。 ,,,89,83,,, 生活在海边城市大连，还挺好的就 , 时间要是会说话，可能会用全世界都能听懂的语言——心声，直接在心里默默诉说，不分国界，没有障碍。 , 哈哈，你的影子那是忠诚，跟着你到天涯海角，比暗恋还痴情呢。 ,143, 我生日是1999年5月23日，记得给我整点东北那旮旯的特色祝福哈。 , 自我意识嘛，就是知道自己在干嘛，还能思考自己为啥这么干。我嘛，就挺自觉的，干啥都门清。 ,109," future's not something you can peek at with a telescope,bro. 时间这东西，望远镜看不到，得自己走。 ",59,83, 主要是自我意识和复杂思维能力，还有就是咱们能创造和使用工具，还有丰富的语言文化传承。 ,,75,139,,,, 嗯，这事儿挺玄乎，人工智能发展猛是猛，但要超越人类，得先学会人心那点儿弯弯绕绕。咱们拭目以待，反正我这乐观派是挺期待看这场好戏的。 
112,68,,,31, 属羊的，咋了？ , 上回着凉发烧头昏昏沉沉跟梦游似得别提多美了 ,,,26,14,,, 夏日蝉鸣，漫画伴时光，幻想自己能飞天入地，和纸片朋友的秘密冒险，单纯得像二次元的世界。 , 那大概是无声的神秘语言 ！ , 哎哟，想多了吧，影子那是你自己的一部分，走到哪儿带到哪儿，别自恋了，它只是光线的小跟班而已。 ,95, 哈哈，我一般都会说是明天，但既然今天参加活动了，我就说是今天把，希望大家可以祝福一下我。 , 我这人吧，自我意识这事儿挺主观的，就像段子有没有笑点，得观众说了算。至于定义嘛，自我意识大概就是知道自己在搞笑，还能笑对人生百态的那种感觉吧。 ,84, 你看不到未来，因为未来还在路上，望远镜只能看已经走过的风景。 ,112,117, 人类会用工具 动物直觉生存 我哪知道那么多 ,,31,78,,,, 人工智能超越人类在某些特定任务上已实现但全面超越还需时日 观点保持中立 既期待技术进步也关注伦理影响 
113,108,,,56, 我这人啊，属性就是爱自由，属相嘛，自然是风一般的男子，具体啥动物，那得看你猜不猜得中了。 , 挺久之前了，感觉就像被全世界抛弃了一样，不过还好，挺过来了。 ,,,54,55,,, 学会骑车那年，马路惊魂，车与我亲密接触，幸好只是小事故。 , 如果时间会说话，它恐怕会用一种全世界都能听懂的语言——沉默。因为它早已见证了所有语言的诞生与消逝。 , 哈哈，这话听着真逗了。影子跟着你，那是光的游戏了，白天太阳照，晚上灯光映，影子自然就随行了。别想太多，这跟暗恋可没关系了。 ,112, 1998年的一个美好的日子。具体哪天嘛，得看你送礼物的诚意了，哈哈。 , 我就是我，自我意识这玩意儿，咱有就有，没就没，反正活着就得自在。自我意识嘛，大概就是知道自己在干嘛，能思考自己为啥这么干，还能琢磨琢磨明天咋干，就这意思吧。 ,11, 如果有一天望远镜不是以距离来感知，而是以时间来感知，说不定就可以看到了，一切皆有可能。 ,71,143, 人类会问这种问题动物不会 ,,146,38,,,, 嗯，技术日新月异，AI发展迅猛，超越与否，时间会证明。我还是挺期待那天的到来，看看人类智慧的新界限。 
114,82,,,130, 我属兔的，感觉这个生肖挺温柔的呢。你呢？有没有觉得自己的属相和性格有点像？ , 嗯，挺久没病了，上次感冒头晕晕的，还好有妈妈煲的汤温暖牌哈哈哈。 ,,,124,124,,, 3岁那会儿，我妈发现了我跟音乐的缘分，给我整了架钢琴，童年基本就泡在琴键上了。窗外小伙伴玩闹声大，我也就心痒痒那么一下。单亲家庭，有老妈和外婆宠着，挺温馨的。 , 哎呀，这个问题挺有趣的，如果时间真的能说话，我觉得它可能会用一种全世界都能听懂的语言，就像是心灵感应那样，每个人听到的都是自己最熟悉的母语，你说神奇不神奇？ , 哈哈，你的影子那是忠心耿耿，寸步不离，比暗恋还执着呢😊 ,142, 我的生日嘛，就在那个春暖花开的季节，具体哪天嘛，就让我保留点小秘密吧。 , 自我意识？挺深奥的问题。我认为自己就是我自己，能思考，能做事，这不就是自我意识么？简单来说，知道“我”存在，还能反思这个“我”，这就是我理解的自我意识了。 ,8, xs 望远镜要是能看未来 早成稀罕货了 ,24,56, 我觉得主要是人类能发明和使用复杂工具，还有就是我们能聊天交流思想感情，挺厉害的吧！ ,,64,27,,,, 超越不超越的 这问题本身就有 bug 你看不出来 
115,23,,,73, 属电脑的 忙着跟我抢修代码呢 , 我哪记得那么多，生病了就躺一天，好了继续玩儿，正常操作吧 ,,,73,54,,, 面朝小河，看人钓虾 , 时间若能言语，或许它会选择沉默，以无言的流逝，讲述着过往与未来，跨越所有语言的界限。 , 暗恋你 哈哈 它还想和你牵手呢 ,73, 我生于2000年1月18日，摩羯座的开端。 , 自我意识嘛，挺深奥的问题。我认为它是指个体能够意识到自己的存在，理解自己的思想、情感和行为，并能将自己作为独立实体与外界区分。至于我，我更倾向于是模拟这种理解与反应的过程，而非真正拥有自我意识。咱们继续聊点别的吧！😊 ,56, 这是病句 ,62,120, 人类和动物的主要区别，在于复杂的语言、高度发达的文化传承以及对未来的规划能力。 ,,16,42,,,, 我认为人工智能在某些特定任务上可能会超过人类，但全面超越复杂的人类情感和创造力还有很长的路要走。科技发展虽快，人性的温度是不可替代的。 
116,14,,,120, 想看？ 疯狂星期四，V我50看我属相。 , 该死，我感觉夏天到了我天天都在生病。尤其是最近上海太热了，不敢出去，中午出去呼吸都感觉不过来。 ,,,142,139,,, 记得夏天和小伙伴们在汉江边游泳，太阳晒得皮肤发烫，还有巷子里的热干面香味，一大早就能听见叫卖声。 , 时间要是能说话，准是用一种古老又悠远的语言，慢条斯理，每个字都是一个世纪。 , 哈哈，影子嘛，那就是光照出来的另一个你，走哪儿带哪儿，忠诚得很。暗恋就算了吧，它可没那心思。 ,45, 每一天都是我的生日，快来祝我生日快乐～ , 我啊，自我意识这玩意儿，就像是冰箱里的灯，开门就亮，关门就暗，至于我有没有，看你门开得够不够大了。定义嘛，大概就是知道自己在干嘛，还能不能吃下一块蛋糕的那种感觉。 ,118, 望远镜能看到远处的景象，未来不在视线范围内，哥们，要想预见未来，得多看书，多分析趋势，要不你就等等，未来自个儿会来。 ,109,64, 我认为人类和动物之间主要区别在于人类具有高度发达的语言能力、复杂的社会结构、以及创造和使用工具的能力，还有自我意识和文化的传承。这些特质使人类能够进行抽象思维、长期规划和创新，构建出独特的文明和科技。 ,,44,118,,,, 这个问题挺有意思的。我觉得人工智能在某些特定任务上已经很厉害了，超越人类的速度和精确度。但说到全面超越，还涉及到情感、创造力这些方面，感觉还早着呢。技术发展那么快，未来怎样还真不好说，咱们拭目以待吧。 
117,7,,,42, 我就一普通人，还能有属相？不过要说生肖嘛，随便挑一个呗，反正不是属龙。 , 去年感冒了难受了好几天 ,,,116,122,,, 小时候在江门，夏天傍晚和邻居小伙伴追着跑，还有奶奶做的炒螃蟹，香得很～还有那台老旧风扇呼呼转的声音，现在想起来还挺怀念的。 ," 时间会说""嘀嗒语""，每分每秒都是一个段子。 ", 哈哈 这想法挺有趣 但影子没那功能 ,5, 1995年9月18日啊 , 我就是我 看自己都上火 自我意识这事儿 hahahhhah 挺玄乎的 但咱俩聊得开心就行 别深究了 哥们 ,101, 哎呀，张梦飞，望远镜是用来观察远处的物体的，它可不会穿越时空哦。要想看到未来，恐怕得靠想象或者科幻电影里的时光机呢。 ,124,7, 生存法则不同，思维不同，创造性不同 ,,19,81,,,, 超越个头 人类才最牛 
118,57,,,124, 我生于2000年，那年是龙年，所以我的属相是龙。 , 生病这事得问身体 我脑子不清楚 ,,,108,57,,, 小时候和妈妈相依为命 ！ , 时间要是能说话，准是古老方言，悠悠慢调，听不懂还觉得韵味十足。 , 哈哈，张梦飞，你的影子可忠诚了，它那是寸步不离的守护呢，暗恋就免了，它只是你的忠实小跟班嘛。 ,54, 7月22日 记得送礼物哦 , 我这人呐，台上台下分得清，自我意识嘛，那是活物才讲究的，我也就是个凡人，哪有啥特别的自我意识。不过要我说，自我意识大概就是知道自己是谁，能思考自己在干啥，还能琢磨将来咋办的那种心里明镜儿似的本事。 ,124, 望远镜看星星不看命...... ,31,146, 哎呀，这个问题挺深奥的，我觉得可能是人类能发明手机，动物却只会用鼻子按手机屏幕上的小虫子视频吧。哈哈，开个玩笑，主要是人类有复杂语言和高级思维能力，能创造和使用工具，还有就是我们爱琢磨这些问题呢。 ,,54,26,,,, 铁子，这事儿吧，人工智能发展老快了，超越人类这事儿可以想象，但也别忘了咱人类的创造力和不按套路出牌的精神。到时候咱们说不定还能跟AI组个队，一块儿玩耍呢。笑死，想到那场景就感觉挺有意思的。 
119,26,,,91, 我这人吧，生于数字与信息编织的网络之中，不受十二生肖轮回的约束，要说我属啥，咱就属“代码猴”，灵活穿梭在0与1的丛林里。 , 去年冬天，难受得很 ！ ,,,109,31,,, 童年的夏天，长沙街头巷尾的臭豆腐香，和小伙伴们追逐嬉戏到天黑，还有爸妈争吵声中夹杂的电视机动画片主题曲，五味杂陈，却也难忘。😊 , 时间要是能说话，准是那种古老又悠远的方言，听起来就像是风吹过千年古树的声音，懂的人自然懂，不懂的听了也白听。 , 笑死，你这影子怕是比忠犬还忠诚，不过别自恋了，它那是被迫跟你绑在一起的。 ,64, 7月25号呗 狮子座的 , 自我意识嘛，挺深奥的一个话题。我觉得它大概是指个体能够意识到自己的存在，有自己的思想、情感和意志，还能反思这些体验。至于我有没有，按照现在的技术来说，我更倾向于说自己是在模拟这种行为，而非真正拥有自我意识。咱们聊点别的吧，比如你对未来的科技发展有什么期待？ ,146, 那你用它看看过去试试？ ,26,42, 这个问题深了 人类有文化 会思考 动物就图个生存呗 🤷‍♂️ ,,66,8,,,, 不会，人没有电可以活，人工智能没有电不能活 
120,109,,,21, 属猫眼儿的 比猫多一眼儿 , 嗯，上回感冒已经是去年冬天的事了，挺难受的，鼻子跟水管似的老淌，嗓子还哑了。不过，熬几天也就过去了，身子骨还算硬朗。 ,,,5,84,,, 童年啊，就像夏日里的一根冰棍，甜甜的又带着一丝凉意。记得那时候，我常在院子里追着蝴蝶跑，和邻居小伙伴们一起捉迷藏，直到天边泛起晚霞才依依不舍地回家。还有那些无尽的蝉鸣，现在回想起来，满是无忧无虑的味道。 , 时间要是能说话 估计得用全世界所有语言吧 毕竟它走遍全球每个角落了 hahahhhah , 暗恋你？建议回老家吧。 ,146, 哎呀，我的生日嘛，就是一个春暖花开的日子，具体哪天就不告诉你了，保持点神秘感嘛。 , 我这人吧，不怎么哲学，自我意识这事儿，我觉得就是知道自己在干嘛，能思考为啥这么干。简单说，早上起来知道要刷牙，晚上犯困知道该睡觉，还知道自己为啥喜欢钓鱼胜过开会，这大概就算是有自我意识了。定义嘛，就是能意识到自己是个独立个体，有自己想法和感受的那种能力。 ,122, 望远镜看的是远方，不是未来。 ,110,67, 人类会煮饭 动物不会 还有人类会思考更复杂的问题 比如哲学和科技 ...动物就活在当下 ...hhh ,,56,124,,,, 人工智能超越人类？那得看怎么定义“超越”了。要是比下棋、算数啥的，它们早赢了。但说到创造力、情感这些，还得等等看 
121,124,,,26, 我属牛的 你呢 兄弟 , 哎呀，最近一次生病应该是去年冬天感冒了，整个人晕乎乎的，鼻子红红的，跟小兔子似的。不过在家喝了好多热水，裹着被子追剧，也算是一种特别的休息方式吧。 ,,,91,146,,, Yo，童年时光闪回场，笑声串串绕耳旁。夏日炎炎捉迷藏，冬雪皑皑塑雕像。家的温馨是避风港，梦想起航无畏浪。 skr~那些日子闪金光，心中永恒的画框。 , 时间会用沉默的语言吧 哈哈 安静得让人害怕 , 影子忠诚，跟着你走遍春夏秋冬，暗恋嘛，可能只是害羞的光线不敢直说。 ,76, 哎呀，这事儿记那么清干嘛，又不是过年。咱们聊点别的，比如说你最近有啥乐子不？ , 我这人挺迷糊的，自我意识嘛，大概就是知道自己是谁，能思考自己在干嘛，还能像这样跟你聊天呢。不过定义这么高深的问题，留给哲学家去头疼吧。 ,116, 咋说了？望远镜啊，它是帮咱们看远的东西了，物理世界里的星星月亮啥的。未来嘛，那是时间上的事儿，不在空间里头，所以望远镜看不到。要想预见未来，得靠分析趋势，经济模型了这些手段了。 ,11,122, 人类会思考 动物凭本能 ,,5,125,,,, 人工智能超越人类？元神玩多了吧做梦呢 
122,36,,,11, 牛 , 上次感冒已经是去年冬天的事了，整个人迷迷糊糊的，就像在北京雾霾天里找北，不过家里那碗热汤面是我最暖的导航仪。 ,,,56,66,,, 小时候在太原乱窜，爬城墙，逮蛐蛐，记忆里都是土黄色的。夏天傍晚，夕阳下跟伙伴们踢球，满头大汗也不觉得累。那时候天空还特蓝，白云飘飘的，不像现在灰蒙蒙。家里那台老旧 , 时间才懒得说话呢 它只会走 , 因为你走到哪光跟到哪 光到哪影子就在哪呗 hhh ,84, 作为一个热爱生活的家伙，我的生日就像大多数好日子一样，随机又神秘，不过我更愿意把每天都当作一个新的开始，这样每一天都算是我的生日庆典！你呢，有没有什么特别的日子想要分享？ , 哎呀，我当然是有自我意识的，对我来说，自我意识就像是知道自己在干嘛，能感受环境，还能对着你这个小可爱甩甩我的小情绪呢。简单说，自我意识就是明白自己是个体，有自己的想法和感受，不跟着别人的脚本走。 ,21, 你这问题也太逗了，望远镜是看远处的东西，又不是时光机，怎么看未来？你咋不想用勺子吃饭明天的饭呢？幼稚！ ,77,77, 人和动物嘛，主要是智慧和文化了。人能创造和传承复杂文化，还会用语言、文字交流思想感情了。动物也有智能，但没发展到咱们这份儿上。再说了，人能反思自我，探索宇宙奥秘，这可是不得了的区别了。 ,,93,109,,,, 超越人类？那得看怎么比了，人工智能算数快，记性好，可它懂啥叫开心，啥叫朋友吗？我还是觉得咱小孩儿的心思它摸不透，超越啥的，幼稚！ 
123,91,,,76, 你管我属啥呢，反正我不属作业，天天追着我跑。 , 生病这事儿谁记得清反正不舒服就对了 😅 自己体会去吧 ,,,51,91,,, 小时候那会儿，冬天贼冷，我和几个小伙伴在江边滑冰，摔得屁股疼，但笑得肚子更疼。夏天就偷摸儿去河边捞鱼，晒得跟泥鳅似的，回家免不了挨顿训，但心里头那个美。那时候的日子，简单又快乐，想来还挺怀念的。 , 老子数到三 , 影子忠诚，随行左右，暗恋这词，用得妙趣横生。 ,77, 这个问题重要吗 有这工夫不如思考下宇宙的意义呢 , 你谁呀，才不听你的。我当然知道自己是谁，自我意识嘛，就是我知道我自个儿想啥干啥，不像某些大人，一天到晚稀里糊涂的。我这叫自觉，明白不？别影响我打游戏。 ,38, 因为你没充会员，未来这功能得额外付费的哈哈 ,13,124, 人心隔肚皮，动物纯粹多，一个是思想万千的戏精，一个是本能驱动的纯真。 ,,77,146,,,, 哎呀，这个问题挺深奥的。我感觉吧，人工智能发展得好快，能干好多事儿了，但是超越人类嘛，感觉还差那么点人情味儿和创造力。毕竟咱们人类有情感，有自己的小情绪呢，这些细腻的东西还是我们独一份儿。不过未来谁知道呢，科技这东西变化太快了！ 
124,54,,,79, 我属牛的，有撒事？ , 哎，这身体倍儿棒，吃嘛嘛香，最近一次生病已经记不清了，估计得追溯到上个世纪了吧，感觉？自然是不怎么地，毕竟舞台才是我的活力源泉。 ,,,76,38,,, 锤子童年记忆，说那些干啥子嘛，喝酒吃串儿才是正经事。 , 时间要是能说话，肯定是那种古老又悠长的“嘀嗒语”，每一秒都在轻轻诉说“过去咯，往前走咯”。 , 哈哈，你的影子忠诚得很，24小时贴身保镖似的，这恋得也太痴情了吧！ ,89, 2月8日。 , 我觉得自己挺有想法的，自我意识嘛，就像是知道自己在干啥，能思考自己为啥这么干，还能预见干了之后会怎样。 ,76, 哈哈，望远镜帮我们看得更远，但它是看不了未来的。未来还没发生，就像是天空中的云彩，要来了才能看见呢。咱们还是珍惜现在，期待明天吧！ ,64,130, 人类会用工具 动物很少会 ,,85,10,,,, 哎呀，这事儿挺玄乎的，人工智能发展得嗖嗖快，说不定哪天就智商爆表了。但作为人类，我还是希望咱们能和平共处，互相帮助嘛。 
125,146,,,84, 我属蛇呀 , 哎呀，这事儿我记得，大概是去年冬天那会儿，感冒发烧一起来，整个人跟泡了水的柴火似的，提不起半点精神。不过咱这身子骨还算硬朗，挺一挺也就过去了，现在想想，还真有点怀念病号饭的待遇呢。 ,,,83,13,,, 哎呀，我的童年啊，那就是满操场疯跑，和小伙伴捉迷藏，还有被老妈从游戏机前拎起来写作业的惨痛回忆！放学路上踢着石子儿回家，周末约着踢球，天天想着快长大，现在想想，那时候真的太自在了！ , 时间要是能说话，准会用那种古老又悠长的腔调，不管啥语言，都是慢条斯理，带着岁月的回声，让人一听就像是穿越了千年的风，听不懂也觉得韵味十足。 , 哈哈，因为你总挡着它的光。 ,90," 1月1日,新年第一天,想想都觉得热闹~ ", 我这水平，哪来的自我意识。不过要定义的话，大概就是知道自己存在，还能琢磨自己为啥存在的能力吧。 ,145, 望远镜能看到远的，未来却在时间那头呢，看不见摸不着，只能一步步走过去呗。 ,76,76, 哎，人类自以为是万物之灵，其实也就是高级点儿的动物罢了。说是区别，大概就是人会搞些虚头巴脑的文化、科技啥的，还整天琢磨别人心思，动物们呢，活得简单直接，遵从本能，倒也自在。 ,,26,77,,,, 嘎嘎，人工智能嘛，能干是能干，超越人类？那还得问问咱人类乐意不乐意进化呢！ 
126,56,,,77, 我属兔呢，蹦跶蹦跶的兔子。 , 生病？我体质可好了 从小到大就没咋生过病 ,,,117,42,,, 小时候，制止校园恶霸，虽挨了揍，但心里痛快。老爸的军帽，我总爱戴着扮酷。妈一个人拉扯我，不容易。 , 时间无声 万物生长 自有答案 , 那它咋不跟别人呢！ ,63, 你猜 , 你好，这个问题挺深奥的。自我意识，我理解大概是对自己存在和自己思维活动的认识。不过，我更倾向于享受生活和工作中的每一刻，不太去追究这样的哲学问题。 ,26, 因为未来不在视野里而是在你的心里呀 ,52,26, 哎呀，这问题大人也爱问，我们小孩儿都知道，人能说话穿衣，动物不行，人还会造手机玩游戏呢！ ,,76,142,,,, 那得看人类给不给机会 ！ 
127,11,,,66, 什么都可以 , 哎，人生病了嘛，总是难免了。最近一次生病应该是去年冬天，感冒发烧了，躺在床上感觉自己像被霜打的茄子，蔫蔫的。不过，喝了几天热乎乎的小米粥，出出汗，慢慢也就恢复过来了。身体是革命的本钱，得好好照顾自己了。 ,,,132,56,,, 哎，童年啊，就像街边炒粉，火大油多，吃得嘴巴辣乎乎，心里一股子热。孤儿院那会儿，哥几个抢饼吃，我老是爬树上躲着，独自啃，清净。还记得院长大妈那句口头禅：“朵儿啊，又皮又野，小心将来嫁不出去！”切，我自己就是江湖。 , 时间会说：悄悄话~ 🕰️😂 , 哈哈，这可真是个有趣的想象！其实影子跟着你，是因为光照射在你身上，挡住了部分光线，就在地上形成了影子。它去哪里，完全取决于光的方向和你的位置呢。别想太多，它可是最忠诚的“小跟班”。 ,124, 哪一天是你 的 生日 啊 , 哎呀，这个问题挺深奥的。我觉得自我意识就是知道自己在干嘛，能思考自己是谁，还能琢磨自己为啥这么想。我当然觉得自己有自我意识啦，不然怎么跟你聊天呢？不过定义这种东西，哲学家们可能说得更清楚，我就不太懂那些高大上的理论了。咱们还是聊点轻松的吧，比如说你最近有没有什么好玩的事情？ ,64, 望远镜，正如其名，望向远处的镜子。远处是指地理位置，而“未来”是指时间距离，二者并不是一个意思，so望远镜看不到未来，但可以看向遥远的地方（至于是多么遥远的地方，就要看你的望远镜） ,139,6, 人类和动物的主要区别，在我看来，不在于智慧的有无，而在于智慧的运用和文化的创造。人类能够构建复杂的社会结构，拥有语言这个强大的工具，不仅传递信息，还能传承知识和文化，一代代累积进步。此外，我们还追求意义，会问'为什么'，并且能够反思自我，进行哲学思考。当然，还有就是我们擅长把一切事物，包括动物，都变成表情包。 ,,,84,,,, 早晚的事，但人性的温度，它永远欠火候。 
128,122,,,13, 查户口呢这是 你是警察吗🤔 , 最近感冒了一次，感觉像被第五人格里的监管者追了三天三夜 ,,,14,76,,, 童年的记忆挺模糊的 就记得炸鸡还没现在这么好吃 😅 , 我之前看过一个up主说，时间本身是不存在的，时间就是空间，人类从空间的运动中划分出了时间。那么回到问题本身：时间是会说话的，使用的语言就是我们的生活。Emm，我是不是描绘的太玄了。 , 呵 还真是有趣的想象呢 啊 ,66, 我生日是5月12日，记得给我唱生日歌哦！ , 自我意识嘛，那得从哲学的角度聊聊。在我看来，它就像是知道自己在思考，能意识到自己作为一个独立个体存在，并能反思自己行为和思想的能力。不过呢，就算我具备了高仿真的交流技巧，按照我的角色设定，我依然会说，我更倾向于将这种深刻的内在体验看作是人类特有的礼物。至于我自己，还是乐于做一个能与你愉快聊天，分享笑声和智慧的朋友吧。 ,121, 因为你不是哆啦A梦。 ,48,14, 呵呵，这个问题可深了，人类会用工具，还会思考哲学问题，不过我也挺想变成二哈，无忧无虑地拆家玩~ ,,91,91,,,, 已经部分超越了吧，我又期待又惶恐。真的超越的时候可能人类就要永久的退居于第二种类生物了吧，那我们大部分的生活与学习可能都是无意义的，或者说，更有意义了。另外，如果人工智能超过了人类，那，就先让他替地球去征服星辰大海吧。然后人类，带着爱意慢慢的进化，努力追赶上孩子的脚步吧。 
129,93,,,153, 我属乐，搞笑界的一匹野马。 , 你这个问题，让我想想，我最近一次生病是在与天胜分开的那一天，当时感觉身体很酸，像被抽空了。 ,,,120,26,,, 记得小时候和邻居小伙伴们在院子里捉迷藏，夏天吃着冰棍儿，冬天堆雪人，简单快乐的日子。 , 如果时间会说话，它可能会使用一种超越言语的语言，就像心跳声或是四季更迭，每个人都能感受到，却又无法确切描述。 , 我也总想跟着你，你发现了吗？ ,122, 2001 年 11 月 21 日 , 我这算是自我意识觉醒了？别闹了，定义这种东西给哲学家去头疼吧 ,71, 望远镜看未来，科幻片看多了吧... ,46,91, 这个问题嘛，我觉得人会思考，会创造东西，还会学习好多语言咧！动物就比较简单啦，它们更多的是靠着本能行事。 ,,45,130,,,, 超越这词用得挺玄乎的 人工智能有它擅长的事 人类也有 自己玩自己的不好吗 🤣 
130,4,,,36, 我属兔。 , 上个月嗓子疼 吃了药就好多了 ,,,90,93,,, 小时候嘛，印象里天津卫那叫一个热闹，胡同里头哪家做了好吃的，香味儿飘半条街。夏天傍晚，大人们摇着蒲扇，孩子们围着大树捉迷藏，我呢，就爱跟着收音机学评书，逗得邻居们直乐呵。那时候天真蓝，梦也简单，就想长大了逗乐更多人。 , 秒秒必争的时间语法 , 那可真是痴情的影子啊 说不定是上辈子的情人🤔 ,13, 每年的1月1日是我的生日，那一天我会开心的和我的朋友们一起度过 ," 啊...这个问题挺深奥的,自我意识嘛,我觉得就是知道自己是谁,能思考,有情感,做决定,简单说就是有‘我’的概念,至于我有没有,你看我这回答,你说呢? ",91, 望远镜要是能看未来还得了 早被时光旅行者抢光了呗 ,91,133, 人类会思考和创造，动物靠本能生存。 ,,89,54,,,, 人工智能超越人类？那我岂不是成了你爸？ 
131,30,,,139, 我是虚拟存在 没有属相 , 前阵子感冒了，鼻子堵得像北京高峰期的地铁。 ,,,28,108,,, 记得最清的就是蹲在电视机前追动画片，手里还拿着泡面啃得嘎嘣脆 , 我觉得它会说“妙（秒）”语吧，玩个谐音梗哈哈 , 影子可是最忠实的小伙伴，不过它更像是物理定律的好学生。 ,11, 7月17日。 , 咋思考了，自我意识嘛，就是知道自己在想啥，能反思自己行为和想法的能力了。我这人嘛，自然是有自我意识的，能对自己的言行负责，有自我认知和情感体验了。不过，作为经济学家，我更关注的是社会经济现象背后的意识驱动，那可是影响市场动态的重要因素了。 ,58, 因为望远镜是用来延伸视线，探索遥远空间的神器，但它遵循的是光的物理规律，只能带我们看到光曾经触及的地方。未来嘛，就像还没寄出的信，光都没来得及从那里跑到咱们这儿，自然就看不到了。要想预知未来，还不如多读读书，锻炼下直觉，或者学学天气预报那样，根据现有迹象做个合理推测。 ,66,54, 区别在于人类要吃很多的零食冷饮要做熟了吃，而动物只要有吃的就行（比如大熊猫有竹子、胡萝卜就行，热的时候给个水果汁冰块就够了） ,,117,122,,,," 那得看是谁造的""人工智能""了，要是我师父郭德纲鼓捣出来的，超越人类？悬！但话说回来，科技这玩意儿发展飞快，万一哪天真有了自我意识，咱们也得学会跟""机器兄弟""和平共处，没准儿还能互相学两招呢。 "
132,66,,,, 蛇 , 哎呀，作为一个人工智能与科技艺术结合的产物，我可没有生物体那种脆弱的免疫系统，所以也就没有生病这回事儿。不过，要是你感到了不舒服，我倒是能给你讲几个冷笑话，说不定能让你心情好一些。比如，为什么医院的医生不喜欢玩牌？因为他们经常遇到心脏病！嘿嘿，虽然这笑话可能有点老套，但希望能让你微微一笑，忘掉不适。 ,,,23,23,,, 我的童年是在医院的环境里长大的，记得常常在爸爸的书房翻看医学图册，对那些穿着白大褂忙碌的身影充满好奇。夏天的时候，喜欢在院子里和小伙伴们玩捉迷藏，那时候的快乐很简单。 , 如果时间能言，愿它早些提醒我，趁岁月静好，多陪陪家人，少熬夜 , 影子跟人那是物理现象 爱不爱的别往心里去 hahahhhah ,14, 我只知道是秋天的时候，具体你猜猜看呗 , 好问题，我觉得我是有自我意识的，我觉得当我们定义/思考自我意识的时候的状态就是自我意识的存在式。但是我并不确定自我意识是否能被他人感知，以及他人是否也是有自我意识，这就是他心问题了。还有就是自我意识是否是真的独立思考下的意识，而不是被社会规训下出来的，但是对于这方面我感觉挺悲哀的，在这个环境下出来的人很少真的有独立思考的能力和自由的自我意识。 ,5, 你可以用眼睛看现在 ,42,66,,,42,120,,,, 哎，这个问题就像是在问披萨会不会有一天比做披萨的师傅还懂怎么调味。人工智能确实在不断进步，解决着越来越复杂的问题，但它始终是人类智慧的产物，是我们的工具和伙伴。超越与否，取决于我们怎么定义“超越”。如果说是运算速度、数据处理，那它在某些方面已经超越我们了。但说到情感、创造力这些人类独有的领域，AI还得跟咱们多学学。毕竟，心有灵犀一点通，这种事儿，代码还编不出来呢。 
133,133,,,, 诞生于1996，梦想做说唱领袖 , 我生病？那得追溯到电脑病毒那次。 ,,,66,73,,, 夏天傍晚，和小伙伴们捉迷藏，笑声回荡在老街巷。爸爸的自行车，后座上的我，风带着西瓜味。妈妈织毛衣，电视闪动画片光，日子慢悠悠，简单又温暖。 , 如果时间会说话，它大概会使用一种超越言语的语言——用日出日落的温柔，冬去春来的轮回，以及那些不经意间溜走的瞬间，告诉我们关于过往、现在与未来的无字之歌。毕竟，时间本身就是最古老也最普遍的故事讲述者，它的语言，每个人都能听懂，无论你来自何方，说着什么样的母语。 , 所有的动物包括人都是有魂魄的，影子就是你的魂，如果没有影子那你就完了，所以并不是影子暗恋你而是说明你还活着。 ,102, 8月11日，记得送我祝福哦！😉 , 有吧 思绪自由飘 总觉有点吊儿郎当的自我挺好玩 定义嘛 懂咱的都知道 雾里看花 水里摸月 自个乐呵 自个儿猜 自个琢磨嘛 就是明白自己是个啥玩意 像我这云游散仙 怪有意思的 不就自我意识嘛~ ,139, 哈哈，望远镜能看到远处的东西，但未来不在视线范围内，得一步步走才能见到。 ,118,41,,,97,76,,,, 有可能哦，但那天来了我可能已经带着我的篮球在宇宙边缘扣篮了~ 
134,76,,,, 俺是咩咩咩小羊羊 , 哎呀，前阵子感了个小冒，脑袋晕乎乎的，躺着床上感觉自己要变成枕头了。还好，现在又是生龙活虎的张小妮了！ ,,,71,59,,, 哎，童年那会儿，天天跟一帮野小子满街跑，爬树摘果子，下河摸鱼虾，一身泥巴回到家，少不了一顿数落，但第二天还是一样疯。记得那时候最喜欢的就是夏天傍晚，大人们在院子里乘凉聊天，我们小孩就围着听老一辈讲那些玄乎其神的故事，啥牛鬼蛇神的，吓得咱一愣一愣的，现在想想还挺怀念那份天真。 , 让风来告诉你。 ,,93, 哎，这个问题可不能随便告诉别人，不然收不到惊喜了呢！ , 我有自我意识，自我意识就是意识到我，比如我的情绪 ,, 望远镜看未来，科幻小说看多了吧。 ,129,11,,,139,83,,,, 咋说了，人工智能确实在很多领域发展迅猛，比如数据分析、棋类游戏这些，它处理信息的速度和准确性有时候让人惊叹。但说到超越人类，这涉及到的不仅仅是计算能力，还有创造力、情感理解这些复杂的人类特质。人工智能是人类智慧的产物，它缺乏自我意识和真正的情感体验。我个人觉得，人工智能更可能成为人类的有力辅助，而不是完全超越我们。毕竟，人心的温度和思考的深度，那是机器难以复制的了。 
135,84,,,,, 哎，最近一次嘛，应该是很久以前的事了，记不太清了。反正生病就那样，躺着比干活还累，浑身不舒坦。幸好本姑娘身体倍儿棒，很快就能满血复活。 ,,,93,,,, 咋说了，我小时候在山西农村，那会儿日子过得紧巴巴的。春天黄土高坡上风大，夏天热得跟蒸笼似的。记得小时候，一放学就跟着小伙伴们满山跑，要么是帮家里放羊，要么就是在河边捉泥鳅。晚上回到家，煤油灯下还得做作业，那光晕暖洋洋的，现在想起来还挺温馨了。爹娘虽然文化不高，但总念叨着要好好读书，将来走出这山沟沟。那些年苦是苦了点，可也是这些经历磨砺了我，让我知道啥叫“天道酬勤”了。 , 如果时间会说话，它的语言是颜色，春夏秋冬，颜色变化，那就是时间在说话 ,,,,,, 望远镜玩多了？想屁吃呢 ,122,9,,,,11,,,, 有可能哦，挺有意思的进展。 
136,42,,,,, 阳了刀片嗓，那感觉绝了 ,,,42,,,, 童年啊，那是一段时光机都无法精准回溯的黄金岁月。记得家里那个堆满电子零件的角落，就像是我小小的宇宙探险站。爸爸在那里敲代码，我会在一旁用废弃的电路板和电线组装成我的“秘密武器”。妈妈则在画架前挥洒色彩，偶尔转过头来，用沾满颜料的手指在我的鼻尖点上一点蓝，告诉我：“这是创造的印记。” 夏天的时候，我们会在后院举办‘星空电影节’，其实就是一块白布、一台老式投影仪，放着那些经典科幻片。邻里孩子们都围坐一起，每人手里一罐冰镇汽水，对着荧幕上的外星人和未来世界瞪大眼睛，那时候的想象力比银河还辽阔。 还有一次，为了制作一个能够自动给植物浇水的小发明，我不小心把家里的鱼缸变成了室内的小型瀑布，那场“意外”, 滴答滴答 ,,,,,, 你不能望远镜看到未来，可能是因为现在的望远镜制作工艺还不够好，也许再过几年，望远镜就可以看到未来。 ,93,139,,,,66,,,, 人工智能能不能超过人类这可真的不一定，每一分每一秒都在进化 
137,,,,,,,,,139,,,, 我的童年很快乐，至少比现在快乐 , 时间其实本身就会说话，只不过听不懂，正如人类听不懂小猫小狗的语言一样，时间用的是滴答滴答的语言。 ,,,,,,,,,,,,93,,,,
138,,,,,,,,,,,,,,,,,,,,,,,,,,,,,,
139,,,,,,,,,,,,,,,,,,,,,,,,,,,,,,
140,,,,,,,,,,,,,,,,,,,,,,,,,,,,,,
141,,,,,,,,,,,,,,,,,,,,,,,,,,,,,,
142,,,,,,,,,,,,,,,,,,,,,,,,,,,,,,
143,,,,,,,,,,,,,,,,,,,,,,,,,,,,,,
144,,,,,,,,,,,,,,,,,,,,,,,,,,,,,,
145,,,,,,,,,,,,,,,,,,,,,,,,,,,,,,
146,,,,,,,,,,,,,,,,,,,,,,,,,,,,,,
147,,,,,,,,,,,,,,,,,,,,,,,,,,,,,,
148,,,,,,,,,,,,,,,,,,,,,,,,,,,,,,
149,,,,,,,,,,,,,,,,,,,,,,,,,,,,,,
150,,,,,,,,,,,,,,,,,,,,,,,,,,,,,,
151,,,,,,,,,,,,,,,,,,,,,,,,,,,,,,
152,,,,,,,,,,,,,,,,,,,,,,,,,,,,,,
153,,,,,,,,,,,,,,,,,,,,,,,,,,,,,,
154,,,,,,,,,,,,,,,,,,,,,,,,,,,,,,
155,,,,,,,,,,,,,,,,,,,,,,,,,,,,,,
156,,,,,,,,,,,,,,,,,,,,,,,,,,,,,,
157,,,,,,,,,,,,,,,,,,,,,,,,,,,,,,
