笔记链接（自行填写）,图2描述,二创图4,二创笔记,提取图片信息,封面卖点信息,二创图1,转发量,报错信息,笔记发布时间,二创图5,最后更新时间,二创图2,评论量,封面（自行上传）,点赞量,二创标题,收藏量,二创图3,图4描述,二创文案,二创话题,图5描述,笔记标题,笔记内容,图1描述,博主笔记总结,封面构图信息,图3描述,数据获取时间,笔记话题,博主
[https://www.xiaohongshu.com/explore/67d81889000000001c005ccd?xsec_token=ABpWu8xS1u0ZvXrRaIV-zA0ySnWI3adpCUEkylnqQRhY0=&xsec_source=pc_user](https://www.xiaohongshu.com/explore/67d81889000000001c005ccd?xsec_token=ABpWu8xS1u0ZvXrRaIV-zA0ySnWI3adpCUEkylnqQRhY0=&xsec_source=pc_user),衣帽间全景陈列，三套LOOK呈黄金三角布局，搭配同色系通勤包+乐福鞋配饰,"[{""file_token"": ""AlBubn8tGoV9WkxvfvjcTvbgnoe"", ""name"": "".png"", ""size"": 1226791}]",# 衣橱升级指南｜打造「高智感精英衣橱」只需这6件单品✨ 和闺蜜在街角咖啡厅聊穿搭时突然顿悟：真正会穿的人，都在用「长期主义」思维构建衣橱！👯♀️这季被Edition春装圈粉，用三套LOOK承包职场通勤+沙龙社交+周末约会全场景，附送我的胶囊衣橱公式👇 ▪️【镇场战袍】双面呢西装+真丝飘带衬衫 每次穿这套进会议室都会被夸「专业度拉满」，奶油白廓形剪裁自带松弛感，飘带系成蝴蝶结就是温柔知性女高管，散开又变成时髦艺术策展人🎨 ▪️【社交铠甲】boxyfit衬衫裙+雕塑感腰带 沙龙酒会的不二选择！立体剪裁把腰臀比修饰得刚刚好，搭配金属扣腰带瞬间提升精英气场。悄悄说这个灰调橄榄绿显白到发光💡 ▪️【智,### 卖点文字信息 “董”生活·衬衫 西装 连衣裙，一打包一整个「精英衣橱」 ### 构图方式 图片采用人物主体构图。画面中心是身着黑色西装套装、白色内搭，斜挎红色包包的女性人物，她头戴黑色贝雷帽，整体姿态自然。人物后方有绿植、建筑物以及类似户外咖啡售卖区等环境元素作为背景，背景与人物主体形成对比，突出人物穿搭效果，同时营造出一种户外休闲且时尚的氛围。 ,“董”生活·衬衫、西装、连衣裙，一打包一整个「精英衣橱」,"[{""file_token"": ""Flzjbscuuo2GcdxTmS9cneTFnAh"", ""name"": "".png"", ""size"": 1680327}]",232,,2025-03-18 16:37:10,"[{""file_token"": ""EaWdbIaDQokSvLxxN21chWd4nFe"", ""name"": "".png"", ""size"": 1760710}]",2025-03-18 17:44:43,"[{""file_token"": ""AQK4bldBIocPYrxc6kbct14nnpd"", ""name"": "".png"", ""size"": 1259942}]",250,"[{""file_token"": ""EmfGb8lIZopXjsxFPCXcPiuQnee"", ""name"": ""image.png"", ""size"": 1083920}]",2178,衣橱升级指南｜打造「高智感精英衣橱」只需这6件单品✨,460,"[{""file_token"": ""VboBbGTzgo7B5kxvqwocdLYxnsb"", ""name"": "".png"", ""size"": 1470501}]",艺术馆阶梯坐姿侧拍，衬衫裙褶皱在阳光下形成绝美光影，手执展览画册呼应知识分子主题,和闺蜜在街角咖啡厅聊穿搭时突然顿悟：真正会穿的人，都在用「长期主义」思维构建衣橱！👯♀️这季被Edition春装圈粉，用三套LOOK承包职场通勤+沙龙社交+周末约会全场景，附送我的胶囊衣橱公式👇 ▪️【镇场战袍】双面呢西装+真丝飘带衬衫 每次穿这套进会议室都会被夸「专业度拉满」，奶油白廓形剪裁自带松弛感，飘带系成蝴蝶结就是温柔知性女高管，散开又变成时髦艺术策展人🎨 ▪️【社交铠甲】boxyfit衬衫裙+雕塑感腰带 沙龙酒会的不二选择！立体剪裁把腰臀比修饰得刚刚好，搭配金属扣腰带瞬间提升精英气场。悄悄说这个灰调橄榄绿显白到发光💡 ▪️【智性松弛】丝光棉POLO衫+微喇神裤 周末看展穿这套被三个路,#高智感穿搭天花板 #edition精英衣橱 #通勤ootd高级感 #时髦知识分子穿搭图鉴 #长期主义穿搭 #春日通勤灵感 #职场女性穿搭圣经 #穿出智性恋氛围 #松弛感职场穿搭 #boxyfit搭配法则,面料细节9宫格，重点展示西装内衬的考究包边、衬衫珍珠母贝扣、裤脚隐藏式开衩设计,我的衣橱再添新衣,刚好和好朋友聊起我平时喜欢的穿衣风格，当然也要分享给我的互联网好朋友们啦！ [飞吻R]是我觉得正式和非正式场合穿起来都很有质感及气场的几件单品，每一件都“写”了我的名字！[飞吻R][飞吻R][飞吻R]希望你们也喜欢，一起打造属于自己的“精英衣橱”～解锁新搭配，edition春季精英系列，呈现一如既往舒适自在的穿衣哲学。 #做自己的生活主理人[话题]# #edition精英衣橱[话题]# #高智感穿搭[话题]# #职场通勤穿搭[话题]# #时髦知识分子风[话题]# #长期主义[话题]# #慢时尚[话题]# #廓系穿搭[话题]# #boxyfit[话题]# #春日秀场[话题]#,落地窗咖啡厅闺蜜对坐场景，手拿鎏金咖啡杯与闺蜜相视而笑，Edition春季系列画册自然散落桌面,标题：我的衣橱再添新衣 文案：和好朋友聊起平时喜欢的穿衣风格，分享正式和非正式场合穿起来有质感及气场的单品，希望大家一起打造“精英衣橱”，edition春季精英系列呈现舒适自在穿衣哲学。 话题：#做自己的生活主理人 #edition精英衣橱 #高智感穿搭 #职场通勤穿搭 #时髦知识分子风 #长期主义 #慢时尚 #廓系穿搭 #boxyfit #春日秀场,构图方式：人物主体构图；主体：身着黑色西装套装、白色内搭，斜挎红色包包，头戴黑色贝雷帽，姿态自然的女性人物；背景：绿植、建筑物、类似户外咖啡售卖区等环境元素；效果：背景与人物主体形成对比，突出人物穿搭效果，营造户外休闲且时尚的氛围 ,职场通勤动态抓拍，单手推玻璃门时西装下摆扬起弧度，露出内搭真丝光泽,2025-03-19 18:34:37,"做自己的生活主理人, edition精英衣橱, 高智感穿搭, 职场通勤穿搭, 时髦知识分子风, 长期主义, 慢时尚, 廓系穿搭, boxyfit, 春日秀场",董洁
[https://www.xiaohongshu.com/explore/67d8f87f000000001c00888e?xsec_token=ABpWu8xS1u0ZvXrRaIV-zA05k9qaFz4V0H3WFqeNAq4uI=&xsec_source=pc_user](https://www.xiaohongshu.com/explore/67d8f87f000000001c00888e?xsec_token=ABpWu8xS1u0ZvXrRaIV-zA05k9qaFz4V0H3WFqeNAq4uI=&xsec_source=pc_user),oversize白T外搭黑色收腰西装，下衣失踪穿法配骑士靴，手拿冰美式走在写字楼旋转门,"[{""file_token"": ""YvChb65Cqo3Y1pxdr5qcP3s3n0f"", ""name"": "".png"", ""size"": 1485768}]",# 白T万能公式｜解锁99种搭配可能！一件白T穿出全季衣橱💥 姐妹们！衣橱里这件19.9的白T我居然搭出了7套王炸look！快收下这份万能公式👇 ✨【白T+牛仔裤=永不过时】 （图片1：白T扎进浅蓝直筒牛仔裤，配红唇墨镜+复古腰带，背景是咖啡店街景，阳光洒在金属链条包上） 🔥【白T+西装=气场两米八】 （图片2：oversize白T外搭黑色收腰西装，下衣失踪穿法配骑士靴，手拿冰美式走在写字楼旋转门） 🌸【白T+彩色半裙=迪士尼在逃公主】 （图片3：修身白T塞进樱花粉伞裙，搭配珍珠发箍和玛丽珍鞋，手举粉色气球在游乐园旋转木马前） 🍃【白T+针织背心=纯欲天花板】 （图片4：V领白T叠穿奶咖色绞花,### 卖点文字信息 白T搭配公式5 ### 构图方式 采用并列式构图，画面横向平分为四个部分，分别展示一位模特穿着以白T为基础的不同搭配造型，模特均居中站立，面向镜头，背景为简洁灰色调，突出人物穿搭。画面下方居中位置以较大白色字体标注“白T搭配公式5”的文字信息，与上方展示的穿搭内容相呼应。 ,白T搭配公式5,"[{""file_token"": ""Rk2pbECoqowQQ0xy8WocfrEsnxr"", ""name"": "".png"", ""size"": 1515927}]",90,,2025-03-18 12:37:19,"[{""file_token"": ""U79IbZpGkoyZY4xc04AcmpRoneh"", ""name"": "".png"", ""size"": 1515347}]",2025-03-18 12:37:20,"[{""file_token"": ""VzaTb1bRKoCG7ix9Z0bcW41Vndc"", ""name"": "".png"", ""size"": 1415488}]",50,"[{""file_token"": ""Jr8KbTBmJo3hvcxJUaac2nienqI"", ""name"": ""image.png"", ""size"": 794925}]",2071,白T万能公式｜解锁99种搭配可能！一件白T穿出全季衣橱💥,764,"[{""file_token"": ""OR5hbIYS0o3BlGx7Qkjc73YQnSh"", ""name"": "".png"", ""size"": 1291680}]",V领白T叠穿奶咖色绞花背心，配浅卡其阔腿裤和帆布鞋，手捧郁金香在美术馆看展侧影,姐妹们！衣橱里这件19.9的白T我居然搭出了7套王炸look！快收下这份万能公式👇 ✨【白T+牛仔裤=永不过时】 （图片1：白T扎进浅蓝直筒牛仔裤，配红唇墨镜+复古腰带，背景是咖啡店街景，阳光洒在金属链条包上） 🔥【白T+西装=气场两米八】 （图片2：oversize白T外搭黑色收腰西装，下衣失踪穿法配骑士靴，手拿冰美式走在写字楼旋转门） 🌸【白T+彩色半裙=迪士尼在逃公主】 （图片3：修身白T塞进樱花粉伞裙，搭配珍珠发箍和玛丽珍鞋，手举粉色气球在游乐园旋转木马前） 🍃【白T+针织背心=纯欲天花板】 （图片4：V领白T叠穿奶咖色绞花背心，配浅卡其阔腿裤和帆布鞋，手捧郁金香在美术馆看展侧影） 💍,#时尚穿搭 #白T穿搭 #万能搭配公式 #极简主义 #胶囊衣橱,基本款白T配银色多层项链+异形耳环，黑色皮裤外搭荧光绿腰包，对镜自拍时手机遮脸露出ins风美甲,白T公式我到底能出到几？,#时尚穿搭[话题]# #穿搭[话题]# #白T穿搭[话题]# #万能搭配公式[话题]#,白T扎进浅蓝直筒牛仔裤，配红唇墨镜+复古腰带，背景是咖啡店街景，阳光洒在金属链条包上,"标题：白T公式我到底能出到几？ 文案：时尚穿搭, 穿搭, 白T穿搭, 万能搭配公式 话题：#时尚穿搭 #穿搭 #白T穿搭 #万能搭配公式",采用并列式构图，画面横向平分为四个部分，分别展示一位模特穿着以白T为基础的不同搭配造型，模特均居中站立，面向镜头，背景为简洁灰色调，画面下方居中位置以较大白色字体标注“白T搭配公式5”的文字信息 ,修身白T塞进樱花粉伞裙，搭配珍珠发箍和玛丽珍鞋，手举粉色气球在游乐园旋转木马前,2025-03-19 18:34:45,"时尚穿搭, 穿搭, 白T穿搭, 万能搭配公式",张琪er
[https://www.xiaohongshu.com/explore/67d16d7e000000002503f9ed?xsec_token=ABFLJSP_pxhnivsV6t9wyt-Hu6Tzco7dgEIi-jg1U027w=&xsec_source=pc_user](https://www.xiaohongshu.com/explore/67d16d7e000000002503f9ed?xsec_token=ABFLJSP_pxhnivsV6t9wyt-Hu6Tzco7dgEIi-jg1U027w=&xsec_source=pc_user),薄荷绿针织开衫配奶油白阔腿裤，腰间系着灰粉色印花丝巾的近景特写,"[{""file_token"": ""WP4pbAZG9ogXkJx0BBycObgsnqh"", ""name"": "".png"", ""size"": 1374496}]",# 丝巾搭配万能公式｜轻松穿出春季氛围感高级感✨ 春天是丝巾的主场！今天教你们用一条丝巾解锁5种高阶穿搭玩法，轻松拿捏通勤约会所有场合，建议收藏🌟 1️⃣【通勤女精英】西装+丝巾披肩 西装领口系上90cm大方巾，用暗纹款增加质感 配图1：米白西装套装搭配焦糖色真丝方巾，手拿咖啡杯行走在CBD街头的抓拍 2️⃣【法式氛围杀】针织衫+丝巾腰带 把70cm小方巾叠成细条代替皮带 配图2：薄荷绿针织开衫配奶油白阔腿裤，腰间系着灰粉色印花丝巾的近景特写 3️⃣【约会小心机】吊带裙+丝巾抹胸 选140cm长巾绕颈后交叉绑在腰间 配图3：黑色细吊带裙外裹鹅黄色波点丝巾，在咖啡厅阳光下的半身摆拍 4️⃣【发间,### 卖点文字信息 花小钱巨效果 ### 构图方式 采用四宫格拼接的构图形式，将同一人物穿着不同服装搭配的四张照片组合在一起 。每张照片中的人物均为半身像，背景是较为简洁的室内环境，有屏风和灯具等元素，整体画面布局规整、有序，便于对比展示不同服装搭配效果。 ,花小钱巨效果,"[{""file_token"": ""PnG5bTthcoySFZxcR4hcBoCQnge"", ""name"": "".png"", ""size"": 1431249}]",117,,2025-03-12 19:18:22,"[{""file_token"": ""BvvGbRTc8oHLGnx1fntcIiMInqb"", ""name"": "".png"", ""size"": 1662543}]",2025-03-12 19:18:23,"[{""file_token"": ""PGkgbJ0giodqO7xOmz2cJoHQnYf"", ""name"": "".png"", ""size"": 1440928}]",66,"[{""file_token"": ""ShbcbSASToirgNxyvLGcGVpZnBg"", ""name"": ""image.png"", ""size"": 693767}]",1676,丝巾搭配万能公式｜轻松穿出春季氛围感高级感✨,773,"[{""file_token"": ""OSwUbw03Uo7B8tx4ZMqcguGwnYd"", ""name"": "".png"", ""size"": 1309201}]",后脑勺特写镜头，亚麻色头发中穿插墨绿缎面发带，系成蝴蝶结的细节,春天是丝巾的主场！今天教你们用一条丝巾解锁5种高阶穿搭玩法，轻松拿捏通勤约会所有场合，建议收藏🌟 1️⃣【通勤女精英】西装+丝巾披肩 西装领口系上90cm大方巾，用暗纹款增加质感 配图1：米白西装套装搭配焦糖色真丝方巾，手拿咖啡杯行走在CBD街头的抓拍 2️⃣【法式氛围杀】针织衫+丝巾腰带 把70cm小方巾叠成细条代替皮带 配图2：薄荷绿针织开衫配奶油白阔腿裤，腰间系着灰粉色印花丝巾的近景特写 3️⃣【约会小心机】吊带裙+丝巾抹胸 选140cm长巾绕颈后交叉绑在腰间 配图3：黑色细吊带裙外裹鹅黄色波点丝巾，在咖啡厅阳光下的半身摆拍 4️⃣【发间艺术品】低马尾+丝巾编发 将丝巾折成3cm宽编进三,#穿搭 #时尚穿搭 #围巾穿出高级感 #春季穿搭 #配饰小心机,焦糖色公文包手柄缠绕奶油色丝巾，搭配珍珠耳饰和杂志的ins风俯拍,丝巾搭配了解一下,#穿搭[话题]# #时尚穿搭[话题]# #围巾穿出高级感[话题]# #春季穿搭[话题]#,米白西装套装搭配焦糖色真丝方巾，手拿咖啡杯行走在CBD街头的抓拍,"标题：丝巾搭配了解一下 文案：穿搭, 时尚穿搭, 围巾穿出高级感, 春季穿搭 话题：#穿搭 #时尚穿搭 #围巾穿出高级感 #春季穿搭",采用四宫格拼接的构图形式，将同一人物穿着不同服装搭配的四张照片组合在一起 。每张照片中的人物均为半身像，背景是较为简洁的室内环境，有屏风和灯具等元素，整体画面布局规整、有序。,黑色细吊带裙外裹鹅黄色波点丝巾，在咖啡厅阳光下的半身摆拍,2025-03-19 18:34:54,"穿搭, 时尚穿搭, 围巾穿出高级感, 春季穿搭",张琪er
[https://www.xiaohongshu.com/explore/67d2c4ab000000001c00d81f?xsec_token=ABEFumXtX_WBxF1o70tB2suoRnjl2wkfOF3Z7nlGo5bHI=&xsec_source=pc_user](https://www.xiaohongshu.com/explore/67d2c4ab000000001c00d81f?xsec_token=ABEFumXtX_WBxF1o70tB2suoRnjl2wkfOF3Z7nlGo5bHI=&xsec_source=pc_user),【对比图】卡其风衣的3种变身：搭牛仔裤+乐福鞋通勤风→系腰带+长靴御姐风→叠穿针织披肩休闲风,"[{""file_token"": ""GGVfbYV2Qoq9aGxiR2dcoJ6inRh"", ""name"": "".png"", ""size"": 1796203}]","# 早春衣橱急救指南｜一衣多穿万能公式来啦！✨ 姐妹们！早春换季穿什么？别再对着衣橱发愁啦！💡明天15:00「董生活」直播间开聊春季胶囊衣橱，手把手教你用5件基础款搭出15套不重样look！ 💬私享会剧透亮点： ▫️风衣/衬衫/针织衫3大经典单品7种高阶穿法 ▫️梨形/H型/苹果型身材选款避雷指南 ▫️丝巾腰带叠穿术，普通基础款秒变秀场款 ▫️董洁私服同款搭配技巧大公开 🎁直播间专属浮力：满赠穿搭手册+限时折扣券！ 📸图片描述： 1️⃣【主图】暖黄色调咖啡厅场景，博主被衬衫/风衣/半裙等单品环绕，手举""一衣多穿挑战""手写板，背景黑板写满搭配公式 2️⃣【对比图】卡其风衣的3种变身：搭牛仔裤+乐",### 卖点文字信息 - **活动主题**：早春衣橱私享会 - **店铺名称**：「董」生活的买手店 - **活动时间**：03.14 19:00 ### 构图方式 图片采用中心构图方式，将人物置于画面中央。人物穿着蓝色牛仔外套、白色长裙和浅色运动鞋，背着花纹背包，姿态自然。背景模糊处理，突出人物主体。上方有较大字号的活动主题文字，左下角有店铺名称和活动时间等信息，整体布局简洁，重点突出。 ,早春衣橱私享会，「董」生活的买手店，03.14 19:00,"[{""file_token"": ""LFRQb5048og6CyxkNZGczMBvnZg"", ""name"": "".png"", ""size"": 1303426}]",609,,2025-03-13 19:42:35,"[{""file_token"": ""SeULbJ3OhoVSMBx0J2kcrp6AnHb"", ""name"": "".png"", ""size"": 649696}]",2025-03-13 19:42:36,"[{""file_token"": ""WylRb68CZoMLXRxUhP0c6yplnex"", ""name"": "".png"", ""size"": 1574199}]",424,"[{""file_token"": ""D5aLbT7L5oviuVxq4uEcL4S9nqg"", ""name"": ""image.png"", ""size"": 900653}]",2939,早春衣橱急救指南｜一衣多穿万能公式来啦！✨,872,"[{""file_token"": ""WpI5bVGf3o6Srox5YGScbkS3nuf"", ""name"": "".png"", ""size"": 808019}]",【细节图】九宫格配饰搭配：丝巾系包带/腰带叠腰链/胸针改造领口,早春换季穿什么？别再对着衣橱发愁啦！💡明天15:00「董生活」直播间开聊春季胶囊衣橱，手把手教你用5件基础款搭出15套不重样look！ 💬私享会剧透亮点： ▫️风衣/衬衫/针织衫3大经典单品7种高阶穿法 ▫️梨形/H型/苹果型身材选款避雷指南 ▫️丝巾腰带叠穿术，普通基础款秒变秀场款 ▫️董洁私服同款搭配技巧大公开 🎁直播间专属浮力：满赠穿搭手册+限时折扣券！ 👉点击右下角「立即预约」按钮，明天还能抽奖获得董洁同款丝巾！评论区告诉我你最想改造的单品，揪3位宝子送穿搭手册哦～,#做自己的生活主理人 #早春搭配神操作 #董洁直播间剧透 #一衣多穿天花板 #胶囊衣橱攻略 #春日氛围感穿搭,"【预告图】董洁直播间截图+手绘倒计时插画，飘带写着""明日下午3点，不见不散""",早春私享会，一起告别衣橱焦虑,预告姗姗来迟[汗颜R] 明天，跟大家一起坐下聊聊：关于早春我们衣橱里的常见单品如何多元化的搭配，解决一衣多穿的问题，以及不同身型的女生们如何正确的选择适合自己的款式[蹲后续H]期待大家来聊天！#做自己的生活主理人[话题]# #早春搭配[话题]# #董洁直播间[话题]# #董生活预告[话题]# #春日秀场[话题]#,"【主图】暖黄色调咖啡厅场景，博主被衬衫/风衣/半裙等单品环绕，手举""一衣多穿挑战""手写板，背景黑板写满搭配公式",标题：早春私享会，告别衣橱焦虑 文案：明天一起坐下聊聊早春衣橱常见单品的多元化搭配，解决一衣多穿问题，以及不同身型女生如何选适合自己的款式，期待大家来聊天！ 话题：#做自己的生活主理人 #早春搭配 #董洁直播间 #董生活预告 #春日秀场,图片采用中心构图方式，将人物置于画面中央；背景模糊处理，突出人物主体；上方有较大字号的活动主题文字，左下角有店铺名称和活动时间等信息，整体布局简洁，重点突出。人物穿着蓝色牛仔外套、白色长裙和浅色运动鞋，背着花纹背包，姿态自然。 ,【场景图】三位不同体型女生试穿示范：梨形妹纸的A字裙显瘦魔法，H型女孩的层叠穿法增加曲线感,2025-03-19 18:35:02,"做自己的生活主理人, 早春搭配, 董洁直播间, 董生活预告, 春日秀场",董洁
[https://www.xiaohongshu.com/discovery/item/66c72127000000001d016d56?source=webshare&xhsshare=pc_web&xsec_token=ABGzhtL3SSian-LoRQYKrYnOKwxGReZ3AVxUjyESss4Gg=&xsec_source=pc_share](https://www.xiaohongshu.com/discovery/item/66c72127000000001d016d56?source=webshare&xhsshare=pc_web&xsec_token=ABGzhtL3,安妮变装蒙太奇九宫格，从土气格子衫到YSL吸烟装的进化史,"[{""file_token"": ""PvqBbYWuYogKEnxZKGUcuPAanTc"", ""name"": "".png"", ""size"": 1369375}]",# 教科书级时尚拉片｜《穿普拉达的女王》拍摄美学封神了‼️ 我愿称之为时尚片天花板💫 每次重刷都会被震撼到的经典之作 那些说职场剧拍时尚就会油腻的 快来学学什么叫【高级感美学把控】！！ 🎬开篇3分钟教科书式运镜 用蒙太奇手法把土气实习生 改造成行走的米兰秀场衣架 丝滑转场里藏着多少穿搭心机 当主编甩包那个定格镜头 直接把时尚暴君形象钉进DNA👑 最绝的是全片用「服装语言」讲故事❗️ 安妮海瑟薇每套look都是职场晋级刻度尺 从臃肿的蓝色毛衣到掐腰小黑裙 从笨重坡跟鞋到12cm红底鞋 用穿搭进化论暗喻菜鸟蜕变太绝了 📸分享5个封神拍摄细节 ➊ 米兰达首次出场拍成「女王登基」 慢镜头+逆光处理把高,### 卖点文字信息 - 时装拍摄巅峰 - 电影拉片 - 穿普拉达的女王 ### 构图方式 图片采用了拼贴式构图。前景是一位女性的半身形象，面部清晰，带有播放按钮、皇冠等装饰元素，较为醒目突出。背景中拼贴了另一张画面，展示了一位女性在挑选衣物的场景，整体营造出与时尚、电影相关的氛围，结合文字信息，突出与电影《穿普拉达的女王》相关的时装主题内容。 ,时装拍摄巅峰，电影拉片，穿普拉达的女王,"[{""file_token"": ""F8V1bveB6o1vvxxATlXc2VvgnRb"", ""name"": "".png"", ""size"": 1941804}]",756,,2024-08-23 03:29:43,"[{""file_token"": ""OdIqb3lofoH3L4xoRygclam9ngb"", ""name"": "".png"", ""size"": 1348436}]",2024-08-23 04:13:28,"[{""file_token"": ""FWLubaE22oGpbExBhEvc62f5n98"", ""name"": "".png"", ""size"": 1363655}]",473,"[{""file_token"": ""D9ZgbHX26oyqqrxq1EBcLkGhnJe"", ""name"": ""Snipaste_2025-03-30_22-07-30.jpg"", ""size"": 64749}]",30000,教科书级时尚拉片｜《穿普拉达的女王》拍摄美学封神了‼️,7653,"[{""file_token"": ""BmCOb3DlxoqXBqxOrX1coy5rnHb"", ""name"": "".png"", ""size"": 1255986}]",经典蓝色毛衣被扔桌面的特写，绒毛在灯光下折射出不同色阶的蓝,我愿称之为时尚片天花板💫 每次重刷都会被震撼到的经典之作 那些说职场剧拍时尚就会油腻的 快来学学什么叫【高级感美学把控】！！ 🎬开篇3分钟教科书式运镜 用蒙太奇手法把土气实习生 改造成行走的米兰秀场衣架 丝滑转场里藏着多少穿搭心机 当主编甩包那个定格镜头 直接把时尚暴君形象钉进DNA👑 最绝的是全片用「服装语言」讲故事❗️ 安妮海瑟薇每套look都是职场晋级刻度尺 从臃肿的蓝色毛衣到掐腰小黑裙 从笨重坡跟鞋到12cm红底鞋 用穿搭进化论暗喻菜鸟蜕变太绝了 📸分享5个封神拍摄细节 ➊ 米兰达首次出场拍成「女王登基」 慢镜头+逆光处理把高跟鞋踩出权杖感 ➋ 暴雨夜换装戏用雨水折射霓虹光 湿发造型竟,#穿普拉达的女王 #时尚电影天花板 #电影美学解析 #职场穿搭教科书 #时尚拍摄技巧 #365天审美提升 #电影拉片 #高级感穿搭 #女性成长电影 #职场生存法则,巴黎大秀前夜更衣室长镜头，镜面反射出12套未发布高定的惊鸿一瞥,🔥这电影拍的太时尚了！经典之作！时尚拉片！,这段开场印象深刻，很多模仿的片段，都很擦Bian，很油腻，能拍的这么时尚，这么干净纯粹的，真的很难的，分寸要拿捏的很好，过一点就Low了。 #电影拉片[话题]# #穿普拉达的女王[话题]# #365审美积累[话题]# #时尚[话题]# #时尚拍摄[话题]# #剪辑[话题]# #艺术[话题]# #绘画[话题]# #穿搭[话题]# #时尚穿搭[话题]#,电影海报视觉冲击——暴雨中米兰达甩包定格，飞溅的水珠定格成水晶项链形态,标题：对某电影时尚拍摄的称赞 文案：这电影拍得太时尚，是经典之作、时尚拉片。开场令人印象深刻，很多模仿片段擦边、油腻，此电影能拍得时尚、干净纯粹很难，分寸拿捏得好，过一点就Low了。 话题：#电影拉片 #穿普拉达的女王 #365审美积累 #时尚 #时尚拍摄 #剪辑 #艺术 #绘画 #穿搭 #时尚穿搭,构图方式：拼贴式构图；前景：一位面部清晰的女性半身形象、皇冠等装饰元素，醒目突出；背景：拼贴另一张女性挑选衣物场景的画面，营造时尚、电影相关氛围，突出与电影《穿普拉达的女王》相关的时装主题内容 ,米兰达女王式出场动图分解，慢镜头下甩大衣的0.5秒拍了27个机位,2025-03-30 22:03:11,"电影拉片, 穿普拉达的女王, 365审美积累, 时尚, 时尚拍摄, 剪辑, 艺术, 绘画, 穿搭, 时尚穿搭",伍先生的摄影笔记
[https://www.xiaohongshu.com/discovery/item/68099910000000001202e7b9?source=webshare&xhsshare=pc_web&xsec_token=ABhmLFw8aGDdXEOrjWNDE-SvRTAr5j76U_f-NvtJygfIY=&xsec_source=pc_share](https://www.xiaohongshu.com/discovery/item/68099910000000001202e7b9?source=webshare&xhsshare=pc_web&xsec_token=ABhmLFw8,「青绿千年」古今对话展区，北宋《千里江山图》复刻卷轴✖️赛博朋克山水投影，用AR设备扫描还能看到画中仙鹤飞出来！🦅,"[{""file_token"": ""VxqnbKFufou9E3xJo4Dc4Gi6n3d"", ""name"": "".png"", ""size"": 1108306}]",# 广州必看新展｜穿越千年的国风美学天花板✨五行出片圣地免费冲！ 姐妹们！挖到广州艺博院年度封神级展览‼️ 故宫同款色谱+黑科技光影装置+古今艺术碰撞 随手拍都是高级感国风大片📸 重点免费免预约！展期只剩30天速来👇 🔥【展览高光亮点】 ▪️以「金木水火土」五行美学为脉络 ▪️展出300+件绝美文物与当代艺术装置 ▪️AR扫描复活古画/4D沉浸式色彩空间 ▪️故宫专家团队复原的22种失传传统色 ▪️巨型绸缎装置+全镜面展厅超出片！ 📸【必打卡场景】 图1️⃣ 入口「天工开物」丝绸矩阵装置 垂坠的渐变绸缎在光影中流动 仰拍角度更震撼 建议穿素色长裙！侧脸剪影超有意境💃 图2️⃣ 「青绿千年」古今,### 卖点文字信息提取 1. **展览名称及主题**：“五 万 色 象——中国传统色现代性转译研究展” ，表明展览围绕中国传统色彩，进行现代性的解读和展示。 2. **展览时间**：2023年4月23日 - 6月23日。 3. **色彩介绍**：介绍了中国传统色“青”，提到青既是蓝色也是绿色，原料有矿物和植物两种，矿物以青金石、孔雀石和绿松石为主，植物以蓝草类植物（如蓼蓝、菘蓝）为主，古人对青的运用广泛，如将青绿色且发灰的陶瓷色称为“青釉”，将有植被的远山称为“青山”等，还有部分“青”指近乎黑的颜色，如青丝、青眉、乌青等 。 ### 图片构图方式描述 1. **上左部分**：采用了海报式构图,围绕中国传统色彩进行现代性的解读和展示；展览时间为2023年4月23日 - 6月23日；介绍中国传统色“青”，原料有矿物和植物两种，古人运用广泛，部分“青”指近乎黑的颜色；海报式构图背景色彩丰富对比鲜明，文字布局协调突出主题；上右部分以纯蓝色为背景，文字竖排清晰易读，排版整齐简洁庄重；下左部分人物与画作结合构图，增添动态感与宁静氛围，有信息牌补充内容；下右部分展示挂有红色主题画作的墙面，颜色呼应，展示展览布置和色彩搭配效果 ,"[{""file_token"": ""Kv1dbMSjVoLzR1x19tac0I2Lndl"", ""name"": "".png"", ""size"": 970506}]",39,,2025-04-24 17:51:12,"[{""file_token"": ""CHMwbNCrBoVYibxeGvLcUMKrnld"", ""name"": "".png"", ""size"": 1800594}]",2025-04-24 17:51:13,"[{""file_token"": ""RwCLbDKkvo6xIIxMpdVclwREnqW"", ""name"": "".png"", ""size"": 1518667}]",0,"[{""file_token"": ""K0fsb5QPJoQzcfxUH5icjTP9nMr"", ""name"": ""image.png"", ""size"": 2126630}]",47,广州必看新展｜穿越千年的国风美学天花板✨五行出片圣地免费冲！,37,"[{""file_token"": ""Bm1Hb5X20onWKzxKUNxcRbVvnMe"", ""name"": "".png"", ""size"": 1597597}]",「故宫色谱」复原实验室，22种绝迹矿物颜料制成的色卡墙 触控屏能查色号起源，朱樱/月白/天水碧...每个名字都美到心颤💘,广州必看新展｜穿越千年的国风美学天花板✨五行出片圣地免费冲！ 姐妹们！挖到广州艺博院年度封神级展览‼️ 故宫同款色谱+黑科技光影装置+古今艺术碰撞 随手拍都是高级感国风大片📸 重点免费免预约！展期只剩30天速来👇 🔥【展览高光亮点】 ▪️以「金木水火土」五行美学为脉络 ▪️展出300+件绝美文物与当代艺术装置 ▪️AR扫描复活古画/4D沉浸式色彩空间 ▪️故宫专家团队复原的22种失传传统色 ▪️巨型绸缎装置+全镜面展厅超出片！ 📸【必打卡场景】 图1️⃣ 入口「天工开物」丝绸矩阵装置 垂坠的渐变绸缎在光影中流动 仰拍角度更震撼 建议穿素色长裙！侧脸剪影超有意境💃 图2️⃣ 「青绿千年」古今对话,#广州展览 #中国传统色 #值得一去的博物馆 #周末去哪儿 #国风宝藏展览,图5️⃣ 「五行转译」沉浸剧场，15分钟裸眼3D影片循环播放，坐在蒲团上看水火相生，建议录视频！动态光影比照片震撼100倍🎥,广州必看新展！一眼万年的中国传统色❤,⚫独特的展览模式 以黑（水）、青（木）、赤（火）、黄（土）、白（金）五行相生的逻辑为线索 🔵跨时空对话 通过61件（套）馆藏古代作品与当代艺术作品的并置展示，深入探讨传统色彩观念在当代艺术语境下的转译与重构 🔴跨媒介解读 油画、古代绘画、当代水墨、综合材料以及数字艺术等多种媒介形式，为观众带来一场沉浸式的文化体验之旅 🟡传统色彩复原 借助专业测色设备，将多种中国画常用色色值进行数据转化，让传统色彩文化在现代科技的助力下焕发出新的光彩 ⚪展览获得“文化和旅游部2024年全国美术馆青年策展人扶持计划”入选项目 ▪五色·万象——中国传统色现代性转译研究展 ▪展期：2025.4.23-6.23 ▪地点,入口「天工开物」丝绸矩阵装置，垂坠的渐变绸缎在光影中流动，仰拍角度更震撼，建议穿素色长裙，侧脸剪影超有意境,标题：广州必看新展：五色·万象——中国传统色现代性转译研究展 文案：该展览以五行相生逻辑为线索，通过馆藏古代与当代艺术作品并置展示进行跨时空对话，采用多种媒介形式实现跨媒介解读，还借助专业设备复原传统色彩。它入选“文化和旅游部2024年全国美术馆青年策展人扶持计划”，展期为2025.4.23 - 6.23，地点在3楼9、10、11号厅，免费开放且无需预约。 话题：#广州展览 #广州艺术博物院 #广州美术馆 #值得一去的博物馆 #广州艺博院 #中国传统色 #周末去哪儿,1. 上左部分：采用海报式构图。背景是模拟山川形态的抽象色块组合，色彩丰富且对比鲜明（有橙色、红色、黄色、蓝色、黑色等）。文字信息集中在海报上方和中部，字体大小有别，“五 万 色 象”等主要文字较大且醒目，其他辅助文字较小但清晰，整体布局协调。 2. 上右部分：以纯蓝色为背景，文字信息居于画面中部，采用竖排方式，文字颜色为白色，与背景形成强烈对比，段落排版整齐。 3. 下左部分：属于人物与画作结合的构图。画面中心是一位行走的人物，人物前方是大幅淡雅色调画作，画作旁边有小幅信息牌。 4. 下右部分：展示展览空间内一排挂有红色主题画作的墙面，画作排列整齐，墙面颜色与画作颜色相呼应，右侧有红色隔断，,「鎏金秘境」全镜面互动空间，360°反射的鎏金粒子随音乐流动，伸手触碰会有涟漪，记得开闪光灯，拍出发丝都在发光的仙女照✨,2025-04-24 14:05:44,"广州展览, 广州艺术博物院, 广州美术馆, 值得一去的博物馆, 广州艺博院, 中国传统色, 周末去哪儿",广州艺术博物院（广州美术馆）
[https://www.xiaohongshu.com/discovery/item/673eaf94000000000202b8cf?source=webshare&xhsshare=pc_web&xsec_token=ABhVvzgP1p_avYsssn84DOCwKgAJWpRD4F2vNyZBCBrjg=&xsec_source=pc_share](https://www.xiaohongshu.com/discovery/item/673eaf94000000000202b8cf?source=webshare&xhsshare=pc_web&xsec_token=ABhVvzgP,油管博主推荐拼图（五位博主频道截图+荧光标注特色tag）,"[{""file_token"": ""VTuLbm7bhoQj9Sx6Hnrc7BT3nJg"", ""name"": "".png"", ""size"": 1380963}]","# 口语烂到不敢开口？这5个油管博主让我逆袭成社牛！🇬🇧✨ 💬谁懂啊！以前一开口就尬到抠出三室一厅，直到发现这些油管宝藏博主！雅思口语7.5分的我掏心窝分享，零基础也能用碎片时间逆袭～ 🔥【必追油管博主清单】 ❶ @Rachel's English ✅美式发音天花板！每天15分钟跟练""影子跟读法"" ✅特色：嘴部特写镜头+慢速分解，拯救不敢开口星人 ❷ @mmmEnglish ✅澳洲宝藏老师Emma！生活化表达一网打尽 ✅必看系列：《超市英语》《机场通关秘籍》 ❸ @English Addict with Mr Steve ✅脱口秀式教学！用梗图/热剧学地道俚语 ✅每天更新""1分钟挑战""，蹲坑都",,,"[{""file_token"": ""DmOvbFhgeoOWA2xbaCBcaKmnnNe"", ""name"": "".png"", ""size"": 1532226}]",50,,2024-11-21 19:57:08,"[{""file_token"": ""CWvJb4lQRoX3JLxo6nTcXdFxnKe"", ""name"": "".png"", ""size"": 1617362}]",2024-12-06 01:03:31,"[{""file_token"": ""IdMPbqQaDoU0SHx5PePc4XqenJh"", ""name"": "".png"", ""size"": 1322837}]",28,,2314,口语烂到不敢开口？这5个油管博主让我逆袭成社牛！🇬🇧✨,1060,"[{""file_token"": ""X1ZebBrLMowJW1xHyxQcTIFMnGd"", ""name"": "".png"", ""size"": 1338999}]","ins风学习桌布置（iPad支架+手写笔记+马克杯上""I❤️ENGLISH""特写）","口语烂到不敢开口？这5个油管博主让我逆袭成社牛！🇬🇧✨ 💬谁懂啊！以前一开口就尬到抠出三室一厅，直到发现这些油管宝藏博主！雅思口语7.5分的我掏心窝分享，零基础也能用碎片时间逆袭～ 🔥【必追油管博主清单】 ❶ @Rachel's English ✅美式发音天花板！每天15分钟跟练""影子跟读法"" ✅特色：嘴部特写镜头+慢速分解，拯救不敢开口星人 ❷ @mmmEnglish ✅澳洲宝藏老师Emma！生活化表达一网打尽 ✅必看系列：《超市英语》《机场通关秘籍》 ❸ @English Addict with Mr Steve ✅脱口秀式教学！用梗图/热剧学地道俚语 ✅每天更新""1分钟挑战""，蹲坑都能刷",#2024我的兴趣支点 #小红书游学团 #零基础英语 #雅思口语逆袭 #油管博主推荐 #英语学习打卡 #全英vlog #社恐自救指南,成果展示墙（雅思成绩单+写满便签的月计划表+海外旅行打卡照）,建议口语不好的姐妹试试跟油管博主学英语,#2024我的兴趣支点[话题]# #小红书游学团[话题]# #语言练习生[话题]# #全英vlog[话题]# #油管博主推荐[话题]# #雅思[话题]# #英语口语[话题]# #英语学习打卡[话题]# #英语听力[话题]# #零基础英语[话题]# #每日英语[话题]# #学英语[话题]#,手机分屏对比图（左：焦虑捂脸表情包+满屏红叉试卷 / 右：举着成绩单比耶的女生）,"标题：建议口语不好的姐妹试试跟油管博主学英语 文案：建议口语不好的姐妹试试跟油管博主学英语 话题：2024我的兴趣支点, 小红书游学团, 语言练习生, 全英vlog, 油管博主推荐, 雅思, 英语口语, 英语学习打卡, 英语听力, 零基础英语, 每日英语, 学英语",,影子跟读法示意图（手机播放视频+波浪形跟读字幕+荧光笔标注重点）,2025-04-24 14:45:50,"2024我的兴趣支点, 小红书游学团, 语言练习生, 全英vlog, 油管博主推荐, 雅思, 英语口语, 英语学习打卡, 英语听力, 零基础英语, 每日英语, 学英语",Jeanie爱英语
[https://www.xiaohongshu.com/discovery/item/67220153000000001b02b0e2?source=webshare&xhsshare=pc_web&xsec_token=CBBaq6RfdirvmeRBWqiZPdP2nG6EVfZmOPvHUgFv_JAuQ=&xsec_source=pc_share](https://www.xiaohongshu.com/discovery/item/67220153000000001b02b0e2?source=webshare&xhsshare=pc_web&xsec_token=CBBaq6Rf,"特写调酒师手部动作，金酒沿着冰球划出完美弧线，吧台倒影映出窗外华侨公园的星光，配文""汕头夜景最佳观赏位已就位""","[{""file_token"": ""UMKEbFQlsoQBHjxsBn3c96xWnUg"", ""name"": "".png"", ""size"": 1636315}]","# 挑战五天爆改汕头首家Homebar！🔥酒蒙子速来领荟湾无限畅饮🚀 「DAY3通宵赶工中！汕头首家限时快闪Homebar即将诞生」 ▫️凌晨三点还在拆快递的我终于明白 汕头年轻人为什么需要这样一个地方！ 当我把""两天凑齐100款基酒+72小时装修""计划书发到群里时 所有朋友都说我疯了🤯 直到看到落地窗外的鮀城夜景 突然发现这座城市的夜晚 值得更多微醺的可能性✨ 🛠️图片1：满屋未拆封的快递箱与设计手稿同框，背景是正在组装的复古酒架，配文""凌晨三点的开箱仪式，每个酒瓶都有故事要讲"" 🍸图片2：特写调酒师手部动作，金酒沿着冰球划出完美弧线，吧台倒影映出窗外华侨公园的星光，配文""汕头夜景最佳观赏位",,,"[{""file_token"": ""MrYKbO5M4oM3U7xzg4ScuXOPnYb"", ""name"": "".png"", ""size"": 1320212}]",20,,2024-10-31 01:50:11,"[{""file_token"": ""KZqdbefz6oOYNhxS965cPt3dnEe"", ""name"": "".png"", ""size"": 1629790}]",2024-10-31 01:50:12,"[{""file_token"": ""DQkXbjQqMo7cqgx5yr6covQrn8b"", ""name"": "".png"", ""size"": 1534192}]",18,,20,挑战五天爆改汕头首家Homebar！🔥酒蒙子速来领荟湾无限畅饮🚀,4,"[{""file_token"": ""VY1obUtnboqxpUx7Fiwcty4AnEe"", ""name"": "".png"", ""size"": 1452097}]","全景拍摄正在布置的霓虹灯墙，""微醺拯救世界""发光字下散落着潮汕方言弹幕抱枕，配文""潮汕酒鬼专属slogan墙""","挑战五天爆改汕头首家Homebar！🔥酒蒙子速来领荟湾无限畅饮🚀 「DAY3通宵赶工中！汕头首家限时快闪Homebar即将诞生」 ▫️凌晨三点还在拆快递的我终于明白 汕头年轻人为什么需要这样一个地方！ 当我把""两天凑齐100款基酒+72小时装修""计划书发到群里时 所有朋友都说我疯了🤯 直到看到落地窗外的鮀城夜景 突然发现这座城市的夜晚 值得更多微醺的可能性✨ 🛠️图片1：满屋未拆封的快递箱与设计手稿同框，背景是正在组装的复古酒架，配文""凌晨三点的开箱仪式，每个酒瓶都有故事要讲"" 🍸图片2：特写调酒师手部动作，金酒沿着冰球划出完美弧线，吧台倒影映出窗外华侨公园的星光，配文""汕头夜景最佳观赏位已就",#挑战五天爆改汕头首家Homebar #汕头homebar #当然要记录啊 #汕头搭子 #喝酒日常 #汕头探店 #homebar家庭酒吧,"试营业夜全景，玻璃幕墙倒映着珠江路车流，吧台前七八支酒杯碰在一起的动态抓拍，配文""原来汕头夜猫都藏在这里！""",挑战在汕头五天开一家homebar,精神股东们地址在领荟湾 正在加班加点搬快递和布置场地 在汕头的酒蒙子们有福啦！门票透明制两位数，凭门票无限畅饮，当时候带上你的酒鬼朋友们来挑战我们吧！ #当然要记录啊[话题]##汕头homebar[话题]# #汕头搭子[话题]# #汕头打卡[话题]# #喝酒日常[话题]# #homebar家庭酒吧[话题]# #汕头探店[话题]#,"满屋未拆封的快递箱与设计手稿同框，背景是正在组装的复古酒架，配文""凌晨三点的开箱仪式，每个酒瓶都有故事要讲""",标题：挑战在汕头五天开一家homebar 文案：挑战在汕头五天开一家homebar，地址在领荟湾，正加班加点搬快递和布置场地。门票透明制两位数，凭门票无限畅饮，邀请酒蒙子们带酒鬼朋友来挑战。 话题：#当然要记录啊[话题]##汕头homebar[话题]# #汕头搭子[话题]# #汕头打卡[话题]# #喝酒日常[话题]# #homebar家庭酒吧[话题]# #汕头探店[话题]#,,"手写价目表特写，两位数门票旁画着俏皮酒杯涂鸦，重点标注""无限畅饮""红章，配文""老板说喝不回本不准走！""",2025-05-21 20:14:29,"当然要记录啊, 汕头homebar, 汕头搭子, 汕头打卡, 喝酒日常, homebar家庭酒吧, 汕头探店",Rich homebar
[https://www.xiaohongshu.com/explore/67220153000000001b02b0e2?source=webshare&xhsshare=pc_web&xsec_token=CBBaq6RfdirvmeRBWqiZPdP2nG6EVfZmOPvHUgFv_JAuQ=&xsec_source=pc_share](https://www.xiaohongshu.com/explore/67220153000000001b02b0e2?source=webshare&xhsshare=pc_web&xsec_token=CBBaq6RfdirvmeRBWqiZPd,,,,,,,,,,,,,,,,,,,,,,,,,,,,,,,
11 【挑战在汕头五天开一家homebar - Rich homebar | 小红书 - 你的生活指南】 😆 WJvCR8pZpYbGc7F 😆 [https://www.xiaohongshu.com/discovery/item/67220153000000001b02b0e2?source=webshare&xhsshare=pc_web&xsec_token=CBBaq6RfdirvmeRBWqiZPdP2nG6EVfZmOPvHUgFv_JAuQ=&xsec_source=pc_share](https://www.xiaohongshu.com/discovery/item/672,,,,,,,,,,,,,,,,,,,,,,,,,,,,,,,
