问题,答案,,,,,,,,,,,,,,,,,,
如何获取你们企业软件的报价信息？,您可以通过访问我们的官方网站，在产品详情页面找到‘获取报价’的按钮，填写相应的表单，我们的销售团队将在24小时内与您联系。另外，您也可以直接联系我们的销售代表获取详细的报价信息。,,,,,,,,,,,,,,,,,,
你们的企业软件是否提供免费试用版本？,是的，我们提供30天的免费试用版本，您可以在官方网站上申请。在试用期内，您可以体验软件的全部功能，我们的技术支持团队也将随时为您提供帮助。,,,,,,,,,,,,,,,,,,
购买你们的企业软件后，可以享受到哪些售后服务？,购买我们的软件后，您将享受到一年的免费技术支持和软件升级服务。此外，我们还提供7x24小时的紧急故障响应服务，以及定期的软件使用培训和优化建议。,,,,,,,,,,,,,,,,,,
在购买软件前，如何进行售前咨询？,您可以直接拨打我们的售前咨询热线，或在官方网站上填写咨询表单，我们的售前顾问会在1-2个工作日内与您联系。我们也会定期举办线上和线下的产品演示会，欢迎您参加。,,,,,,,,,,,,,,,,,,
你们的企业软件支持哪些操作系统？,我们的企业软件支持Windows、Mac OS、Linux等主流操作系统，同时，我们还提供基于Web的版本，通过浏览器即可访问，无需安装。,,,,,,,,,,,,,,,,,,
如何安装你们的企业软件？,您在购买产品后，将收到包含安装包和安装说明的电子邮件。根据操作系统的不同，我们提供了详细的安装指南，您也可以联系我们的技术支持团队获取安装帮助。,,,,,,,,,,,,,,,,,,
购买企业软件后，如何进行员工培训？,我们提供线上和线下的员工培训服务，包括软件功能讲解、操作演示、以及实际操作练习。此外，我们还提供详细的用户手册和视频教程，供您的员工随时查阅。,,,,,,,,,,,,,,,,,,
你们的企业软件如何进行版本升级？,我们会在每个新版本发布后，通过电子邮件通知您，您可以在官方网站的下载中心找到最新的版本。我们的软件支持自动检测更新功能，您也可以通过系统设置手动检查更新。,,,,,,,,,,,,,,,,,,
你们的售后服务响应时间是多久？,对于紧急故障，我们的响应时间不超过2小时；对于一般的技术问题，我们的响应时间不超过24小时。我们致力于快速解决您的问题，确保您的业务正常运行。,,,,,,,,,,,,,,,,,,
你们的企业软件是否支持定制化功能开发？,是的，我们提供定制化功能开发服务，您可以与我们的产品经理和技术团队进行详细的沟通，我们将根据您的需求为您量身定制。,,,,,,,,,,,,,,,,,,
企业软件产品的基础版定价是多少？,我们的企业软件产品基础版定价为每年10000美元，包含基本的功能模块和五位用户许可。,,,,,,,,,,,,,,,,,,
购买企业软件产品后，能够获得多长时间的售后支持服务？,购买我们的企业软件产品后，您将获得为期一年的售后支持服务，包括产品咨询、故障排除和技术升级等。,,,,,,,,,,,,,,,,,,
在购买企业软件产品之前，能否进行产品试用？,是的，我们提供为期30天的企业软件产品试用期，您可以在试用期内免费体验产品的所有功能。,,,,,,,,,,,,,,,,,,
企业软件产品的安装流程是怎样的？,企业软件产品的安装流程包括下载安装包、运行安装程序、设置安装参数和完成安装等步骤，我们将提供详细的安装指南和远程技术支持。,,,,,,,,,,,,,,,,,,
企业软件产品的升级政策是怎样的？,我们每年都会发布一次企业软件产品的重大升级，您可以在合同期内免费获得升级版本，包括功能增强和性能优化等。,,,,,,,,,,,,,,,,,,
企业软件产品的许可证是否可以转让给其他公司？,企业软件产品的许可证仅限于购买方公司使用，不可转让给第三方公司，如有需要请联系我们进行许可证转让。,,,,,,,,,,,,,,,,,,
企业软件产品的数据安全措施有哪些？,企业软件产品采用了高级加密算法和防火墙技术，保障了数据传输和存储的安全性，同时我们还提供了备份和恢复功能。,,,,,,,,,,,,,,,,,,
企业软件产品的定制化服务有哪些？,企业软件产品提供包括界面定制、功能扩展和系统集成等多种定制化服务，满足不同公司的个性化需求。,,,,,,,,,,,,,,,,,,
企业软件产品的用户培训服务是怎样的？,我们提供在线和现场两种用户培训服务，包括基础操作、高级功能和应用场景等内容，帮助用户快速上手。,,,,,,,,,,,,,,,,,,
企业软件产品的售后服务响应时间是多久？,我们的售后服务响应时间为工作日24小时内，我们将尽快解决问题并提供技术支持。,,,,,,,,,,,,,,,,,,
这款企业软件如何进行前期咨询？,您可以直接访问我们的官方网站，在线客服会为您提供详细的售前咨询服务，或者填写咨询表单，我们的专业顾问会在24小时内与您联系，解答您对产品的所有疑问。,,,,,,,,,,,,,,,,,,
企业软件的定价标准是如何设定的？,我们的企业软件定价根据用户数和功能模块进行区分，基本版起始价为999元/月，高级版为2499元/月，企业版则需进行详细商谈。我们还提供定制化服务，价格根据具体需求而定。,,,,,,,,,,,,,,,,,,
如何购买企业软件产品？,购买我们的企业软件产品非常简单。您可以在官方网站直接在线购买，选择适合您企业规模的版本，或者联系我们的销售团队进行进一步的定制和询价。,,,,,,,,,,,,,,,,,,
购买企业软件后，可以享受哪些售后服务？,购买我们的企业软件后，您将享受无限次的在线技术支持，软件更新服务，以及1年的免费故障排除服务。如果您选择了企业版，我们将提供专人技术支持和培训服务。,,,,,,,,,,,,,,,,,,
企业软件产品是否可以先试用？,绝对可以。我们提供30天的免费试用期，您可以在此期间无限制地使用所有功能，以确保我们的产品完全满足您的需求。,,,,,,,,,,,,,,,,,,
企业软件是否支持跨平台使用？,是的，我们的企业软件支持Windows、Mac和Linux等多种操作系统，同时，还支持iOS和Android移动设备，您可以在任何设备上随时随地访问和使用。,,,,,,,,,,,,,,,,,,
如果在使用过程中遇到问题，如何获得帮助？,您可以直接通过我们的售后支持热线或在线客服获取帮助，我们的专业人员将24小时内为您解决问题。同时，您也可以查阅我们的在线使用指南和视频教程，它们将更详细地指导您如何使用我们的软件。,,,,,,,,,,,,,,,,,,
企业软件的数据安全性如何保证？,我们采用行业领先的加密技术保障您的数据安全，同时，我们在数据存储、传输和处理过程中，遵循严格的隐私保护政策和数据安全标准，确保您的商业数据不会被泄露。,,,,,,,,,,,,,,,,,,
如何将企业软件产品集成到现有的信息系统中？,我们的软件产品支持多种API接口，可以轻松集成到您现有的信息系统中，具体步骤包括：了解您的信息系统接口需求，选择合适的API接口，进行集成开发和测试，以及培训您的技术人员如何使用新的接口。,,,,,,,,,,,,,,,,,,
企业软件产品如何进行更新和维护？,我们定期向客户提供软件更新，以优化功能，修复潜在的问题。您可以通过升级通知自动或手动进行更新。我们还提供专门的技术支持团队，在您遇到任何问题时提供帮助。,,,,,,,,,,,,,,,,,,
企业软件产品中包含哪些模块？,我们的企业软件产品包括客户关系管理(CRM)模块，企业资源计划(ERP)模块，项目管理模块，以及人力资源管理(HRM)模块。每个模块都有其独特的功能，以满足您的不同业务需求。,,,,,,,,,,,,,,,,,,
软件产品的价格如何？,我们的软件产品价格根据模块选择和用户数量而定。基本版起价为每年5000美元，包含CRM和ERP模块，供5名用户使用。进阶版和企业版分别提供更全面的功能和更大用户规模的支持，具体价格请咨询我们的销售团队。,,,,,,,,,,,,,,,,,,
购买后，需要多久才能完成软件安装？,软件安装时间取决于您的IT环境和选择的部署方式。云部署通常在24小时内完成，而本地部署可能需要1-2周时间，以便我们的团队进行网络和硬件集成。,,,,,,,,,,,,,,,,,,
软件产品的售后支持包括哪些？,我们提供24/7的技术支持，包括在线聊天、电话支持和电子邮件响应。此外，还提供定期的软件更新、定制培训和现场咨询服务，以确保您的团队能够熟练应用软件。,,,,,,,,,,,,,,,,,,
软件产品是否支持定制开发？,是的，我们的软件产品支持定制开发。您可以通过购买企业版获取额外的定制服务，我们的开发团队将根据您的具体需求进行功能添加或修改。,,,,,,,,,,,,,,,,,,
如果我们的业务需求发生变化，可以升级或降级软件版本吗？,可以。根据合同条款，您可以在每个订阅周期的结束时，选择升级或降级您的软件版本，调整模块和用户数量，以适应您业务需求的变化。,,,,,,,,,,,,,,,,,,
购买软件产品后，能否试用全部功能？,购买后，您可以无限制地使用所有选定模块的功能，而不受功能限制。我们还提供为期30天的免费试用期，以帮助您熟悉产品。,,,,,,,,,,,,,,,,,,
软件的用户权限如何设置？,软件支持多层次的用户权限管理，您可以为每个用户设置不同的访问权限，如只读、编辑、管理员等。这样的设置可以确保数据安全，同时满足不同团队成员的需求。,,,,,,,,,,,,,,,,,,
软件如何保证数据安全性？,我们采用加密技术，确保您的数据在传输和存储过程中的安全。同时，我们提供定期的数据备份服务，以防止数据丢失。您可以选择在本地或云服务器上进行数据存储，以满足您的合规性要求。,,,,,,,,,,,,,,,,,,
如何进行软件产品的使用培训？,我们提供在线教程、视频资料及直播培训课程，涵盖软件的所有功能模块。此外，还可以根据您的需求提供企业定制培训，由我们的培训专家在您的工作场所或通过网络会议进行授课，以确保您的团队能够充分掌握软件使用技巧。,,,,,,,,,,,,,,,,,,
企业软件产品的定价策略如何？,我们的企业软件产品定价策略基于订阅模式，提供三种套餐：基础版、标准版和高级版，分别满足不同规模企业的需求。基础版每年费用为1999元，适用于小企业；标准版每年费用为3999元，适合中型企业；高级版每年费用为9999元，专为大型企业提供更全面的功能。每种套餐都包含一年的免费技术支持和软件更新。,,,,,,,,,,,,,,,,,,
购买企业软件后可以获得哪些售后服务？,购买软件后，您将享受以下售后服务：1) 一年免费的技术支持，包括电话、邮件和在线聊天服务；2) 定期的软件更新和补丁；3) 产品培训和使用指南；4) 优先处理的服务请求。额外的售后支持和服务可根据需求另行购买。,,,,,,,,,,,,,,,,,,
购买前需要进行哪些咨询流程？,在购买前，我们建议您完成以下咨询流程：1) 预约一次产品演示，以便更深入地了解产品的功能和特性；2) 与销售顾问进行沟通，根据您的需求推荐合适的套餐；3) 申请试用账号，亲自体验软件；4) 提出预购前的任何疑问，我们将提供详细的解答。,,,,,,,,,,,,,,,,,,
如何进行企业软件产品的安装？,我们的企业软件产品支持云服务和本地部署两种安装方式。云服务安装由我们的技术团队负责，您只需提供必要的账户信息，我们将在48小时内完成部署。本地部署需要您的IT团队进行，我们将提供详细的安装指南和远程技术支持。,,,,,,,,,,,,,,,,,,
在软件使用过程中遇到问题，如何获取技术支持？,如果您在使用过程中遇到问题，可以随时通过以下方式联系我们的技术支持团队：1) 登录客户支持门户网站，提交技术支持请求；2) 发送邮件至support@company.com；3) 拨打我们的客户服务热线：+86 123 4567 890。我们的团队将在24小时内响应您的请求。,,,,,,,,,,,,,,,,,,
软件产品的退换政策是怎样的？,我们为购买之日起30天内的客户提供无理由退换服务。如果软件无法满足您的需求，或存在无法解决的技术问题，您可以在购买后30天内提出退换申请。请确保软件未被滥用或篡改，我们将按照原支付方式退款。,,,,,,,,,,,,,,,,,,
你们的企业软件支持哪些操作系统？,"我们的企业软件产品支持主流的操作系统，包括Windows 10/11, MacOS 10.13或以上版本，以及Linux（Ubuntu 18.04或更高版本）。此外，我们还提供Web端应用，兼容各种浏览器，如Chrome、Firefox、Safari和Edge。",,,,,,,,,,,,,,,,,,
企业软件的数据存储和隐私保护措施有哪些？,我们非常重视数据安全与隐私保护。企业软件采用SSL/TLS加密技术，确保数据在传输过程中的安全。我们遵循GDPR和相关数据保护法规，对敏感信息进行加密存储，只在法律允许或客户授权的情况下进行数据处理。同时，我们的服务水平协议中包含了数据安全的相关承诺。,,,,,,,,,,,,,,,,,,
如何升级或降级软件订阅套餐？,您可以在任何时候通过以下步骤升级或降级您的套餐：1) 登录到客户账户中心；2) 进入订阅管理页面；3) 选择您想要的升级或降级计划；4) 系统将根据您当前的优惠调整新套餐的价格。请注意，降级服务可能会导致数据迁移和功能受限。,,,,,,,,,,,,,,,,,,
企业软件的培训和支持资源有哪些？,我们提供了丰富的培训和支持资源，包括详细的用户手册、在线视频教程、定期的网络研讨会，以及用户论坛和社区。此外，我们还提供一对一的培训课程，以及高级技术支持计划，以满足特定需求。请访问我们的官方网站或客户支持门户了解更多信息。,,,,,,,,,,,,,,,,,,
企业软件产品的起始价格是多少？,我们的企业软件产品起始价格为每年$999，具体价格可能根据您选择的功能模块和用户数有所不同，请联系我们的销售团队获取更详细的价格方案。,,,,,,,,,,,,,,,,,,
购买后，软件的升级是免费的吗？,是的，购买我们的企业软件产品后，您将享受一年内所有版本的免费升级。一年后，您只需支付年度维护费，即可继续享受升级服务。,,,,,,,,,,,,,,,,,,
如果软件出现问题，可以得到什么样的技术支持？,我们提供24/7的技术支持，任何软件使用中的问题，您都可以通过电话或邮件联系我们的技术支持团队，我们将在2小时内响应并提供解决方案。,,,,,,,,,,,,,,,,,,
在购买前，可以先试用软件吗？,当然，我们提供为期30天的免费试用期，您可以在此期间无限制地使用所有功能，以便充分测试软件是否满足您的需求。,,,,,,,,,,,,,,,,,,
我如何开始购买流程？,启动购买流程很容易，只需访问我们的官方网站，填写初步需求表格，我们的销售顾问会尽快联系您，讨论您的具体需求并提供适合的方案。,,,,,,,,,,,,,,,,,,
软件对操作系统有什么要求？,我们的企业软件产品支持Windows 10/11，macOS 10.13及以上版本，以及主流Linux发行版，您可以放心在您的现有操作系统上安装和使用。,,,,,,,,,,,,,,,,,,
能否提供远程安装服务？,是的，我们提供远程安装服务，只需在购买时勾选此选项，我们的技术团队将远程协助您完成软件的安装和初始配置。,,,,,,,,,,,,,,,,,,
如果对购买的产品不满意，可以退款吗？,我们提供30天内无理由退款政策，如果您在购买后30天内决定不再使用我们的产品，只需提交退款申请，我们将在24小时内处理您的请求。,,,,,,,,,,,,,,,,,,
使用软件需要定期维护吗？,软件的日常使用并不需要额外的维护，但如果遇到任何问题，我们建议每年进行一次健康检查，以确保系统的稳定运行和最佳性能。,,,,,,,,,,,,,,,,,,
能否提供定制化开发服务？,我们确实提供定制化开发服务，如果您有特定的功能需求或集成需求，我们的开发团队可以根据您的具体要求进行定制开发，请联系我们的销售顾问以获取详细报价。,,,,,,,,,,,,,,,,,,
贵公司的企业软件产品的定价策略是什么？,我们的企业软件产品定价基于订阅制，其中包括标准版、专业版和企业版。标准版每年费用4999元，专业版每年费用9999元，企业版需要个性化定制，价格按需沟通。,,,,,,,,,,,,,,,,,,
企业软件产品是否提供试用版？,是的，我们提供为期30天的免费试用版，所有功能开放，无需支付任何费用，仅需进行注册并激活试用资格即可开始试用。,,,,,,,,,,,,,,,,,,
能否提供详细的售后支持政策？,我们提供24/7的在线客服支持，首次安装指导，定期系统维护，以及个性化的技术支持服务。对于企业版客户提供专属客服经理，以确保您的服务需求得到及时响应。,,,,,,,,,,,,,,,,,,
在购买软件产品前，如何进行咨询和获取更多信息？,您可以通过拨打我们的销售热线400-1234-567或访问官方网站预约顾问演示，以了解更详细的产品信息和使用案例。另外，我们的销售经理将会与您联系，解答您的所有疑问。,,,,,,,,,,,,,,,,,,
如何将企业软件产品安装到我的服务器上？,首先，确保您的服务器符合我们的系统要求，然后下载软件安装包，按照安装向导的提示步骤进行操作。如需进一步帮助，我们的技术支持团队可以提供远程安装服务。,,,,,,,,,,,,,,,,,,
贵公司企业软件产品的数据安全措施是什么？,我们采用加密存储和传输技术对您的数据进行保护。同时，我们遵照数据保护法规，实施了权限管理和安全审计机制，以防止数据泄露。,,,,,,,,,,,,,,,,,,
企业软件产品支持哪些操作系统和平台？,我们的企业软件产品支持Windows、Linux和macOS操作系统，同时提供Web端、桌面端和移动端的应用版本，确保用户在各种设备上都能得到良好的使用体验。,,,,,,,,,,,,,,,,,,
购买企业软件产品后，是否可以随时升级到更高级版本？,您可以在订阅有效期内升级至更高级版本，我们仅需补缴差价即可。升级操作会保留您所有的数据和设置，过程中将由专业团队协助完成，确保顺利过渡。,,,,,,,,,,,,,,,,,,
企业软件产品的数据备份和恢复功能如何？,我们提供自动数据备份功能，每天零点自动后台备份数据。在系统出现故障时，您可以轻松恢复到最近的备份点，避免数据丢失。此外，您还可以选择手动备份以增强数据安全性。,,,,,,,,,,,,,,,,,,
企业软件产品如何保障数据的连续和高可用性？,我们使用冗余服务器架构和高可用集群，在服务器发生故障时将自动进行切换，确保服务的连续性和稳定性。同时，我们会定期更新软件和服务器，保持与最新的硬件和软件环境兼容。,,,,,,,,,,,,,,,,,,
企业软件的定价策略是怎样的？,我们的企业软件采用年度订阅制，价格根据您所需的用户数量和模块功能进行定制。具体来说，1-10个用户的基础版每月费用为$100，高级版附加功能每月费用为$300。如果您需要超过10个用户，我们将根据实际情况提供更优惠的价格方案。同时，我们还支持按项目定价的弹性计费模式。,,,,,,,,,,,,,,,,,,
提供哪些售后服务？,我们提供24/7全天候的技术支持，包括电话、邮件和在线聊天。此外，我们还有定期的系统维护和更新服务，确保软件的稳定运行。另外，我们还提供培训服务，帮助您的员工更快掌握软件的使用方法，以及紧急故障恢复服务，确保您的业务不因软件问题而中断。,,,,,,,,,,,,,,,,,,
售前咨询流程是怎样的？,我们的售前咨询流程如下：首先，您可以通过我们网站的在线聊天或拨打我们的销售热线提出咨询需求；之后，我们的客户经理会与您取得联系，了解您的具体需求；然后，我们会为您提供一个定制化的解决方案和报价单。在您确认后，我们将安排演示，让您亲身体验软件的功能；最后，如果一切满意，我们将签署合同并启动服务。,,,,,,,,,,,,,,,,,,
如何安装企业软件？,我们提供两种安装方式：一是本地安装，您需要下载安装包，然后按照提示进行安装。二是云服务安装，我们将在我们的服务器上为您部署软件，您只需提供必要的信息，例如您的域名和登录信息。无论是哪种方式，我们的技术团队都会提供全程指导和服务，确保安装过程顺利。,,,,,,,,,,,,,,,,,,
软件的使用指导在哪里可以找到？,在您完成软件的购买和安装后，我们会在您的账户中提供详细的用户手册和视频教程。此外，我们还提供在线帮助中心，包含各类常见问题解答。如果您在使用过程中遇到任何问题，也可以随时联系我们的技术支持团队，我们会尽快为您解答和解决。,,,,,,,,,,,,,,,,,,
企业软件如何升级到最新版本？,我们的软件更新通常以自动化的方式进行，只要您上网连接正常，我们就会在后台自动检测和更新至最新版本。如果是重要的功能更新，我们也会发送邮件通知您，并提供详细的更新说明。如果您是云服务用户，升级过程将由我们的技术团队完成，无需您亲自操作。,,,,,,,,,,,,,,,,,,
是否提供数据迁移服务？,是的，我们提供数据迁移服务，无论是从旧版本的升级，还是从其他软件迁移，我们都有专业的团队和工具，确保数据迁移的准确性和安全性。在迁移过程中，我们会充分测试，确保所有的数据和功能都能无缝衔接。,,,,,,,,,,,,,,,,,,
如果不再使用企业软件，如何取消订阅？,您可以在我们的网站上登录您的账户，然后在服务管理区域选择您想要取消的订阅，按照提示进行操作即可。或者，您也可以给我们的客服团队发邮件或拨打电话，告知您想要取消的订阅，并提供必要的信息，我们的客服会帮助您完成取消操作。,,,,,,,,,,,,,,,,,,
企业软件的订购流程是怎样的？,订购流程如下：首先，您需要在我们的网站上选择符合您需求的软件版本和功能；然后，填写必要的联系和支付信息；在您确认所有信息无误后，通过我们系统提供的安全支付平台进行付款；支付成功后，我们的系统会自动为您开通服务，您将会收到开通成功的邮件，邮件中会包含您的登录信息和软件使用指南。,,,,,,,,,,,,,,,,,,
企业软件是否支持定制开发？,是的，我们支持定制开发。如果您有特殊需求，例如特定的功能或者集成其他软件，您可以通过我们的销售团队提出需求，我们的技术团队会根据您的需求进行评估，并提供报价和实施方案。在实施过程中，我们会有专业的项目经理进行跟踪和管理，确保项目按时按质完成。,,,,,,,,,,,,,,,,,,
企业软件产品的价格是如何制定的？,我们的企业软件产品价格基于不同的功能模块、用户许可数量以及服务级别来确定。您可以根据自身的具体需求选择合适的服务套餐，我们提供包括标准版、高级版和企业定制版在内的多种选项。,,,,,,,,,,,,,,,,,,
如果购买后遇到问题，企业软件产品提供什么样的售后服务？,我们提供全面的售后服务，包括但不限于技术咨询、远程技术支持、故障排查以及软件升级。根据购买的套餐不同，所提供的服务级别也会有所差异。,,,,,,,,,,,,,,,,,,
在购买企业软件产品之前，如何进行售前咨询？,您可以通过官方网站上的“联系我们”页面，填写您的需求和联系方式，我们的售前顾问将会在24小时内响应，为您提供一对一的咨询服务。,,,,,,,,,,,,,,,,,,
企业软件产品如何进行安装？,我们为企业用户提供详细的安装指南，通常包括软件下载、系统配置检查、安装步骤以及注意事项。如果在安装过程中遇到任何问题，我们的技术支持团队会提供远程指导。,,,,,,,,,,,,,,,,,,
如何进行企业软件产品的升级？,升级企业软件产品时，您可以通过我们的客户门户下载最新版本，并按照升级指南操作。我们确保升级过程对您的业务影响最小化。,,,,,,,,,,,,,,,,,,
企业软件产品在使用过程中遇到故障怎么办？,如果您遇到任何使用故障，首先请参考我们的在线帮助文档，如果问题依然存在，可以通过支持热线或在线表单提交工单，我们会尽快响应，协助您解决问题。,,,,,,,,,,,,,,,,,,
企业软件产品是否提供培训服务？,是的，我们提供定制化的培训服务，包括现场培训、在线培训和培训资料，以确保您的员工能够熟练掌握软件的使用，提高工作效率。,,,,,,,,,,,,,,,,,,
软件的许可类型有哪些，区别是什么？,我们的软件许可类型包括永久许可和订阅许可。永久许可一次性付费，享有软件的所有权；订阅许可则需要按年或按月付费，可以持续享受软件更新和升级服务。具体选择根据您的需求和预算来定。,,,,,,,,,,,,,,,,,,
如何确保企业软件产品的数据安全性？,我们采用先进的加密技术、防火墙和入侵检测系统来保护您的数据。同时，我们严格遵守数据保护法规，确保数据的合法合规使用。,,,,,,,,,,,,,,,,,,
如果需要增加用户许可，应该如何操作？,增加用户许可非常简单，您可以在我们的客户门户自行操作，也可以联系我们的销售团队，他们将协助您完成许可的增加及相应费用的收取。,,,,,,,,,,,,,,,,,,
企业软件产品的定价模型是怎样的？,我们的企业软件产品采用基于用户数量的定价模型，具体价格根据您企业的用户规模进行计算。我们为企业提供三个不同级别的订阅计划：基础版、标准版和企业版，分别适用于不同规模的企业。每个版本都包含了一套全面的功能，随着版本的升级，您将获得更多的定制选项和服务。如果您需要详细了解或定制价格，请联系我们的销售团队。,,,,,,,,,,,,,,,,,,
企业软件产品是否提供试用版？,是的，我们提供30天的免费试用期，您可以在此期间无限制地使用软件的所有功能，以确保它符合您的需求。试用期间，我们还提供技术支持和培训服务，以帮助您充分利用软件。如果您有任何疑问或需要帮助，我们的客户支持团队将随时为您服务。,,,,,,,,,,,,,,,,,,
购买企业软件产品后，有哪些售后服务？,购买我们的企业软件产品后，您将享有24/7的专业技术支持，包括软件升级、故障排除、定期维护和定制服务。我们还提供用户培训，以确保您的团队能够充分利用软件。此外，我们有一个在线知识库，提供了大量的文档和教程，以帮助您解决常见的问题。,,,,,,,,,,,,,,,,,,
购买企业软件产品前，要经过哪些售前咨询流程？,您可以通过我们的网站或直接拨打电话与我们的销售团队联系，一开始，我们的销售代表将与您进行初步沟通，了解您的业务需求。然后，我们将为您安排一次产品演示，您可以在演示中看到软件的实际应用并与我们的专家进行交流。根据您的反馈，我们将提供一份详细的提案，包括产品功能、定价和可能的定制选项。最后，如果您决定购买，我们将指导您完成购买流程并启动实施计划。,,,,,,,,,,,,,,,,,,
企业软件产品是否支持与其它系统集成？,我们的企业软件产品提供了丰富的API和SDK，可以轻松地与您现有的系统进行集成。我们支持各种常用的企业应用（如CRM、ERP和财务系统）的集成，并且我们的开发者团队可以提供专业的集成支持。我们还提供了一个活跃的开发者社区，您可以在其中找到大量的集成案例和最佳实践。,,,,,,,,,,,,,,,,,,
企业软件产品的更新频率是怎样的？,我们致力于不断改进和优化我们的软件产品，以便为客户提供最佳的使用体验。我们通常每季度发布一个主要版本，其中包含新的功能和增强功能。此外，我们还提供系统维护和故障修复的补丁程序，这些补丁程序将根据需要随时发布。我们的用户将通过电子邮件或用户控制面板中的通知提前了解新版本的发布日期，并提供详细的更新日志。,,,,,,,,,,,,,,,,,,
购买企业软件产品后，如何进行安装？,购买我们的企业软件产品后，我们将提供详细的安装指南，其中包含了具体的步骤和要求。一般情况下，我们的产品支持本地部署或云部署，具体根据您的选择，我们将提供不同的部署方案。我们还提供专业的技术团队，以帮助您进行安装和配置，以确保软件能够顺利集成到您现有的IT环境中。,,,,,,,,,,,,,,,,,,
如何确保企业软件产品数据的安全性？,我们采取了多项措施来保护您的数据。首先，我们使用最高的安全标准和加密技术（如SSL/TLS）来保护您的数据在传输过程中的安全。其次，我们对所有数据进行备份和归档，以防止数据丢失。我们还实施了严格的身份认证和访问控制策略，以确保只有授权用户才能访问您的数据。最后，我们定期进行安全审计和渗透测试，以识别并消除任何潜在的安全漏洞。,,,,,,,,,,,,,,,,,,
企业软件产品是否提供多语言支持？,是的，我们的企业软件产品支持多种语言（包括英语、法语、西班牙语、德语、日语、中文等），您可以根据您的需求选择相应的语言版本。此外，我们还提供多语言客户支持，以确保您能够在全球范围内获得一致的服务体验。,,,,,,,,,,,,,,,,,,
我如何获得企业软件产品的技术支持？,我们提供多种渠道来获取技术支持，您可以选择最适合您需求的方式。您可以通过电子邮件或电话与我们的技术支持团队联系，我们的专家将在工作时间内响应您的请求。我们还提供在线聊天和社区支持，您可以在其中快速解决问题或与其他用户交流。此外，我们的用户控制面板中还提供了大量自助服务资源，包括FAQ、知识库、在线文档和视频教程。,,,,,,,,,,,,,,,,,,
企业软件产品的初始部署成本是多少？,"我们的企业软件产品初始部署成本包括许可证费用和实施费用，具体价格根据您选择的模块和用户数量而变化。例如，基础版起始价为10,000元人民币，包括最多100个用户授权，而高级版起始价为20,000元人民币，包括无限用户授权。具体细节，建议您联系我们的销售代表以获取针对您需求的准确报价。",,,,,,,,,,,,,,,,,,
企业软件产品升级或更新的费用如何计算？,升级或更新我们的企业软件产品时，您将需要支付年度订阅费，这覆盖了软件更新、技术支持和维护服务。订阅费按照不同版本有不同的价格，通常为基础版年费的15%，高级版年费的20%。请注意，如果您从基础版升级到高级版，还需补差价。,,,,,,,,,,,,,,,,,,
购买企业软件产品后，能否试用一段时间再决定是否继续使用？,是的，我们提供为期15天的免费试用期，让您在正式购买之前体验我们的产品。试用期间，您将获得全部功能的访问权限，以及我们的客户支持服务。如果试用结束后您决定继续使用，只需直接联系我们的销售团队进行正式购买流程。,,,,,,,,,,,,,,,,,,
购买企业软件产品后，如果遇到技术问题，能否获得技术支持？,当然，我们提供24/7的技术支持服务。一旦购买，您将获得一个专属的客户服务端口，可以随时提交技术问题，我们的工程师将在1小时内响应，并在12小时内解决问题。对于复杂问题，我们将安排电话会议或远程访问以进行深入讨论和解决。,,,,,,,,,,,,,,,,,,
企业软件产品如何确保数据安全？,我们采用多层安全措施来保护您的数据安全，包括数据加密、防火墙、访问控制和定期安全审计。我们的数据中心都配备有物理安全、双路电源和冷却系统，确保数据在任何情况下均得到保护。同时，我们遵守全球数据保护法规，包括GDPR和CCPA，保护您的隐私和数据安全。,,,,,,,,,,,,,,,,,,
企业软件产品支持的平台有哪些？,我们的企业软件产品支持Windows、macOS、Linux以及web端。您可以通过桌面客户端或web浏览器访问我们的应用程序。为确保最佳兼容性，请确保您的操作系统保持最新状态，同时使用推荐的浏览器，如Chrome、Firefox和Edge。,,,,,,,,,,,,,,,,,,
企业软件产品在安装过程中需要哪些准备工作？,在安装企业软件产品之前，您需要确保系统满足最低硬件与软件要求，包括处理器、内存和存储空间。提供足够的网络带宽，以支持软件的安装与数据传输。同时，您需要准备管理员权限，以安装和配置软件。我们建议在非高峰时间进行安装，以减少对业务的影响。,,,,,,,,,,,,,,,,,,
如果我对于企业软件产品的功能使用有疑问，如何获得培训或指导？,我们提供多种培训和支持选项。对于企业软件产品，我们有全面的在线教程，您可以随时访问学习。此外，我们还提供在线直播培训课程，按月发布，包括基础和高级主题。如果需要深度定制培训，我们也可以安排专家进行现场或远程培训课程。,,,,,,,,,,,,,,,,,,
企业软件产品如何处理用户数据的备份和恢复？,企业软件产品内置了数据备份与恢复功能。您可以设置自动备份计划，定期将数据备份到本地或云端。在意外情况发生时，您可以轻松恢复数据，以最大限度地减少业务中断。我们建议每天备份数据，并将备份文件存储在独立的设备上，以避免同时数据丢失的风险。,,,,,,,,,,,,,,,,,,
企业软件产品的售后服务包括哪些内容？,售后服务包括技术支持、软件更新和问题解答。技术支持提供全年无休的故障排除、操作指导和定期健康检查。软件更新包括新版本的功能增强、性能改进和安全修复。此外，您还可以获取定期的使用报告和产品工作坊邀请，以获取最新产品信息和优化建议。,,,,,,,,,,,,,,,,,,
如何获取企业软件产品的详细价格清单？,您可以通过访问我们的官方网站，在产品页面找到价格详情，或者直接联系我们的销售团队，他们将为您提供定制化的价格方案。,,,,,,,,,,,,,,,,,,
购买软件产品后，是否提供技术支持服务？,是的，我们为所有购买产品的客户提供一年免费的技术支持服务，包括软件安装、故障排除和使用指导。,,,,,,,,,,,,,,,,,,
在购买前，如何进行产品的试用或演示？,我们提供免费试用版，您可以通过注册账户获取试用许可。此外，销售团队亦可安排产品演示会，以更好地了解软件功能。,,,,,,,,,,,,,,,,,,
软件的售后服务政策是什么？,我们的售后服务包括软件维护、升级和故障修复。在服务期内，您可享受24/7的客户支持和专业的技术支持团队服务。,,,,,,,,,,,,,,,,,,
如何进行软件的升级和更新？,软件升级和更新可以通过在线自动更新服务进行，您只需确保网络连接，系统将自动检测并安装最新版本。,,,,,,,,,,,,,,,,,,
软件产品的安装需要哪些系统要求？,软件要求Windows 10或更高版本、MacOS Catalina 10.15或以上，至少4GB的RAM以及5GB的硬盘空间。,,,,,,,,,,,,,,,,,,
购买后，软件授权的有效期是多久？,软件授权有效期通常为一年。到期后，您可以选择续订以继续使用。我们会提前通知您续订日期和费用。,,,,,,,,,,,,,,,,,,
是否支持按使用量计费的灵活价格模式？,是的，我们提供根据实际使用量计费的动态定价模式，适合处理不同用户需求和预算。,,,,,,,,,,,,,,,,,,
企业软件产品是否适用于多用户环境？,我们的产品设计考虑了多用户环境，您可以通过设置不同的访问权限来管理用户访问，确保数据安全和操作效率。,,,,,,,,,,,,,,,,,,
如何进行售后问题的反馈和处理？,您可以通过客服热线、电子邮件或在线客服系统提交售后问题，我们将在24小时内响应并提供解决方案。,,,,,,,,,,,,,,,,,,
企业版软件的价格是如何计算的？,企业版软件的价格基于多个因素计算，包括使用人数、所需的功能模块、以及服务支持等级。您可以联系我们的销售团队获取定制化报价。,,,,,,,,,,,,,,,,,,
购买软件后，如果遇到问题，企业能提供哪些售后支持？,我们提供全天候的在线技术支持，以及电话咨询服务。对于高级服务套餐的客户，我们还提供现场技术支持和优先问题解决机制。,,,,,,,,,,,,,,,,,,
在购买前，能否提供软件的免费试用版？,是的，我们为所有潜在客户提供30天的免费试用期，包括完整的功能和有限的技术支持，以便您充分了解产品。,,,,,,,,,,,,,,,,,,
如何进行软件的安装和配置？,软件安装包和详细的安装指南将通过电子邮件发送给您。我们还提供远程安装服务，并有专门的技术支持团队帮助您解决安装过程中的任何问题。,,,,,,,,,,,,,,,,,,
软件更新的频率如何，是否有额外费用？,软件更新根据市场需求和反馈进行，一般每季度发布一次小更新，每年发布一次大版本更新。更新服务包含在年费中，无需额外付费。,,,,,,,,,,,,,,,,,,
软件在何种操作系统和设备上运行？,我们的软件支持Windows、MacOS和多数Linux发行版。同时，我们还提供云版本，可在任何有网络连接的设备上使用，包括移动设备。,,,,,,,,,,,,,,,,,,
如果我对软件的功能有定制需求，你们能提供吗？,我们提供定制开发服务，根据您的具体需求进行功能定制。请联系我们的销售团队进行详细咨询和报价。,,,,,,,,,,,,,,,,,,
软件购买后是否有培训服务？,我们提供在线培训课程，介绍软件的使用和高级功能。对于大量购买的客户，我们还提供现场培训和一对一的指导。,,,,,,,,,,,,,,,,,,
软件的数据安全如何保障？,我们的软件采用加密技术保护数据传输，并在服务器端使用多层安全防护机制。同时，我们定期进行安全审计，确保数据安全。,,,,,,,,,,,,,,,,,,
软件使用过程中遇到的技术问题如何解决？,您可以联系我们的技术支持团队，通过电话或在线聊天获得帮助。我们还提供详细的文档和常见问题解答，帮助您快速解决问题。,,,,,,,,,,,,,,,,,,
企业软件产品的定价策略是怎样的？,我们的企业软件产品采用分级定价策略，根据用户需求提供基础版、标准版和高级版，价格分别是每年1000元、2000元和5000元，包含基本功能到全面支持的专业服务。,,,,,,,,,,,,,,,,,,
购买企业软件产品后，可以享受多久的售后服务?,您购买我们的企业软件产品后，可以享受为期一年的免费售后服务，包括软件更新、技术支持和故障排除等服务。此后，您可以选择续费以继续享受服务。,,,,,,,,,,,,,,,,,,
如何进行售前咨询？,如果您有任何售前问题，可以访问我们的官方网站，填写在线表单或拨打客服电话，我们的专业团队会尽快与您联系，提供详细的产品信息和咨询服务。,,,,,,,,,,,,,,,,,,
企业软件产品支持哪些操作系统？,我们的企业软件产品支持Windows、macOS和Linux操作系统，确保跨平台兼容性，满足不同用户的需求。,,,,,,,,,,,,,,,,,,
如何下载和安装企业软件产品？,首先，请访问我们的官方网站下载软件安装包。下载完成后，双击安装包并按照提示进行安装。如果您在安装过程中遇到问题，可以查看我们的安装指南或联系客服获取帮助。,,,,,,,,,,,,,,,,,,
购买企业软件产品后，如何获取发票？,购买后，系统会自动发送电子发票至您的注册邮箱。如需纸质发票，您可以登录账号，进入订单详情页面，申请开具纸质发票。我们会在3个工作日内寄送至您指定的地址。,,,,,,,,,,,,,,,,,,
企业软件产品是否提供试用版？,是的，我们提供30天免费试用版，您可以在官方网站上注册账号并申请试用。试用版包含大部分功能，以便您进行评估和测试。,,,,,,,,,,,,,,,,,,
企业软件产品的数据安全性如何保障？,我们采用了行业内高标准的数据加密技术，以及多重身份验证机制，确保您的数据安全。此外，我们不向第三方泄露用户数据，遵守相关法律法规和隐私政策，为您的业务保驾护航。,,,,,,,,,,,,,,,,,,
如果软件出现问题，如何获取技术支持？,您可以拨打客服电话或通过官方网站上的在线表单提交问题，我们的技术支持团队将在24小时内给予响应。针对不同用户需求，我们提供远程协助和现场技术支持服务。,,,,,,,,,,,,,,,,,,
如何升级企业软件产品至更高版本？,如果您想升级至更高版本，可以通过账户管理系统在线购买并激活升级包。升级后，您将立即享受更全面的功能、性能优化和高级技术支持。,,,,,,,,,,,,,,,,,,
我们软件产品的定价标准是怎样的？,我们的软件产品定价分为基础版、专业版和企业版，价格分别为299元/年、899元/年和定制化报价，具体功能及价格详情请访问我们的官方网站或联系销售代表获取更多信息。,,,,,,,,,,,,,,,,,,
软件产品的售后服务政策是怎样的？,我们提供一年期免费软件更新和支持服务，包括技术咨询、故障排查和小范围的功能定制。超过一年后，您可选择续费服务包以继续获取支持。,,,,,,,,,,,,,,,,,,
进行售前咨询的具体流程是什么？,您可以通过官方网站提交售前咨询表单，我们的销售代表将在24小时内与您联系。您也可以直接拨打我们的销售热线，我们的团队将为您提供详细的产品咨询。,,,,,,,,,,,,,,,,,,
如何安装软件产品？,购买后，您将收到一封包含下载链接和安装指南的电子邮件。请按照随附的安装向导进行操作，如有安装问题，可联系技术支持，我们会在2个工作日内响应并提供协助。,,,,,,,,,,,,,,,,,,
软件产品能否在多设备上使用？,是的，我们的软件产品支持在PC和移动设备上使用，您只需在每台设备上安装我们的软件并使用相同的账户登录即可。,,,,,,,,,,,,,,,,,,
关于软件的退款政策是什么？,我们公司在14天内提供无理由退款服务。如果您在购买后14天内对产品不满意，可提出全额退款申请，我们将审核后在5个工作日内处理退款。,,,,,,,,,,,,,,,,,,
软件产品支持哪些操作系统？,我们的软件产品支持Windows、Mac OS和Linux等主流操作系统，以及Android和iOS移动操作系统，确保用户在各种设备上都能正常使用。,,,,,,,,,,,,,,,,,,
如何获取软件产品的试用版本？,您可以在我们的官方网站上申请试用版本。我们将为您提供为期30天的免费试用期，试用期内享受与正式版本相同的功能与服务。,,,,,,,,,,,,,,,,,,
软件产品的培训和支持服务包括哪些内容？,我们的培训和支持服务包括在线帮助文档、视频教程、实时聊天支持以及专业技术人员一对一指导。通过这些资源，您可以快速掌握软件操作，解决使用过程中遇到的问题。,,,,,,,,,,,,,,,,,,
软件产品是否提供定制化开发服务？,是的，我们提供定制化开发服务，根据企业需求进行功能扩展或系统集成。详情请咨询我们的销售代表，我们将为您提供量身定制的解决方案。,,,,,,,,,,,,,,,,,,
你们企业的软件产品定价是如何计算的？,我们的软件产品定价基于用户数、功能模块以及部署方式。对于基础套餐，单个用户许可费为每月50元；对于高级套餐，单个用户许可费为每月150元。同时，如果您选择私有云部署方式，需要额外支付每年5000元的部署费用。具体报价会根据您的实际需求进行个性化定制。,,,,,,,,,,,,,,,,,,
购买企业软件产品后，能获得哪些售后服务？,购买我们的软件产品后，您将享受全年的产品更新、技术支持以及故障排除服务。我们提供7x24小时在线客服，任何技术问题均可在1小时内得到响应。同时，我们会定期为用户提供软件使用培训，确保您能够充分利用产品各项功能。,,,,,,,,,,,,,,,,,,
如果我对你们企业软件产品不太了解，应该如何进行售前咨询？,我们提供免费的售前咨询服务，您可以通过官方网站的联系方式留下您的需求和联系方式，我们的销售代表将在24小时内联系您，根据您的具体需求提供详尽的产品介绍和价格方案。我们还提供定制化演示服务，确保您全面了解产品的所有功能。,,,,,,,,,,,,,,,,,,
如何安装企业软件产品？需要哪些系统环境？,安装我们的企业软件产品，您需要具备以下系统环境：操作系统Windows Server 2016或以上版本，或Linux Ubuntu 18.04或以上版本；数据库MS SQL Server 2017或以上版本，或Oracle 12.1或以上版本；同时需要16GB以上的RAM和50GB的可用磁盘空间。安装详情请参考用户手册中具体的安装步骤。,,,,,,,,,,,,,,,,,,
企业软件产品如何进行数据备份？,我们的软件产品内置了数据备份功能，您可以通过设置计划任务每日自动备份数据。数据备份可以保存在本地磁盘，也可以上传至云存储平台，如AWS S3或阿里云OSS。备份文件采用加密压缩方式存储，保证数据安全性和效率。,,,,,,,,,,,,,,,,,,
在购买企业软件产品后，如果遇到bug应该如何处理？,如果您遇到软件bug，可以立即通过在线客服提交问题描述，我们的技术支持团队将尽快响应，并提供远程技术支持或软件补丁。对于重大bug，我们将优先处理，确保在24小时内给予解决方案或更新。,,,,,,,,,,,,,,,,,,
怎样获得企业软件产品的试用版？,您可以通过官方网站申请试用版，试用版通常包括产品的主要功能，有效期为30天。试用期间，您可以体验产品功能并评估是否满足您的需求。如果您在试用过程中有任何疑问，可直接联系我们的技术支持团队。,,,,,,,,,,,,,,,,,,
企业软件产品的用户权限如何设置？,我们提供了精细的权限设置功能，管理员可以为不同用户设置不同级别的权限，如读取、编辑、删除等。权限设置可以在用户管理界面进行，支持导入导出权限模板，方便批量设置。,,,,,,,,,,,,,,,,,,
企业软件产品如何保证数据安全？,我们的软件产品采用了多重加密技术，对数据进行端到端的加密传输。同时，我们提供定期的安全审计，确保系统无安全漏洞。每个用户都有独立的账号和密码，密码采用哈希加密存储，防止泄露。对于敏感数据，我们提供了脱敏处理功能，确保数据安全。,,,,,,,,,,,,,,,,,,
企业软件产品的升级政策是什么？,我们承诺每年至少提供两次产品升级，其中包含功能优化、bug修复和安全性提升。升级服务包括在线更新和离线升级包。根据您的购买合同，您可能在合约期内免费享受升级服务，合约到期后，升级服务将根据您的需求另行计费。,,,,,,,,,,,,,,,,,,
软件产品的具体价格策略是怎样的？,我们的企业软件产品定价根据用户数量、功能模块以及支持服务等因素综合考虑，具体价格请咨询销售代表，我们将根据您的实际需求提供详细的报价方案。,,,,,,,,,,,,,,,,,,
购买后如果遇到问题怎么处理？,我们的售后服务覆盖软件产品从安装到日常运维的全过程，包括电话支持、在线帮助和现场服务。请您在购买后随时保持与客服部门的联系，我们将及时解决您的问题。,,,,,,,,,,,,,,,,,,
售前提供哪些咨询和服务？,为帮助您更好地了解产品，我们提供一对一的产品演示、功能讲解和需求分析服务。售前咨询可以免费进行，只需通过官网预约或直接联系销售代表即可安排。,,,,,,,,,,,,,,,,,,
如何安装企业软件并投入正常使用？,我们的产品提供Windows和Linux等多种操作系统下的安装包，购买后您将收到软件安装文件及详细说明书。如有安装问题，可联系技术支持部门，我们将提供远程指导帮助。,,,,,,,,,,,,,,,,,,
软件使用过程中出现故障怎么办？,遇到软件故障时，请首先检查网络连接和系统配置是否符合要求。之后，您可以参照用户手册排查常见问题，或联系我们的支持团队获得进一步的技术协助，我们将尽快解决您的困扰。,,,,,,,,,,,,,,,,,,
如何获取产品试用版？,我们提供一定期限的试用版，以便您在正式购买前评估软件性能和功能。请访问官网填写申请表，我们将在确认后为您发送试用版软件及详细使用指南。,,,,,,,,,,,,,,,,,,
是否提供定制化开发服务？,我们为满足不同客户的具体需求，提供定制化开发服务，包括功能扩展、接口集成和特殊需求解决方案。您可以详细说明需求，我们将评估成本并提供报价。,,,,,,,,,,,,,,,,,,
关于合同签订的具体流程是什么？,签订合同前，我们将与您详细沟通需求并提供报价，确认无误后将发送电子合同或纸质合同供双方签署。合同中将明确服务内容、价格和支付方式等条款。,,,,,,,,,,,,,,,,,,
产品升级或更新频率如何？,我们会根据市场变化和用户反馈定期更新产品，通常每个季度至少年度内会发布一次大版本更新，其中包含功能增强和BUG修复。购买后，您将定期收到最新版本的通知，以及升级指导。,,,,,,,,,,,,,,,,,,
如何获取培训与技术支持服务？,我们提供线上培训课程和现场培训服务，以帮助您和团队熟练掌握软件的使用。同时，技术支持团队随时待命，通过电话、邮件或在线平台解答您的问题。,,,,,,,,,,,,,,,,,,
我们的企业软件产品包含哪些服务是免费的，哪些是需要付费的？,我们的企业软件产品基本功能是免费的，这包括基础的数据管理、初步的分析工具和用户支持。而高级分析工具、无限的数据存储和高级定制服务是需要付费的。,,,,,,,,,,,,,,,,,,
企业软件产品的价格模式是怎样的？,我们的价格模式基于订阅，按月或按年付费。价格根据您选择的功能和使用的服务数量而定。,,,,,,,,,,,,,,,,,,
如果在购买后不满意，我们能退款吗？,是的，我们提供了15天的无理由退款政策。如果您在购买后的15天内对我们的产品不满意，您可以联系我们申请退款。,,,,,,,,,,,,,,,,,,
购买前需要进行哪些咨询服务？,购买前，您可以联系我们进行售前咨询，我们将为您解答有关产品的所有疑问，并帮助您确定最适合您需求的解决方案。,,,,,,,,,,,,,,,,,,
如何安装和启动企业软件产品？,在购买产品后，您将收到包含安装指南的邮件。按照指示下载并安装软件，然后按照屏幕上的步骤激活您的订阅。,,,,,,,,,,,,,,,,,,
在使用过程中遇到问题，如何寻求帮助？,如果您在使用过程中遇到任何问题，可以直接在我们的网站上提交技术支持请求，或联系我们的客服。我们将在24小时内作出响应。,,,,,,,,,,,,,,,,,,
企业软件产品的售后服务政策是怎样的？,我们的企业软件产品提供7x24小时的技术支持，以及定期的软件更新和维护服务。我们承诺在收到问题后24小时内进行首次响应，3个工作日内解决问题。,,,,,,,,,,,,,,,,,,
产品是否有试用版？,是的，我们提供30天的免费试用，您可以在不付费的情况下尝试所有功能，以便您了解我们的产品是否满足您的需求。,,,,,,,,,,,,,,,,,,
如何升级到更高级的版本？,您可以在账户设置中升级到更高级的版本。只需选择您想要的计划并进行付款即可。所有升级都是即时生效的，您可以立即开始使用新的功能。,,,,,,,,,,,,,,,,,,
如何取消订阅？,在账户设置中选择取消订阅，系统将自动进行操作，并在当前周期结束后停止服务。请确保数据备份，取消订阅后数据可能会被删除。,,,,,,,,,,,,,,,,,,
如何获取企业软件产品的详细价格列表？,您可以通过访问我们的官方网站，进入产品页面查看基本价格信息，对于详细的定制化报价，我们建议您联系我们的销售团队，他们将根据您的具体需求提供详细的价格清单。请发送邮件至sales@ourcompany.com或者拨打客服热线以获得进一步的帮助。,,,,,,,,,,,,,,,,,,
企业软件产品在购买后有哪些售后服务？,购买我们的企业软件产品后，您将享受一年的技术支持服务，包括软件更新、故障排除和在线咨询。此外，我们提供专业的培训服务，帮助您的团队更好地理解和使用软件。如果需要更高级别的服务，我们还提供定制化的服务计划，您可以联系我们的客服了解更多详情。,,,,,,,,,,,,,,,,,,
购买企业软件产品前需要做哪些咨询？,在购买我们的企业软件产品前，我们建议您先进行需求分析，确定软件是否符合您的业务需求。您可以联系我们的售前顾问进行一对一咨询，我们将根据您的需求提供产品演示和试用服务。同时，我们也会提供详尽的功能说明文档，帮助您更好地了解产品。,,,,,,,,,,,,,,,,,,
如何安装企业软件产品？需要哪些环境条件？,我们的企业软件产品安装过程简单，主要需要良好的网络环境和满足最低要求的硬件配置。您可以在购买后访问我们的官方网站下载安装包，按照说明文档的步骤操作即可。我们的技术支持团队也会提供远程安装指导服务，确保您的安装过程顺利无阻。,,,,,,,,,,,,,,,,,,
如果购买后发现企业软件产品不适合我的业务，可以退款吗？,我们提供30天无理由退款服务，如果您在购买后30天内发现软件产品确实不适合您的业务需求，可以随时联系我们的客服申请退款，我们会按照您的支付方式进行退款处理，但退款金额不包括已消耗的定制化服务费用。,,,,,,,,,,,,,,,,,,
企业软件产品是否可以与其他软件系统集成？,我们的企业软件产品支持API集成，可以与其他软件系统进行无缝对接。我们提供详细的API文档和技术支持，帮助您快速完成集成工作。如果您需要更高级别的集成服务，可以联系我们的技术团队进行定制化服务。,,,,,,,,,,,,,,,,,,
企业软件产品有哪些安全保障措施？,我们的企业软件产品采用先进的加密技术，确保您的数据安全。我们还提供防火墙、入侵检测和安全审计等安全服务，防止外部攻击和数据泄露。此外，我们定期进行安全更新和补丁修复，确保软件的稳定性和安全性。,,,,,,,,,,,,,,,,,,
购买企业软件产品后，如何获得许可证？,在您完成支付后，我们会在24小时内通过电子邮件发送软件许可证信息。请检查您的垃圾邮件文件夹，以确保您不会错过任何重要信息。如果您在24小时内没有收到许可证，请联系我们的客服，我们将尽快为您解决。,,,,,,,,,,,,,,,,,,
企业软件产品的维护和升级如何进行？,我们提供定期的软件更新和维护服务，您可以登录客户中心查看最新的更新信息。维护和升级通常通过远程操作完成，无需您进行额外的操作。如果您需要现场支持，我们还提供付费的现场维护服务。,,,,,,,,,,,,,,,,,,
企业软件产品是否支持多语言界面？,我们的企业软件产品支持多种语言界面，包括中文、英文、日文等，您可以根据自己的需要进行选择。如果您需要其他语言的支持，我们还可以提供定制化的语言包，但需要额外付费。,,,,,,,,,,,,,,,,,,
如何获取企业软件产品的详细价格信息？,您可以通过访问我们的官方网站，在产品页面找到“价格详情”或“立即购买”按钮，点击后会显示详细的定价信息。另外，您也可以联系我们的销售团队，他们会根据您的具体需求提供详细的报价方案。,,,,,,,,,,,,,,,,,,
企业软件产品的售后服务政策是怎样的？,我们的企业软件产品提供一年的免费维护和技术支持服务，包括但不限于软件升级、故障排查、使用指导等。对于超过保修期的客户，我们提供付费的维护和升级服务。,,,,,,,,,,,,,,,,,,
在购买企业软件产品前，我应该如何进行咨询？,在购买前，您可以先在官网下载产品试用版进行体验，也可以通过我们的在线客服或销售热线进行咨询，我们的专业销售顾问会根据您的需求提供详细的产品介绍和解决方案。,,,,,,,,,,,,,,,,,,
能否提供企业软件产品的安装指南？,我们提供详细的产品安装手册，您可以在购买后从官方网站下载。此外，我们还提供远程安装指导服务，如果有需要，可以联系我们的技术支持团队。,,,,,,,,,,,,,,,,,,
如果我对产品有使用上的疑问，该怎么解决？,我们提供在线客服支持，您可以在工作时间内通过官网的在线聊天或电话热线联系我们的客服代表。此外，我们的产品页面也有常见问题解答和用户手册，您可以先查看是否有解决方案。,,,,,,,,,,,,,,,,,,
企业软件产品是否有试用版？,是的，我们提供30天的免费试用版，让您可以先行体验产品的功能和性能。试用版可以在我们的官方网站上申请，填写简单的申请表后，我们将通过邮件发送试用链接。,,,,,,,,,,,,,,,,,,
产品更新后，如何获取最新的版本？,您的产品在保修期内，我们将自动推送最新版本的更新通知，您只需按照提示进行升级即可。如果已过保修期，您需要购买升级服务，才能获取最新版本。,,,,,,,,,,,,,,,,,,
如果购买后发现产品不适合，是否可以退款？,我们提供30天的无理由退款服务。如果您在购买后30天内发现产品不符合您的需求，可以联系我们的客服申请退款，我们会按照购买渠道原路退款。,,,,,,,,,,,,,,,,,,
企业软件产品是否有相关的培训服务？,是的，我们提供产品使用培训服务，包括线上培训和线下培训，您可以在购买后咨询我们的销售团队，了解详细的培训计划和费用。,,,,,,,,,,,,,,,,,,
如何获取企业软件产品的证书和授权码？,在您购买并激活订单后，我们的系统将自动发送包含证书和授权码的邮件，您也可以在用户中心下载证书和查看授权码。如果未收到邮件，请检查垃圾邮件箱，或联系我们的客服帮助查找。,,,,,,,,,,,,,,,,,,
软件产品的月付费模式是怎样的？,我们的企业软件产品提供灵活的月付费模式，用户可以根据实际需求选择不同的套餐。基础套餐每月费用为$99，包括核心功能使用权限和基础技术支持；高级套餐每月费用为$199，额外提供数据分析和自定义报告功能；企业定制套餐按需报价，详情请咨询销售顾问。,,,,,,,,,,,,,,,,,,
购买软件产品后，能否获得免费的培训服务？,是的，我们为所有购买软件产品的客户提供一次免费的培训服务，包括产品使用培训和基础问题解决培训。此外，我们还提供在线培训资料和视频教程，确保用户能熟练掌握软件的使用。,,,,,,,,,,,,,,,,,,
如何进行售前咨询？,您可以通过我们的官网预约售前咨询，我们的销售顾问将在24小时内与您联系，解答您的所有疑问。或者，您也可以直接拨打我们的客服热线进行咨询。,,,,,,,,,,,,,,,,,,
软件的升级策略是怎样的？,我们承诺为软件产品提供定期的升级服务，以确保软件的安全性和功能性。升级策略包括每年至少一次的重大版本更新和不定期的补丁更新，以修复已知问题和改善用户体验。,,,,,,,,,,,,,,,,,,
软件产品是否支持多语言界面？,是的，我们的软件产品支持多种语言界面，包括英语、中文、西班牙语、法语等，用户可以根据自己的需求选择相应的语言界面。,,,,,,,,,,,,,,,,,,
安装软件需要怎样的系统配置？,为了确保软件正常运行，建议使用以下系统配置：操作系统为Windows 10或更高版本；处理器为Intel Core i5或更好；内存至少8GB；硬盘空间需预留10GB；显卡至少为NVIDIA GeForce 940M或等效级别。,,,,,,,,,,,,,,,,,,
能否提供软件产品的试用版本？,当然可以，我们为所有感兴趣的客户提供为期30天的免费试用版本，您可以在官网下载并安装，试用期间可以体验软件的全部功能。,,,,,,,,,,,,,,,,,,
软件产品是否支持云存储服务？,是的，我们的软件产品支持与云存储服务的集成，包括Google Drive、Dropbox和Microsoft OneDrive等，用户可以根据自己的需求选择相应的云存储服务，以实现数据的备份和共享。,,,,,,,,,,,,,,,,,,
如果在使用过程中遇到问题，如何获得技术支持？,我们为所有客户提供24/7的技术支持服务，您可以通过客服热线、电子邮件或在线聊天等方式联系我们，我们将尽快响应并解决您的问题。,,,,,,,,,,,,,,,,,,
软件产品的安全性能如何？,我们的软件产品采用了先进加密技术，确保用户数据的安全。同时，我们定期进行安全审核和更新，以应对新的安全威胁。,,,,,,,,,,,,,,,,,,
如何获取企业软件产品的详细价格信息？,您可以通过访问我们的官方网站，在产品页面中查看基本价格概览。对于定制开发和具体报价，我们建议您填写在线询价表单，我们的销售团队会在一个工作日内提供详细的报价单。,,,,,,,,,,,,,,,,,,
贵公司的企业软件产品提供什么类型的售后服务？,我们提供包括技术支持、在线咨询、电话服务及定期软件更新维护在内的全面售后服务。对于重大问题，我们承诺在24小时内响应并提供解决方案。,,,,,,,,,,,,,,,,,,
在购买贵公司企业软件产品前，如何进行售前咨询？,您可以通过我们的官方网站预约售前咨询，我们的技术顾问将与您一对一沟通，解答您对产品的所有疑问，并根据您的具体需求提供专业建议。,,,,,,,,,,,,,,,,,,
企业软件产品的安装过程复杂吗？,我们的产品设计以用户友好为原则，大多数情况下，安装可以通过几步简单的操作完成。对于复杂环境的安装，我们将提供专业的远程或现场安装服务。,,,,,,,,,,,,,,,,,,
是否提供企业软件产品的试用版本？,是的，我们提供为期14天的免费试用版，您可以在此期间测试产品功能，以确保它满足您的业务需求。试用版可在官网申请。,,,,,,,,,,,,,,,,,,
购买企业软件产品后，是否会提供培训支持？,我们为所有客户提供免费的基础培训，包括产品功能介绍和操作演示。对于高级用户，我们也提供付费的深度培训服务，以确保您能充分利用软件的全部潜力。,,,,,,,,,,,,,,,,,,
企业软件产品是否支持定制化开发？,我们支持根据您的具体业务需求进行定制开发，包括功能定制、UI定制等。请联系我们预先讨论开发范围和成本。,,,,,,,,,,,,,,,,,,
如何确保企业软件产品的数据安全？,我们使用最先进的加密技术保护您的数据安全。所有数据传输都经过SSL加密，服务器采用双因素认证，并进行定期的安全审计，以防止任何未经授权的访问。,,,,,,,,,,,,,,,,,,
安装企业软件产品是否需要特定的硬件配置？,我们的产品支持多种硬件配置，但为了获得最佳的运行效果，建议您遵循我们官网上提供的系统要求指南。对于不确定的部分，我们的技术支持团队可提供协助。,,,,,,,,,,,,,,,,,,
通过何种方式可以获得企业软件产品的官方文档？,您可以在我们的官方网站下载产品手册和操作指南。另外，我们还提供在线帮助文档，并有专门的技术支持团队为您解答任何使用过程中遇到的问题。,,,,,,,,,,,,,,,,,,
企业软件许可证的价格是如何计算的？,企业软件许可证的价格主要基于用户数量、功能模块以及支持服务等级来计算。具体来说，价格会根据您选择的许可证类型（如并发用户、单机部署等）、功能模块（如高级分析、报表生成等）以及客户支持服务（如标准服务、高级服务等）而有所变化。我们提供定制化报价方案，以满足不同企业的需求。,,,,,,,,,,,,,,,,,,
企业软件产品的售后服务包括哪些内容？,我们的售后服务包括但不限于软件维护与更新、技术支持、故障排除、使用培训以及咨询指导。其中，软件维护与更新确保系统性能和安全；技术支持通过电话、邮件或在线帮助台提供；故障排除以快速恢复系统为核心目标；使用培训帮助企业内部员工更熟练地操作软件；而咨询指导则涵盖了软件配置优化、策略建议等方面的服务。,,,,,,,,,,,,,,,,,,
如何进行企业软件产品的售前咨询？,售前咨询流程首先，您可以通过我们的官方网站提交项目需求或申请演示，我们的售前团队会根据您的需求进行初步评估；随后，我们将与您进行详细沟通，讨论项目具体要求，制定定制化方案；接着，我们会安排产品演示或试用，确保软件功能与您的业务需求匹配；最后，我们将提供报价与合同模板，协商确定合作细节。,,,,,,,,,,,,,,,,,,
如何在本地服务器安装企业软件？,安装企业软件至本地服务器的步骤包括：环境准备，确保服务器操作系统兼容，并安装所有必要的软件环境；下载安装包，从客户账户中心下载适用于本地部署的软件包；服务器环境配置，按照安装指南完成服务器环境的详细配置，如防火墙、端口等；执行安装，使用提供的安装脚本或图形界面工具完成软件安装；系统初始化，完成数据库设置，网络配置及登录账号设置；最后，进行功能测试，验证所有模块功能的正确性和完整性，确保软件正常运行。,,,,,,,,,,,,,,,,,,
企业软件的升级流程是怎样的？,升级您的企业软件主要涉及：评估软件兼容性，检查新版本与现有环境的兼容性；备份当前数据，为防止任何可能的数据丢失，进行完整的数据备份；应用更新，根据指导文档或在线帮助执行更新流程，通常涉及下载并应用新版本的软件包；配置更新，调整任何因更新而导致的配置变化；功能测试，运行一揽子的测试案例，以验证所有功能模块的正常运行；用户培训，为使用者提供相关变更的信息与培训，确保项目顺利过渡。,,,,,,,,,,,,,,,,,,
企业软件的产品特性是否支持多语言界面？,我们的企业软件产品支持多语言界面，可满足全球企业的需求。用户可以根据自己的语言偏好在软件设置中进行切换，包括英文、中文、法文、西班牙文、德文等常用语言，同时我们持续更新和优化语言包，以支持更多语言选项。,,,,,,,,,,,,,,,,,,
企业软件产品的数据安全措施是什么？,我们的企业软件采用数据加密、访问控制、安全审计和备份策略等全面的安全措施。数据加密确保信息在传输和存储过程中不被窃取；访问控制根据用户角色和权限，限制对敏感数据的访问；安全审计记录所有数据操作，便于跟踪可能的安全事件；数据备份策略保证在系统故障或灾难发生时数据的可恢复性。,,,,,,,,,,,,,,,,,,
企业软件产品如何处理故障报告？,我们提供多渠道的故障报告服务，包括客服热线、官方邮箱及在线故障反馈系统。用户可以通过这些方式提交遇到的问题，技术团队将根据问题的紧急程度进行响应和处理。对于一般性问题，我们将在24小时内提供解决方案；紧急故障则会立即启动应急响应流程，确保在最短时间内恢复正常服务。,,,,,,,,,,,,,,,,,,
如何获得企业软件产品的培训资源？,我们为用户提供全面的培训资源，包括在线教程、视频课程、手册文档和定期举办的线上研讨会。您可以通过登录个人账户访问我们的培训平台，查找适合您的培训材料。此外，我们还提供定制化培训服务，针对特定的用户需求，提供现场或远程的培训课程。,,,,,,,,,,,,,,,,,,
企业软件产品的许可证授权方式有哪些？,我们的许可证授权方式包括单机许可证、网络许可证、浮动许可证和永久许可证。单机许可证适用于固定设备；网络许可证支持特定数量的用户在公司内的网络中使用；浮动许可证允许在某一时间范围内，特定数量的并发用户访问；永久许可证则是一次性购买、永久使用的授权类型。,,,,,,,,,,,,,,,,,,
企业软件产品包含哪些基本功能模块？,我们的企业软件产品包括客户关系管理（CRM）、企业资源规划（ERP）、人力资源管理（HRM）和项目管理（PM）四大核心功能模块，旨在全方位提升您的工作效率。,,,,,,,,,,,,,,,,,,
软件产品的价格如何制定，是否存在隐藏费用？,我们的产品价格按照模块功能和用户数进行确定，收取基于订阅的服务费。没有额外的隐藏费用，您可以在我们的官方网站上查看详细的价格列表。,,,,,,,,,,,,,,,,,,
购买该软件后，获得的售后服务政策是什么？,购买软件后，您将享受一年免费的技术支持，包括电话咨询、在线聊天和远程协助。此外，我们提供定期的软件更新以及故障排查服务。,,,,,,,,,,,,,,,,,,
如何进行销售前的产品咨询与试用申请？,您可以通过我们的官方网站留下联系方式，我们的销售团队会在24小时内与您联系。我们提供30天免费试用服务，您可以在试用期内充分体验所有功能。,,,,,,,,,,,,,,,,,,
软件产品的安装过程是怎样的？,软件产品支持云服务和本地部署两种安装方式。云服务由我们的团队负责配置，本地部署将提供详细的安装指南。安装过程中，我们的技术支持团队随时可提供帮助。,,,,,,,,,,,,,,,,,,
产品是否提供数据迁移服务？,是的，我们为企业提供数据迁移服务，确保您能顺利从旧系统迁移到我们的新软件，同时保留所有重要数据。数据迁移过程将由专业工程师负责，确保数据安全和完整。,,,,,,,,,,,,,,,,,,
如何获取产品相关的使用教程和培训？,我们为所有用户提供全面的使用教程和在线培训课程，覆盖所有功能模块。同时，我们的客户支持团队可以在工作时间提供1对1的指导和帮助。,,,,,,,,,,,,,,,,,,
关于软件的许可证，我们能否进行在线更新？,当然，我们的软件许可证支持在线更新，您可以通过软件内的“检查更新”功能获得最新的功能和安全补丁，保持软件的稳定运行。,,,,,,,,,,,,,,,,,,
如果遇到紧急的技术故障，如何寻求帮助？,我们提供24/7的技术支持，您可通过电话、邮件或在线客服系统随时联系我们。我们的响应时间将在30分钟内，确保您的业务不受影响。,,,,,,,,,,,,,,,,,,
在软件试用期结束后，如何续订服务？,试用期结束后，您可以通过登录我们的客户门户进行续订服务，或者联系您的专属销售顾问进行续订。我们会根据您的需求提供个性化的订阅方案。,,,,,,,,,,,,,,,,,,
企业软件产品的定价策略是什么？,我们的软件产品定价根据版型、功能以及用户需求进行划分，价格从基础版的5000元/年起逐步上升，企业版和定制版价格需根据具体需求进行评估，如有意向可联系销售代表获取详细报价。,,,,,,,,,,,,,,,,,,
购买软件产品后是否有技术支持？,我们提供一年的免费技术支持和服务，包括软件安装调试、故障排除及功能咨询等。一年后可选择续费技术支持服务，确保系统运行稳定。,,,,,,,,,,,,,,,,,,
如何进行售前咨询？,您可以通过官方网站的在线客服，或直接拨打销售热线400-1234-5678进行售前咨询。我们将有专业的销售顾问为您解答产品功能、报价及相关问题。,,,,,,,,,,,,,,,,,,
软件安装需要哪些准备工作？,安装前需确认服务器系统兼容性，准备必要的硬件资源（如CPU、RAM和硬盘空间），并下载安装包。具体步骤请参照用户手册或联系技术支持。,,,,,,,,,,,,,,,,,,
遇到软件故障如何处理？,请首先查阅用户手册中的常见问题解决办法，如问题仍未解决，可联系客服或技术支持，提供故障代码，以便快速定位并解决问题。,,,,,,,,,,,,,,,,,,
软件许可证是否支持多设备安装？,许可证授权范围根据购买类型而定，标准许可证仅授权单个设备安装使用，企业级许可证则支持在同一企业的多台设备上安装。,,,,,,,,,,,,,,,,,,
如何升级软件版本？,可通过自动更新或手动下载新版本进行升级。如需功能升级，需额外支付升级费用；如为修复性更新，则在服务期内是免费的。,,,,,,,,,,,,,,,,,,
软件产品是否支持定制开发？,是的，我们提供定制开发服务，包括功能扩展和集成第三方系统。具体开发周期和费用需根据需求评估后确认。,,,,,,,,,,,,,,,,,,
是否有试用版可以体验？,是的，我们提供为期14天的免费试用版，涵盖所有核心功能。需通过官网申请试用账户，即可下载安装。,,,,,,,,,,,,,,,,,,
产品的数据安全性如何保障？,我们采用行业标准的加密技术，包括数据传输加密及存储加密，确保用户数据安全。此外，权限控制系统可设定不同用户数据访问限制。,,,,,,,,,,,,,,,,,,
我们的企业软件产品如何定价？是否有试用期？,我们的企业软件产品根据模块和用户数量进行定价。我们提供30天的免费试用期，期间您可以无限制地访问所有功能，便于您充分评估产品是否满足您的需求。,,,,,,,,,,,,,,,,,,
如果在使用过程中遇到问题，有哪些售后服务可以提供支持？,我们提供24/7的客户支持，包括电话、电子邮件和在线聊天服务。此外，我们还有专门的技术支持团队和知识库，帮助您解决任何技术问题。,,,,,,,,,,,,,,,,,,
我如何开始采购你们的企业软件产品？,您可以通过我们的官方网站，填写售前咨询表单，我们的销售团队将尽快联系您，详细了解您的需求，并提供定制的解决方案和报价。,,,,,,,,,,,,,,,,,,
是否有培训服务帮助我更好地使用这款企业软件？,是的，我们提供各种在线和现场培训服务。在购买产品后，您将获得登陆我们的在线培训平台的权限，同时我们也会根据您的需求安排现场培训课程，确保您的团队能够熟练使用软件。,,,,,,,,,,,,,,,,,,
我如何把这款企业软件安装到我的服务器上？,我们提供详细的安装指南和远程技术支持，以确保安装过程顺利。您只需按照我们提供指南的步骤操作，如果有任何问题，我们的技术团队将随时为您提供帮助。,,,,,,,,,,,,,,,,,,
你们的企业软件是否有数据安全和隐私政策？,是的，我们严格遵守数据安全和隐私保护法规，会采取必要的安全措施保护您的数据。我们有详细的数据安全和隐私政策，您可以在我们官方网站上查看。,,,,,,,,,,,,,,,,,,
我购买后能否进行退款？,我们提供无风险购买体验，如果您对产品不满意，在购买后30天内可以无理由申请退款。,,,,,,,,,,,,,,,,,,
你们的企业软件是否支持云部署？,当然，我们的企业软件支持公有云、私有云和混合云的部署方式，可以根据您的需求和资源选择最适合的部署方案。,,,,,,,,,,,,,,,,,,
如何更新你们的企业软件以获得新功能？,我们定期发布软件更新，以添加新功能并修复已知问题。您只需登录管理平台，即可随时查看和更新到最新版本。,,,,,,,,,,,,,,,,,,
如果我有一个特殊需求，你们的企业软件是否可以进行定制开发？,可以的，我们的技术团队可以针对您的具体需求进行定制开发，以满足您的业务需求。请联系我们讨论更多信息。,,,,,,,,,,,,,,,,,,
如何获取贵公司企业软件产品的详细价格表？,您可以直接访问我们的官方网站，在产品页面中下载详细的价目表。另外，您也可以联系我们的销售团队，他们将为您提供一对一的价格咨询，并根据您的具体需求提供定制化的报价方案。,,,,,,,,,,,,,,,,,,
贵公司的企业软件产品是否提供免费试用期？,是的，我们为企业客户提供30天的免费试用期。在试用期内，您可以享受软件的全部功能，以便充分了解和测试产品是否满足您的需求。试用结束后，如果您满意，可以选择继续订购并享受我们的全面服务。,,,,,,,,,,,,,,,,,,
购买贵公司的企业软件产品后，如何进行售后维护和支持？,我们为购买企业软件产品的客户提供多种售后支持服务。一般包括在线技术支持，24/7客服热线，以及定期的软件更新与维护。您可以通过电话、电子邮件或访问我们的网站获取帮助。对于更复杂的问题，我们还可以提供现场技术支持服务。,,,,,,,,,,,,,,,,,,
贵公司的企业软件产品是否支持多种操作系统？,是的，我们的企业软件产品支持Windows、MacOS、Linux等多种操作系统，以确保您能在各种环境中顺利使用软件。在购买前，您可以在我们的官方网站上查看软件的系统要求，确认兼容性后再做决策。,,,,,,,,,,,,,,,,,,
如果我对贵公司的企业软件产品有售前咨询，该如何联系？,您可以通过访问我们的网站，使用在线客服系统与我们的售前顾问进行即时交流；也可以通过电子邮件或电话方式联系我们。我们的顾问会详细解答您的问题，并提供适合您的产品推荐和解决方案。,,,,,,,,,,,,,,,,,,
企业软件的安装过程复杂吗？是否需要额外的支持？,我们的企业软件设计了用户友好的安装向导，大多数用户可以独立完成安装。但是，如果您在安装过程中遇到任何问题，我们的技术支持团队随时待命，可以通过电话、电子邮件或远程协助的方式提供帮助，确保您的软件顺利安装和运行。,,,,,,,,,,,,,,,,,,
贵公司的企业软件产品是否提供数据迁移服务？,我们提供专业的数据迁移服务，以确保您从旧系统到新软件的平稳过渡。服务包括数据格式转换、数据导入指导和技术支持，以最大限度地减少数据迁移带来的中断。如果您需要此服务，可以在购买软件时提出需求，我们会为您安排。,,,,,,,,,,,,,,,,,,
企业软件产品的用户许可是如何管理的？,我们提供灵活的用户许可管理，您可以根据企业规模和需求选择单用户、多用户或全公司许可。在购买软件后，您将收到一个或多个许可密钥，通过这些密钥，可以在指定数量的设备上安装和激活软件。我们还支持在线许可管理和用户授权方案，以方便您进行日常管理。,,,,,,,,,,,,,,,,,,
如何进行企业软件产品的定期升级？,我们将定期发布软件更新，您可以在用户界面的更新通知中找到相关信息。对于付费支持的客户，升级过程是自动的，只需接受更新提示即可完成升级。对于非付费支持的客户，可以在我们的官网上下载最新版本的安装包，按照指示进行升级。,,,,,,,,,,,,,,,,,,
如何保证企业软件产品的数据安全？,我们采用先进的加密技术和严格的数据管理策略来保护用户数据。软件遵循国际安全标准，如ISO 27001，以确保数据的安全性和合规性。此外，我们提供数据备份、恢复和灾难恢复服务，以应对可能的数据丢失风险。如果您对数据安全有任何进一步的疑问或需求，可以联系我们的安全顾问获取详细的解决方案。,,,,,,,,,,,,,,,,,,
企业软件产品的定价策略是什么？,我们的企业软件产品采用基于用户数和功能模块的定价策略。基础版包括核心功能，价格为199元/用户/月，高级版提供额外的定制服务和高级工具，价格为399元/用户/月。每年订阅可享受10%的折扣。,,,,,,,,,,,,,,,,,,
购买软件后，如何获取售后服务？,购买我们的软件后，您将自动获得一年的免费售后服务，包括7*24小时的技术支持、软件升级和故障排除服务。一年后，您可以选择续费以继续享受售后服务，费用为产品价格的10%。,,,,,,,,,,,,,,,,,,
在购买产品前，我可以得到哪些售前支持？,在购买前，您可以与我们的销售团队进行一对一咨询，全面了解产品功能和价格，我们还将为您提供产品演示和试用版，以便您深入了解软件。,,,,,,,,,,,,,,,,,,
如何进行软件的安装和配置？,软件安装非常简便，您只需按照我们提供的安装向导一步步操作即可。配置方面，我们有详细的在线指南和视频教程，同时，我们的技术支持团队也随时准备解答您的问题。,,,,,,,,,,,,,,,,,,
软件是否有移动设备版本？,是的，我们的软件支持移动设备，包括iOS和Android系统。您可以在App Store或Google Play下载我们的应用。移动版本提供了与桌面版本类似的完整功能。,,,,,,,,,,,,,,,,,,
购买后能否进行产品升级？,当然，我们的软件会定期进行升级以提供新功能和优化用户体验。如果您订阅了售后服务，所有升级都将免费。如果没有，您只需支付一定的升级费用即可。,,,,,,,,,,,,,,,,,,
如何更新软件的授权许可证？,您可以通过登录我们的客户中心，选择“账户管理”下的“许可证管理”选项来更新授权许可证。如果您遇到问题，我们的客户支持团队随时为您服务。,,,,,,,,,,,,,,,,,,
是否有免费试用期？,是的，我们提供30天的免费试用期，期间您可以无限制地使用所有功能。试用结束后，如果您选择购买，试用期间的数据将自动保存。,,,,,,,,,,,,,,,,,,
软件支持哪些操作系统？,我们的软件支持Windows、macOS和Linux操作系统，同时兼容所有的主流浏览器，如Chrome、Firefox、Safari和Edge。,,,,,,,,,,,,,,,,,,
如果出现软件问题，如何联系技术支持？,您可以通过访问我们的官方网站，选择“技术支持”页面，或直接发送邮件至support@ourcompany.com，我们的技术团队将在24小时内响应并解决您的问题。,,,,,,,,,,,,,,,,,,
贵公司的企业软件产品如何定价，是否可以根据使用人数定制价格？,我们的企业软件产品定价主要基于许可证类型和用户数量。我们提供标准、高级和企业三个级别，每个级别根据你的团队规模不同有相应的定价。的确，价格可以根据使用人数进行调整，我们有专门的销售团队可以帮助你选择最适合你公司需求的方案。,,,,,,,,,,,,,,,,,,
如果我们在购买后遇到了技术问题，您的公司提供什么样的售后服务？,我们为所有客户提供了全天候的技术支持服务。一旦购买，您将获得一个客户支持账户，可以在此账户中提交技术支持请求。此外，我们设有在线知识库和社区论坛，你可以随时查阅相关文档和解决方案。对于企业级客户，我们提供专门的技术顾问，可以提供深度的定制化服务和支持。,,,,,,,,,,,,,,,,,,
在我们决定购买之前，可以提供产品演示或者试用版吗？,当然，我们非常欢迎你在购买前进行产品试用。我们提供两周的免费试用期，你可以在真实的环境中体验所有功能。另外，我们的售前团队也可以为你安排产品演示，以便让你更详细地了解产品的特性和使用流程。,,,,,,,,,,,,,,,,,,
如果我们的员工在使用产品过程中遇到问题，是否提供相关培训服务？,是的，我们提供全面的用户培训服务。我们有在线的用户指南、视频教程和FAQ页面，你可以自行学习。此外，我们还提供定期的线上研讨会和工作坊，以及针对企业客户的线下培训课程。,,,,,,,,,,,,,,,,,,
企业软件产品支持哪些操作系统和设备？,我们的企业软件产品是基于云服务的，因此可以在任何有互联网连接的设备上使用。支持的操作系统包括Windows、MacOS、Android和iOS。此外，我们的产品也支持各种主流浏览器，如Chrome、Firefox、Safari和Edge。,,,,,,,,,,,,,,,,,,
购买您的企业软件产品后，是否可以立即使用？,通常情况下，购买并付款后，你将立即获得产品使用权，我们将在几分钟内为你创建账户并发送登录信息。然后，你可以立即通过网页浏览器访问产品，开始使用。,,,,,,,,,,,,,,,,,,
企业的数据安全如何得到保证？,我们使用行业领先的加密技术来保护你的数据。所有数据传输过程都将使用加密通道，确保数据在传输过程中的安全。我们还提供数据备份服务，以防止数据丢失。同时，我们严格遵守GDPR等数据保护法律法规。,,,,,,,,,,,,,,,,,,
如果需要扩大用户数量，是否可以灵活调整许可证？,是的，我们可以根据你的需求灵活地调整许可证数量。你可以随时购买额外的许可证，以便增加用户数量。同样，如果你的用户数量减少，你也可以减少许可证数量，我们会根据使用情况重新计算费用。,,,,,,,,,,,,,,,,,,
如果需要重新安装或迁移软件，是否会遇到问题？,我们的企业软件产品是基于云的，所以你无需在本地设备上进行复杂安装。你只需通过网页浏览器登录，即可访问所有功能。如果你需要更改访问设备，只需用新的设备登录你的账户即可。,,,,,,,,,,,,,,,,,,
如何升级版本或获取新的功能？,我们的产品版本更新是自动进行的，你无需进行任何额外操作。一旦有新版本或功能发布，所有账户将自动获得更新。你可以随时在产品中查看发布说明，了解最新功能和改进。,,,,,,,,,,,,,,,,,,
如何获取企业软件产品的详细价格表？,您可以通过访问我们官方网站的定价页面获取详细的软件产品价格信息，或者直接联系我们的销售团队，他们将根据您的具体需求提供定制化的价格方案。,,,,,,,,,,,,,,,,,,
如果软件在使用过程中遇到问题，你们提供哪些售后服务？,我们提供全天候的技术支持，包括在线帮助文档、电话支持和电子邮件支持。对于付费客户，我们还提供一对一的远程技术支持和优先响应服务。,,,,,,,,,,,,,,,,,,
在购买软件前，能否提供一个演示版本进行试用？,当然可以，我们提供为期14天的免费试用版本，您可以在此期间试用所有功能以评估软件是否满足您的需求。请访问我们的网站注册或联系销售代表以获取试用版。,,,,,,,,,,,,,,,,,,
安装软件需要哪些系统要求？,我们的软件支持Windows 10/11、macOS Catalina或更高版本以及Linux Ubuntu 18.04或更高版本。具体系统配置要求请参考用户手册或访问官方网站的技术支持页面。,,,,,,,,,,,,,,,,,,
购买后可以获赠多少次免费技术培训？,购买软件后，您将获得两次免费的技术培训机会，包括产品的基本操作和高级功能的使用。额外的培训需求我们将根据具体政策收取相应的费用。,,,,,,,,,,,,,,,,,,
如何申请软件的正式授权码？,购买软件后，系统将自动为您生成正式授权码。您还将在购买后通过电子邮件收到授权码及激活说明。如遇问题，可以联系我们的售后支持团队。,,,,,,,,,,,,,,,,,,
如果在试用期结束后继续使用软件，将发生什么？,试用期结束后，软件将自动进入功能受限模式。为保持所有功能可用，您需要购买并激活正式授权码。在购买过程中，我们将提供协助确保无缝过渡。,,,,,,,,,,,,,,,,,,
关于软件的升级和更新政策是怎样的？,我们定期为所有版本提供免费的小版本更新（如修复和功能增强）。对于大版本升级，我们提供升级折扣给现有用户。具体政策请咨询我们的销售或技术支持团队。,,,,,,,,,,,,,,,,,,
关于售后服务的响应时间是多久？,对于非紧急技术支持请求，我们将在48小时内回复；对于紧急问题，我们承诺在24小时内响应。具体的响应时间将根据您购买的服务级别协议（SLA）有所不同。,,,,,,,,,,,,,,,,,,
能否提供关于软件的使用和管理的在线培训课程？,我们提供线上和线下的培训课程，帮助您快速掌握软件的使用和管理。在线培训课程可通过我们的培训平台访问，同时也支持预约专业培训师进行定制化培训。,,,,,,,,,,,,,,,,,,
我们的企业软件产品定价策略是怎样的？,我们提供基于用户数量的订阅模式，具体价格为：1-10个用户，每月99美元；11-50个用户，每月199美元；超过50个用户，请联系我们获取定制价格。所有订阅均包含基础技术支持和软件更新。,,,,,,,,,,,,,,,,,,
企业如何开始使用我们的软件产品？,要开始使用我们的软件产品，企业首先需要在官网注册并创建账户，选择适合的订阅计划进行购买。购买后，我们将提供详细的安装指南和在线培训课程，以确保企业能够顺利安装和使用软件。,,,,,,,,,,,,,,,,,,
购买我们的软件产品后，有无免费试用期？,是的，购买我们的软件产品后将享有一个月的免费试用期。在此期间，您可以无限制地访问所有功能，并在软件方面获得技术支持。如果在试用期结束后继续使用，将根据您选择的订阅计划进行收费。,,,,,,,,,,,,,,,,,,
我们产品的售后服务支持包括什么？,我们的售后服务包括但不限于：技术支持、故障排除、产品使用指导以及定期的软件更新。如果您在使用过程中遇到任何问题，可以通过电话、邮件或在线聊天与我们的专业团队联系。,,,,,,,,,,,,,,,,,,
是否有产品演示或培训课程可供使用前参考？,当然，我们提供了详细的产品演示和在线培训课程，涵盖了从基础操作到高级功能的各个方面。您可以在官网的资源中心找到这些资料，也可以联系我们的销售团队预约一对一的产品演示。,,,,,,,,,,,,,,,,,,
如果企业需要针对特定需求进行软件定制，如何操作？,如果您的企业需要对软件进行定制以满足特定需求，可以联系我们的销售团队进行咨询。我们将为您安排专业的技术顾问进行详细的需求评估，并提供定制开发的报价和时间表。,,,,,,,,,,,,,,,,,,
产品是否可以在不同操作系统上运行？,我们的软件产品兼容Windows、macOS和Linux操作系统，您只需确保安装环境符合我们的最低系统要求，即可在上述操作系统上正常运行。,,,,,,,,,,,,,,,,,,
如果在使用过程中遇到问题，如何获得帮助？,如果在使用过程中遇到任何问题，您可以随时访问我们的在线帮助中心，查阅常见问题解答（FAQ）和使用手册。另外，您也可以通过电话、邮件或在线聊天直接联系我们的支持团队获取即时帮助。,,,,,,,,,,,,,,,,,,
企业如何进行软件升级或更新？,我们提供自动更新服务，当有新版本发布时，您将通过应用内通知或电子邮件接收更新通知。只需点击通知，软件将自动下载并安装最新版本，无需额外步骤。,,,,,,,,,,,,,,,,,,
如果企业的数据需要迁移至其他系统，可以提供支持吗？,是的，当您的企业需要将数据迁移到其他系统时，我们提供数据迁移服务。请联系我们的技术支持团队进行咨询，我们将确保数据迁移过程的顺利进行，减少对您的业务影响。,,,,,,,,,,,,,,,,,,
企业软件产品的标准版和高级版价格是多少？,我们的企业软件产品标准版定价为每年999元，而高级版则为每年1999元，提供更多高级功能和定制化服务。,,,,,,,,,,,,,,,,,,
购买企业软件产品后，售后支持政策是怎样的？,购买后，您将享有12个月的免费技术支持，包括不限次数的电话咨询和在线问题解答，以及定期的软件更新服务。,,,,,,,,,,,,,,,,,,
如果我想了解企业软件产品的详细功能，应该怎么咨询？,"您可以直接访问我们的官网，选择""产品详情""页面，或者联系我们的客户代表进行一对一的售前咨询，我们将为您提供详尽的产品功能说明。",,,,,,,,,,,,,,,,,,
企业软件产品是否有免费试用期？,是的，我们提供30天的免费试用期，您可以在此期间无限制地使用所有功能，以评估软件是否符合您的需求。,,,,,,,,,,,,,,,,,,
如何安装企业软件产品？,安装过程非常简单，您只需下载安装包，运行安装程序并按照提示操作即可。也可以选择我们的远程安装服务，技术人员将通过远程协助帮您完成安装。,,,,,,,,,,,,,,,,,,
企业软件产品支持哪些操作系统？,我们的产品支持Windows、macOS和Linux等主流操作系统，确保广泛兼容，满足不同用户需求。,,,,,,,,,,,,,,,,,,
购买企业软件产品后，如何获得发票？,购买完成后，系统将自动为您生成电子发票并发送至您预留的电子邮箱。如果您需要纸质发票，也可以联系我们客服部门，我们将为您邮寄纸质发票。,,,,,,,,,,,,,,,,,,
企业软件产品的升级周期是多久？,我们通常每季度进行一次重大功能升级，每个月会进行小版本更新以修复漏洞和优化性能，以确保软件的稳定性和功能完整性。,,,,,,,,,,,,,,,,,,
企业软件产品如何保证数据安全？,我们采用最高级别的加密技术保护数据，所有传输过程均通过安全协议加密。同时，我们的服务器采取防火墙和入侵检测系统，确保数据安全无虞。,,,,,,,,,,,,,,,,,,
使用企业软件产品遇到问题时，如何快速获取帮助？,您可以随时通过在线聊天、电子邮件或电话联系我们的客服部门，我们承诺在24小时内响应并提供解决方案，确保您的问题得到及时解决。,,,,,,,,,,,,,,,,,,
贵公司企业软件产品的定价是如何计算的？,我们的企业软件产品定价基于多个因素，包括模块选择、用户数量以及增值服务。具体而言，我们提供基础、标准和高级三个套餐，分别适用于不同规模的企业，同时提供自定义服务以满足特殊需求。您可以联系我们的销售团队，他们将根据您的具体需求提供详细的报价。,,,,,,,,,,,,,,,,,,
购买贵公司企业软件产品后，是否包含免费的售后技术支持？,是的，购买我们的企业软件产品后，您将享受一年的免费技术支持，包括产品咨询、故障排查和软件升级等服务。如果您需要更长时间的支持或更高级的技术服务，我们提供付费的延长支持计划。,,,,,,,,,,,,,,,,,,
我想了解贵公司企业软件产品售前咨询的具体流程。,非常欢迎！我们的售前流程包括初步咨询、需求分析、产品演示和报价制定。首先，您可以联系我们的销售顾问，他们会详细了解您的业务需求，然后安排产品演示。在充分理解您的需求后，销售顾问将提供一个定制的报价。,,,,,,,,,,,,,,,,,,
贵公司企业软件产品是否支持多平台安装？例如在Windows、Mac和Linux上。,是的，我们的企业软件产品支持多平台安装，包括Windows、Mac OS和Linux。我们提供统一的安装程序和详细的安装指南，以确保在所有支持的平台上都能顺利安装并运行。,,,,,,,,,,,,,,,,,,
企业软件产品在安装过程中遇到问题，应该如何联系技术支持？,如果您在安装过程中遇到任何问题，可以联系我们的客服热线或发送邮件至support@company.com。我们的技术支持团队24小时内响应，将指导您解决安装过程中的任何问题，确保软件顺利运行。,,,,,,,,,,,,,,,,,,
购买贵公司软件产品后，是否提供在线培训以帮助我们更好地使用产品？,我们提供一系列的在线培训课程，包括产品基础操作、高级功能使用和最佳实践分析，以帮助您充分利用我们的企业软件产品。这些课程可通过客户登陆平台访问，同时我们还提供个性化的现场培训服务。,,,,,,,,,,,,,,,,,,
如何更新我公司的企业软件产品至最新版本？,您可以通过我们的客户服务门户下载最新版本的软件，然后在本地进行安装覆盖更新。请注意，您需要具有有效的许可证才能访问最新版本，同时我们建议在更新前备份数据。如果您在更新过程中遇到问题，可以联系我们的技术支持团队。,,,,,,,,,,,,,,,,,,
企业软件产品的数据安全是如何保障的？,我们采取了多重措施来保障数据安全，包括数据加密、防火墙设置和安全审计。同时，我们的软件产品满足国际安全标准，如ISO 27001，确保您的业务数据在传输和存储过程中安全无忧。,,,,,,,,,,,,,,,,,,
能否提供企业软件产品试用版本以便我们测试其功能？,当然，我们提供为期30天的试用版，您可以登录我们的官方网站申请。试用版包含所有主要功能，同时我们将为您提供试用指南和技术支持，以帮助您快速上手并充分体验产品。,,,,,,,,,,,,,,,,,,
对于企业软件产品出现的错误，你们的处理流程是什么？,我们有一套标准化的错误处理流程。一旦您报告问题，我们将进行初步确认，并将其分配给相应的产品团队。随后，我们将进行详细的错误复现和分析，修正后通过测试验证。修复的相关信息将及时通知您，并通过软件更新推送至您的系统。,,,,,,,,,,,,,,,,,,
企业软件产品是否有免费试用期？,是的，我们的企业软件产品提供为期30天的免费试用期，试用期间您将获得完整版的功能体验，以便您更好地了解产品是否满足您的需求。,,,,,,,,,,,,,,,,,,
企业软件产品的定价策略是什么？,我们的产品根据用户数量和功能模块进行定价。具体来说，基础版适用于小型团队，每位用户每月$10；专业版适合中型企业，每位用户每月$20；企业版提供定制服务，定价基于需求评估。,,,,,,,,,,,,,,,,,,
购买企业软件产品后，是否包含产品培训？,是的，购买我们的产品后将包含免费的产品培训，可以通过线上或线下方式进行。我们提供详尽的培训材料和专业讲师，确保您能够熟练使用产品。,,,,,,,,,,,,,,,,,,
企业软件产品的售后服务政策如何？,我们提供一年的免费售后服务，包括产品维护、技术支持和故障排除。期满后，您可选择续订服务合同，费用为产品总价的10%。,,,,,,,,,,,,,,,,,,
如何进行产品升级或功能扩展？,您可以直接联系我们销售团队，根据您的业务需求和产品版本，我们会为您提供升级或扩展方案，包括所需费用和升级流程。,,,,,,,,,,,,,,,,,,
企业软件产品如何进行安装和部署？,我们会提供详尽的安装指南和远程协助，帮助您在本地服务器或私有云环境中部署产品。同时，在试用和购买后，我们都会提供技术支持，确保部署顺利。,,,,,,,,,,,,,,,,,,
是否提供与竞品的兼容性支持？,我们的产品设计注重兼容性，支持与主要竞品的数据交换和集成。具体兼容性情况请参阅产品文档，或联系我们的售前顾问进行确认。,,,,,,,,,,,,,,,,,,
购买企业软件产品后，如何进行扩容或缩容？,扩展或减少用户数和功能模块非常灵活。您可以联系销售团队，根据业务需求调整资源配置。我们会根据合同条款进行费用的调整。,,,,,,,,,,,,,,,,,,
企业软件产品是否承诺数据安全和隐私保护？,我们遵守严格的隐私政策和数据安全条例，采用加密技术和访问控制确保数据安全。同时，我们将遵守所有相关法律法规，保护您的数据不被未授权访问或泄露。,,,,,,,,,,,,,,,,,,
企业软件产品是否可以进行定制开发？,是的，我们的企业软件产品支持定制开发服务，包括界面、功能、流程等方面的个性化需求。请联系我们的售前顾问进行详细咨询，以获取报价和开发时间表。,,,,,,,,,,,,,,,,,,
如何获取贵公司企业软件产品的报价单？,您可以通过访问我们的官方网站，在产品页面中找到“立即询价”或“联系我们”按钮，填写您的详细需求与联系方式；或者直接拨打电话021-12345678与我们的销售团队进行咨询，我们将在24小时内为您提供详细的报价单。,,,,,,,,,,,,,,,,,,
产品购买后是否提供免费的安装服务？,是的，我们为每一个购买产品的客户提供免费的远程安装服务。我们的技术支持团队将在您购买后的一个工作日内与您联系，根据您的需求指导您完成安装和基本设置。,,,,,,,,,,,,,,,,,,
软件在使用过程中遇到问题如何寻求帮助？,如果您在使用过程中遇到任何问题，可以通过以下方式寻求帮助：1. 访问我们的官方网站，进入“帮助中心”获取常见问题解决方案；2. 发送邮件至support@ourcompany.com，我们的客服团队将尽快回复；3. 拨打服务热线021-98765432，专业技术人员将帮助解决您的问题。,,,,,,,,,,,,,,,,,,
购买后是否有退款政策？,我们提供7天无理由退款服务。如果您在购买后7天内决定退回产品，可以填写退货申请单，我们确认后将全额退款（不包括任何支付时的第三方手续费）。请注意，软件一经激活或下载，则无法申请退款。,,,,,,,,,,,,,,,,,,
产品授权有效期限是多久？,我们的产品授权通常为一年有效期。在购买时，您将收到一个授权许可证，涵盖具体的有效起始和结束日期。授权到期之前，您可以选择续费保持软件的持续运行与享受更新服务。,,,,,,,,,,,,,,,,,,
如何进行产品升级或获取最新版本？,我们定期发布软件更新以提供新功能和修复已知问题。您可以通过访问我们的官方网站，登录客户账户，在“我的授权”页面中查找可用更新，按照指示下载并安装最新版本。如果遇到任何困难，可以随时联系我们的客户服务团队。,,,,,,,,,,,,,,,,,,
企业版与个人版的主要区别是什么？,企业版软件相比个人版，通常提供了更强大的功能集合、更高的并发用户数和优先的技术支持服务。企业版适合中大型企业工作环境，支持跨部门协作和高级管理功能，而个人版更适合个人或小型团队使用。,,,,,,,,,,,,,,,,,,
哪些操作系统支持您的软件？,我们的软件产品支持主流操作系统，包括Windows 7及以上版本、macOS 10.13及以上版本、部分Linux发行版（如Ubuntu 18.04+）。购买前，建议您在官方网站的产品页面确认软件的系统要求列表。,,,,,,,,,,,,,,,,,,
软件如何保障数据安全和隐私？,我们的产品严格遵循数据安全与隐私保护政策，采用加密技术对用户数据进行存储与传输，确保信息不被未授权访问。我们不会收集非必要的个人信息，所有隐私数据处理均遵循相关法律法规。,,,,,,,,,,,,,,,,,,
能否试用产品来测试其是否符合我们的需求？,当然可以。我们为潜在客户提供免费的试用许可证，可以在正式购买前实际测试软件功能与性能。您可以通过官方网站申请试用版，或者联系销售代表获取详细试用策略。,,,,,,,,,,,,,,,,,,
如何获取企业软件产品的详细价格清单？,详细的价格清单将依据您企业的需求和规格进行定制。请通过我们的官方网站或直接联系销售部门，提供您公司的一些基本信息（如员工数量、所需的功能模块等），我们会为您提供一个量身定制的报价方案。,,,,,,,,,,,,,,,,,,
企业软件产品的售后支持政策是什么？,我们的售后支持政策包括一年的免费技术支持，包括软件升级、故障排查和用户培训等。一年后，您可以选择续签年度支持服务。我们承诺在工作日24小时内响应您的支持请求，确保您的业务正常进行。,,,,,,,,,,,,,,,,,,
如何进行售前咨询和获取产品演示？,要进行售前咨询，您只需访问我们的公司网站并填写“联系我们”的表单，留下您的需求和联系方式。我们的销售顾问将尽快与您联系，提供定制化咨询，并安排产品演示会。,,,,,,,,,,,,,,,,,,
企业软件产品支持哪些操作系统和硬件平台？,我们的企业软件产品兼容Windows、Linux和MacOS操作系统，并且适应主流的Intel和AMD处理器平台，具体请参考官方网站的技术要求页面，以确保您的硬件兼容。,,,,,,,,,,,,,,,,,,
企业软件产品如何安装和部署？,产品安装需遵循安装向导进行，包括服务器端和客户端两个部分。您将收到包含安装指南和必要的软件包的电子邮件。此外，我们的技术支持团队将协助您进行正确的部署并解答安装过程中遇到的任何问题。,,,,,,,,,,,,,,,,,,
企业软件产品的数据安全性如何保证？,我们采用行业标准的加密技术，确保您的数据安全，同时实行严格的访问控制，只授权特定员工访问敏感数据。此外，我们定期进行安全审计，以不断提高我们的安全标准。,,,,,,,,,,,,,,,,,,
如何升级企业软件产品？,升级企业软件产品时，您只需登录您的账户，下载最新版本的安装包。完成安装后，通过输入您的许可证密钥验证更新。如果您在升级过程中遇到任何问题，我们的技术支持团队随时准备提供帮助。,,,,,,,,,,,,,,,,,,
企业软件产品的许可模式是什么？,我们的企业软件产品采用年度订阅模式，包括固定数量的用户许可证和无限的内部项目使用。您还可以根据业务需求选择额外的模块和许可证。订阅到期前，我们将提醒您更新订阅。,,,,,,,,,,,,,,,,,,
企业软件产品如何适应海外分公司？,我们的软件产品支持多语言界面，并且通过第三方服务器提供全球范围的数据同步和通信。我们将为您的海外分公司提供专门的服务器配置，确保其与总部的数据同步和通信。,,,,,,,,,,,,,,,,,,
如何进行企业软件产品的权限管理？,权限管理可以在管理员界面进行，包括制定用户角色、分配功能访问权限和设置数据访问级别。您可以根据公司的内部需求，自定义角色和权限，确保每位员工访问恰当的功能范围。,,,,,,,,,,,,,,,,,,
企业软件产品的标准版和高级版在价格上有什么区别？,我们的企业软件产品标准版定价为每月99美元，提供基本的功能和有限的技术支持；高级版定价为每月199美元，除了包括标准版的所有功能外，还提供更先进的特性、无限的技术支持以及优先客户服务。,,,,,,,,,,,,,,,,,,
如果购买了企业软件产品后遇到问题，售后服务如何提供支持？,我们承诺为所有客户提供24/7的技术支持，包括在线帮助文档、电子邮件支持和电话咨询服务。对于高级版客户，我们还提供优先响应和现场技术支持，确保您的问题得到及时解决。,,,,,,,,,,,,,,,,,,
如何开始售前咨询，获取企业软件产品详细信息？,您可以通过我们的官方网站在线提交咨询服务申请，或者直接拨打我们的售前咨询热线。我们的专业顾问将与您联系，了解您的具体需求，提供个性化的产品介绍和报价方案。,,,,,,,,,,,,,,,,,,
企业软件产品的安装流程是怎样的？,我们的企业软件产品可以通过在线下载安装包以及本地部署的方式进行安装。首先，您需要在我们的官方网站下载安装包，然后根据安装指南在您的服务器上进行部署。我们的技术团队将在整个安装过程中提供全程协助，确保安装顺利完成。,,,,,,,,,,,,,,,,,,
购买企业软件产品后，是否提供免费的产品培训？,我们为企业客户提供免费的在线培训课程，包括软件功能介绍、操作指南和常见问题解决。此外，高级版客户还可以预约一对一的现场培训，由我们的专家亲自指导，确保您能够熟练掌握软件的使用。,,,,,,,,,,,,,,,,,,
企业软件产品的升级政策是怎样的，是否有升级费用？,我们提供定期的产品更新和用户升级，基本版升级服务包含在订阅费用内，无需额外付费。而高级功能升级将根据实际情况收取相应的升级费用，具体费用会在续约时与客户沟通确认。,,,,,,,,,,,,,,,,,,
如何确保企业软件产品与我们的现有系统兼容？,我们的软件产品设计时充分考虑了与现有主流系统平台的兼容性。我们提供了API文档和集成指南，以帮助客户了解如何将我们的软件与现有系统进行集成。同时，我们的技术团队也会提供咨询和技术支持，确保软件的顺利安装与兼容。,,,,,,,,,,,,,,,,,,
企业软件产品的使用许可是多久？到期后如何续费？,产品使用许可通常是一年期，到期后您可以通过我们的官方网站或联系客服进行续费，保持服务的连续性。您还可以选择升级至更高级别的服务，只需支付相应的升级费用即可延长使用许可的有效期。,,,,,,,,,,,,,,,,,,
如果对购买的企业软件产品不满意，是否有退换政策？,我们提供14天无条件退款政策。如果您在购买后14天内未达到预期满意度，可以申请全额退款，但需保证软件没有做重大定制修改或数据迁移。请通过我们的客服渠道提出申请，我们将尽快处理。,,,,,,,,,,,,,,,,,,
企业软件产品如何保障数据的安全性和隐私？,我们采用行业领先的数据加密和安全防护技术，确保您的数据在传输和存储过程中的安全。此外，我们严格遵守相关法律法规和隐私政策，承诺不泄露任何您的敏感信息。我们还提供数据备份和恢复功能，以防止数据丢失。,,,,,,,,,,,,,,,,,,
