文本,第三轮,第八轮,第六轮,第五轮,总计,参赛者,第七轮,第九轮,第四轮,父记录,微信号,第一轮,第二轮,第十轮
1,,,,,,,,,,,ID20242024,,,
2,,,,,,,,,,,MaikaoJAI,,,
3,,,,,,,,,,,mutou1314-,,,
4,,,,,,,,,,,clay_tree,,,
5,,,,,,,,,,,ID20242024,,,
6,,,,,,,,,,,zero215858,,,
7,,,,,,,,,,,iamsam4,,,
8,,,,,,,,,,,Xiapazi_Pro,,,
9,,,,,,,,,,,joe151757,,,
10,,,,,,,,,,,fcomma,,,
11,,,,,,,,,,,orangexai,,,
12,,,,,,,,,,,YiChengGo,,,
13,,,,,,,,,,,emajjsky,,,
14,,,,,,,,,,,pikasushi,,,
15,,,,,,,,,,,Penny__1218,,,
16,,,,,,,,,,,mutou1314-,,,
17,,,,,,,,,,,JimmyLv_Jing,,,
18,,,,,,,,,,,sandinmysocks,,,
19,,,,,,,,,,,alibuybuy,,,
20,,,,,,,,,,,AGI-AIGC,,,
21,,,,,,,,,,,CWJ_131,,,
22,,,,,,,,,,,op7418,,,
23,,,,,,,,,,,大聪明,,,
24,,,,,,,,,,,mike4044,,,
25,,,,,,,,,,,stark0731,,,
26,,,,,,,,,,,,,,
27,,,,,,,,,,,,,,
28,,,,,,,,,,,,,,
29,,,,,,,,,,,,,,
30,,,,,,,,,,,,,,
