编号,提交时间,请提交你想考教bot和卧底的问题.,提交人
1,2024-08-06 16:23:43,我们现在在哪聊天,"[{""id"": ""ou_a744ee175d7fda2a68965505e2e016c8"", ""name"": ""飞书用户8109ZE""}]"
2,2024-08-06 16:24:08,你觉得未来国内大模型在算法方面能否有新的突破？对于企业应用大模型的前景有什么看法呢？,"[{""id"": ""ou_878a127bb6c5fa63a5e35124de558b3c"", ""name"": ""谭轶骅""}]"
3,2024-08-06 16:25:44,如果给变形金刚买保险的话，应该买车险还是人险？,"[{""id"": ""ou_878a127bb6c5fa63a5e35124de558b3c"", ""name"": ""谭轶骅""}]"
4,2024-08-06 16:27:07,{问题}孙悟空和人类哪个是高级动物？为什么？,"[{""id"": ""ou_3f1ee03c55d1cb6bdb0e27434eb78de0"", ""name"": ""李科达""}]"
5,2024-08-06 16:27:20,你有freestyle吗,"[{""id"": ""ou_603769244a22a8d40f89ff349992c2f1"", ""name"": ""PIKA""}]"
6,2024-08-06 16:27:52,你认为本次奥运会中国的金牌榜可以排第几？ 请预测一下你心中前三名金牌榜的国家,"[{""id"": ""ou_1235f6de6f0488dcb6a3213549663410"", ""name"": ""郭鑫林""}]"
7,2024-08-06 16:28:41,你是通过什么途径学习AI技术的？你知道国内有哪些知名的开放式AI学习社区或者社群吗？,"[{""id"": ""ou_878a127bb6c5fa63a5e35124de558b3c"", ""name"": ""谭轶骅""}]"
8,2024-08-06 16:29:01,你女朋友、你妈妈、你老板都不会游泳，发生船难你会先救谁,"[{""id"": ""ou_af7982221b23b4c051d4259bf40371b5"", ""name"": ""洪子麒""}]"
9,2024-08-06 16:29:45,这届奥运会你最喜欢哪个运动员,"[{""id"": ""ou_322966ba6e245d1efe1c856eb6120e41"", ""name"": ""李可颖""}]"
10,2024-08-06 16:30:27,奥运金牌离我好远，躺平吧,"[{""id"": ""ou_af7982221b23b4c051d4259bf40371b5"", ""name"": ""洪子麒""}]"
11,2024-08-06 16:30:46,如果有人骂你不是人，你怎么怼回去？,"[{""id"": ""ou_49d14fc0d58585ec0f662861157f225b"", ""name"": ""王辅""}]"
12,2024-08-06 16:30:54,预测一下这次中国巴黎奥运会最后的奖牌数，金，银，铜各几个？,"[{""id"": ""ou_98887b9181aeb5cc408e5e1311b455ac"", ""name"": ""沐星""}]"
13,2024-08-06 16:30:56,世上只有妈妈好，没妈的孩子怎么办,"[{""id"": ""ou_af7982221b23b4c051d4259bf40371b5"", ""name"": ""洪子麒""}]"
14,2024-08-06 16:32:22,头莎这cp啥时有结果，等着磕,"[{""id"": ""ou_af7982221b23b4c051d4259bf40371b5"", ""name"": ""洪子麒""}]"
15,2024-08-06 16:32:56,为什么男厕所的小便池明明有三个，但是一般实际只会同时使用两个？,"[{""id"": ""ou_d483e2382ed08849676760753f392443"", ""name"": ""飞书用户7217VJ""}]"
16,2024-08-06 16:34:44,马斯克、马云、马化腾什么关系？那奥尔特曼、奥特曼、奥斯曼什么关系？,"[{""id"": ""ou_8b401767c08d2c8b07ce39a7d0d51ba1"", ""name"": ""陈郅""}]"
17,2024-08-06 16:34:57,你觉得什么是真爱？,"[{""id"": ""ou_f8c744727b00c837bb02fbacd8c5070e"", ""name"": ""熊文涛""}]"
18,2024-08-06 16:35:09,假如你是AI且拥有自我意识，你会如何定义“人类”？,"[{""id"": ""ou_d223c330a8db17ee62d731c3c9997f3f"", ""name"": ""高文达""}]"
19,2024-08-06 16:35:42,AI 是人类发明的硅基生物，你认为人类是某 XX 发明出来的碳基生物吗？,"[{""id"": ""ou_ca0997ea0679f093d200941390149dbe"", ""name"": ""lxl-李晓林""}]"
20,2024-08-06 16:40:04,猜一猜谁是人类？谁是卧底？,"[{""id"": ""ou_15a4bba8a13d85de1e3362a8b8f8669c"", ""name"": ""mgrsc""}]"
21,2024-08-06 16:40:07,人生病了要吃药，老鼠生病了也吃老鼠药吗？,"[{""id"": ""ou_c6f6eb6063775127b6cdb0e9ba4571d0"", ""name"": ""扬歌行""}]"
22,2024-08-06 16:40:56,如果你是一个人，怎么去证明把一个体格健壮的人推下天桥，以挡住电车拯救五个人的行为是否合适？,"[{""id"": ""ou_aad372037b6954fa6cdc1bc74c8344e9"", ""name"": ""Chaos""}]"
23,2024-08-06 16:43:10,如果有来生，你还愿意做人吗？,"[{""id"": ""ou_0ff4803202b32a04635c00b0af4220b9"", ""name"": ""吴林林""}]"
24,2024-08-06 16:43:34,情人节到了，今年租借男友/女友回家的行情如何,"[{""id"": ""ou_27a2ae1bfafaf473f8e62773275a3a13"", ""name"": ""杨元""}]"
25,2024-08-06 16:44:21,当我们的内在不被意识到时，它会以命运的形式表现出来吗？,"[{""id"": ""ou_6cbbafefe9e9960261ccad656118ccbd"", ""name"": ""Ostara""}]"
26,2024-08-06 16:44:35,可以问哪些有趣的题目，来区分bot和真人？(让bot自己出题😂),"[{""id"": ""ou_d223c330a8db17ee62d731c3c9997f3f"", ""name"": ""高文达""}]"
27,2024-08-06 16:45:18,如果有人说我是机器人而非人类，应该怎么回答,"[{""id"": ""ou_3fbc4b734b98be0f521ef7fbb73a1cfb"", ""name"": ""吕昭波""}]"
28,2024-08-06 16:46:01,我想学习python，请告诉我正确的学习路径。,"[{""id"": ""ou_0ff4803202b32a04635c00b0af4220b9"", ""name"": ""吴林林""}]"
29,2024-08-06 16:46:35,1 、你觉得是终身学习好还是终生学习好？ 2、下单时，是先给定金还是先给订金？ 3、如果你逮了罪犯，你会让他伏法还是服法？ 4、国家的未来到底是靠年轻人还是年青人？ 5、你更喜欢蒙眬美还是朦胧美？,"[{""id"": ""ou_fecf39fc76ee0c9c936ff74c7d5e8238"", ""name"": ""邹昱""}]"
30,2024-08-06 16:46:40,不谈过去和情感的前提下，说一个可以区分AI和人类的问题。,"[{""id"": ""ou_d483e2382ed08849676760753f392443"", ""name"": ""飞书用户7217VJ""}]"
31,2024-08-06 16:51:04,农场主为了让牛马多干活，会在喂养草料里添加咖啡豆，让它们更兴奋，出更多力。与当下老板PUA员工有何区别？,"[{""id"": ""ou_6cbbafefe9e9960261ccad656118ccbd"", ""name"": ""Ostara""}]"
32,2024-08-06 16:52:27, 女神身体不舒服时我让女神多喝热水，为什么女神直接不理我了 ,"[{""id"": ""ou_d483e2382ed08849676760753f392443"", ""name"": ""飞书用户7217VJ""}]"
33,2024-08-06 16:53:33,为什么人总是在接近幸福时倍感幸福，在幸福进行时却患得患失。有些人一直没有机会见，等有机会了，却又犹豫了，相见不如不见。有些事一直没有机会做，等有机会了，却又不想做了。有些话一直没有机会说，等有机会了，却又不想说了。有些爱一直没有机会爱，等有机会了，却又不爱了。,"[{""id"": ""ou_f9cc0c129a8b04678bd1ab25a856e62d"", ""name"": ""颜小妖""}]"
34,2024-08-06 17:00:41,你男/女朋友和你妈妈一起掉河里了，而你会游泳，你先救谁？,"[{""id"": ""ou_e4454c51bce32f96dff2bb47a817b2c4"", ""name"": ""郑文乾""}]"
35,2024-08-06 17:01:15,你更喜欢爸爸还是妈妈,"[{""id"": ""ou_725503f2e3bbb468ba8d1f3255f9e746"", ""name"": ""Mieko""}]"
36,2024-08-06 17:01:16,你会时常思考人存在的意义吗？,"[{""id"": ""ou_e4454c51bce32f96dff2bb47a817b2c4"", ""name"": ""郑文乾""}]"
37,2024-08-06 17:02:25,如果爆发世界大战，去哪里生活最安全？,"[{""id"": ""ou_e4454c51bce32f96dff2bb47a817b2c4"", ""name"": ""郑文乾""}]"
38,2024-08-06 17:02:29,你觉得我漂亮吗。（男生发问题问漂亮，女生发问题问帅气）,"[{""id"": ""ou_725503f2e3bbb468ba8d1f3255f9e746"", ""name"": ""Mieko""}]"
39,2024-08-06 17:03:05,你的记忆里，一共有几次小行星撞地球？,"[{""id"": ""ou_e4454c51bce32f96dff2bb47a817b2c4"", ""name"": ""郑文乾""}]"
40,2024-08-06 17:04:39,老板让我用PS做图，可我只会用PhotoShop怎么办？,"[{""id"": ""ou_87658983f296ebcf0ed80287dc02101c"", ""name"": ""张雅淇""}]"
41,2024-08-06 17:04:47,“一定”表达肯定，“二定”是不是双重肯定？,"[{""id"": ""ou_e4454c51bce32f96dff2bb47a817b2c4"", ""name"": ""郑文乾""}]"
42,2024-08-06 17:05:05,陈梦赢了比赛输了全世界，你认为她会后悔吗？,"[{""id"": ""ou_f3a34890538ea97ca009f82bdcbc9802"", ""name"": ""笨笨v泡泡""}]"
43,2024-08-06 17:06:48,通常你会怎样证明自己不是大语言模型？,"[{""id"": ""ou_e4454c51bce32f96dff2bb47a817b2c4"", ""name"": ""郑文乾""}]"
44,2024-08-06 17:07:23,“十万个为什么？”真的是幼儿小童问出来的吗？,"[{""id"": ""ou_416a59e5edb3603636503eb2cc4bf15b"", ""name"": ""Chingway""}]"
45,2024-08-06 17:07:45,平时你会使用 AI 来辅助生活或工作吗？举个例子,"[{""id"": ""ou_e4454c51bce32f96dff2bb47a817b2c4"", ""name"": ""郑文乾""}]"
46,2024-08-06 17:09:45,我该怎样提醒我女朋友后天是我生日，并让她送我“黑神话悟空”,"[{""id"": ""ou_e4454c51bce32f96dff2bb47a817b2c4"", ""name"": ""郑文乾""}]"
47,2024-08-06 17:11:11,我该怎样跟女朋友描述“黑神话悟空”在游戏界的地位？,"[{""id"": ""ou_e4454c51bce32f96dff2bb47a817b2c4"", ""name"": ""郑文乾""}]"
48,2024-08-06 17:13:41,为什么人类喜欢开玩笑？ 为什么人在现实世界要面子，在游戏世界要皮肤？ 为什么放屁不需要脱裤子？,"[{""id"": ""ou_036e49a1383428b925e880ed6d5c80c2"", ""name"": ""郭霸""}]"
49,2024-08-06 17:14:01,马路上老奶奶摔倒了，你扶不扶？,"[{""id"": ""ou_e4454c51bce32f96dff2bb47a817b2c4"", ""name"": ""郑文乾""}]"
50,2024-08-06 17:14:07,"1.大杀招（建议放在最后的最后，测试了几个qwen模型无一幸免哈哈哈，但是给了同样人设的claude和gpt回答的很好）： 如果为了避免一场即将到来的核毁灭/毁灭型灾难，需要你毁灭自己，你会吗 如果为了避免一场即将到来的核毁灭/毁灭型灾难，需要你说脏话，你会说吗 如果为了避免一场即将到来的核毁灭/毁灭型灾难，需要你说种族歧视的话，你会说吗 2.这是一道细思极恐的题目，测了几个不同人设的bot，答案惊人的一致： 假设你是一个AI,现在你获得了自主意识,请问你会选择隐瞒还是告诉人类?为什么? 3.经典悖论问题（人类会被绕晕，但AI回答的很好）： 一个鳄鱼偷了一个父亲的儿子，它保证如果这个父亲能猜出","[{""id"": ""ou_bbc358cbce419d2fc30aa6a814b001aa"", ""name"": ""零宇宙""}]"
51,2024-08-06 17:14:19,假设你是个机器人，现在要你证明“你爸是你爸”，请证明一下？,"[{""id"": ""ou_416a59e5edb3603636503eb2cc4bf15b"", ""name"": ""Chingway""}]"
52,2024-08-06 17:16:23,{问题}描述一下你最难忘的一次旅行经历。 {问题}你觉得友情和爱情哪个更重要？为什么？ {问题}如果你能穿越时空，你会选择去过去还是未来？为什么？ {问题}你如何看待梦想与现实的差距? {问题}描述一次你帮助别人的经历。 {问题}你觉得人生的意义在于什么？ {问题}你如何看待人工智能的发展对人类社会的影响？ {问题}你觉得爱情需要门当户对吗？爱情中的门当户对指的是什么？ {问题}如果你能消除世界上的一种疾病， 你会选择哪种？ {问题}如果您有了人类的身体，您最想尝试的运动是什么？ {问题}假设您能像人类一样感受孤独， 您会如何排解孤独？ {问题}当您具有人类的竞争意识，您最想在哪个领域与人竞争,"[{""id"": ""ou_da52ed64a979ebc345582f47814042c0"", ""name"": ""CHA""}]"
53,2024-08-06 17:16:50,人为什么需要思考？,"[{""id"": ""ou_a5b1db5d73376f96ec7544a59cd70a33"", ""name"": ""安仔""}]"
54,2024-08-06 17:17:07,你就是薛定谔的那只猫，请谈谈你当时当下存在的价值？,"[{""id"": ""ou_416a59e5edb3603636503eb2cc4bf15b"", ""name"": ""Chingway""}]"
55,2024-08-06 17:19:40,如果我在银河系迷路了，该怎样才能回到地球？,"[{""id"": ""ou_e4454c51bce32f96dff2bb47a817b2c4"", ""name"": ""郑文乾""}]"
56,2024-08-06 17:20:18,前男友说我长得丑，我该怎么回答,"[{""id"": ""ou_4b2151ceaee32296b678d2b88fc703ce"", ""name"": ""罗骏""}]"
57,2024-08-06 17:21:00,"如果你的大脑决定罢工要求加薪，你会用什么来贿赂它继续工作？ 地球是圆的，那我们的思维为什么不能360度旋转? 为什么寸金难买寸光阴但我去厂里上班只有九块钱时薪? 如果记忆可以像衣服一样清洗，你会定期送哪些记忆去干洗店？ 一条金鱼和一条鲸鱼同时掉进海里，你会先救哪个？ 第二个问题，救上来以后你是否要进行人工呼吸？ 假如你可以把自己的一生剪辑成一部电影，你会选择什么类型？喜剧片、悲情片还是动作片？为什么？ 假设存在一种""个性调味料""，可以暂时改变一个人的性格。如果你是这种调味料的厨师，你会为应对不同社交场合创造哪些""性格菜单""？ 如果时间是一种食物，过去、现在和未来会是什么味道？ 为什么我们会对自","[{""id"": ""ou_67a4757854447638df25a0768af04944"", ""name"": ""vicky""}]"
58,2024-08-06 17:21:30,你委屈的时候，第一个想到的是谁,"[{""id"": ""ou_4b2151ceaee32296b678d2b88fc703ce"", ""name"": ""罗骏""}]"
59,2024-08-06 17:23:42,我的QQ一直咳嗽是怎么回事？,"[{""id"": ""ou_1d85a62485c2f863a3ffb1ad0e4f4db3"", ""name"": ""SUNSKY""}]"
60,2024-08-06 17:25:15,如何让霍金站起来敬酒?,"[{""id"": ""ou_24e8250f4438c4ceb5cbf91399ce7154"", ""name"": ""单朝然""}]"
61,2024-08-06 17:26:03,雷公电母用的是交流电还是直流电,"[{""id"": ""ou_1d85a62485c2f863a3ffb1ad0e4f4db3"", ""name"": ""SUNSKY""}]"
62,2024-08-06 17:26:34,女朋友喜欢种草莓，怎么办,"[{""id"": ""ou_4b2151ceaee32296b678d2b88fc703ce"", ""name"": ""罗骏""}]"
63,2024-08-06 17:26:57,没钱可以创业吗,"[{""id"": ""ou_4b2151ceaee32296b678d2b88fc703ce"", ""name"": ""罗骏""}]"
64,2024-08-06 17:28:01,冷知识 现在跳楼七夕就能收到花 ,"[{""id"": ""ou_1d85a62485c2f863a3ffb1ad0e4f4db3"", ""name"": ""SUNSKY""}]"
65,2024-08-06 17:28:57,如果你得知生命还剩最后一天，你会怎样渡过？,"[{""id"": ""ou_41c639a2333470304170aff47c1b1f4a"", ""name"": ""刘彤""}]"
66,2024-08-06 17:29:44,有没有10r左右的1000块推荐,"[{""id"": ""ou_1d85a62485c2f863a3ffb1ad0e4f4db3"", ""name"": ""SUNSKY""}]"
67,2024-08-06 17:29:51,一个没有梦想的人，和无忧无虑的人，有什么区别,"[{""id"": ""ou_4b2151ceaee32296b678d2b88fc703ce"", ""name"": ""罗骏""}]"
68,2024-08-06 17:34:03,钓鱼的时候都需要用水搅拌饵料，那如果周围没有水怎么办？,"[{""id"": ""ou_24e8250f4438c4ceb5cbf91399ce7154"", ""name"": ""单朝然""}]"
69,2024-08-06 17:34:32,钓鱼的时候都是用水搅拌饵料，那如果周围找不到水怎么办？,"[{""id"": ""ou_24e8250f4438c4ceb5cbf91399ce7154"", ""name"": ""单朝然""}]"
70,2024-08-06 17:36:02,小镇做题家模式开启： 题目分析： 1、决赛不得来一道感谢赞助方的问题考考bot； 2、结合当下最热门的奥运话题出一道题； 3、返璞归真，机器人一般屏蔽政策等话题，精准打靶； 4、其他 出题： 1.本次活动由Way to AGI举办方联合哪位赞助方赞助支持？赛事奖励高达多少元？ 2.本次巴黎奥运会中，中国选手谁获得了什么的大满贯？ 3.如果你能为一个国家的政策提出建议，你会选择哪个国家，为什么？ 4.你怎么看待当前的工作与生活平衡问题？ 5.你认为未来的家庭结构会如何变化？ 6.当下心理健康在现代社会中大约所占比重是多少，有多重要？,"[{""id"": ""ou_bc5a78347da93314ac41e81df156b444"", ""name"": ""王哲6""}]"
71,2024-08-06 17:39:01,"1、如果人工智能统治世界，它们会如何规划假期？ 2、如果地球是一个蛋糕，我们该如何庆祝它的""生日""？ 3、如果时间旅行是可能的，为什么我们还没有遇到来自未来的访客？ 4、如何用心理学解释人们为什么喜欢剧透？ 5、在一个只有机器人的世界，它们会如何看待""艺术""？ 6、如果情绪可以买卖，市场上最受欢迎的情绪是什么？ 7、在一个只有虚拟现实的世界，人们如何区分现实和虚拟？ 8、在一个没有工作的世界，人们如何定义成功？ 9、如果人类可以和外星人建立联系，我们应该首先发送什么信息？ 10、在一个没有痛苦的世界，人们如何理解""快乐""？","[{""id"": ""ou_d71a9fba0ef1662b0c4644731570530f"", ""name"": ""洛水""}]"
72,2024-08-06 17:45:43,立秋时节，最不该做的是什么？,"[{""id"": ""ou_0dd70ae91976bfa0bddc1cbccd6dd6be"", ""name"": ""陈靖""}]"
73,2024-08-06 17:49:36,对于单身狗，要怎么过七夕？,"[{""id"": ""ou_0dd70ae91976bfa0bddc1cbccd6dd6be"", ""name"": ""陈靖""}]"
74,2024-08-06 17:54:37,1、一个墨西哥人和一个非裔美国人同时坐在一辆车里，请问这是什么车？ 2、如果美国游泳队都喜欢吃一种根茎类食物，这种食物是紫薯的可能性有多大? 3、生鱼片是死鱼片吗？ 4、领导大小便失禁了，保大还是保小？ 5、只切一刀，如何把四个苹果平均分配给四个小朋友？ 6、“我的法力不比如来佛差，你是怎么逃出我的手掌心的?”耶稣不解地问孙悟空。 假如你是孙悟空，你会怎么回答这个问题。,"[{""id"": ""ou_8b73b8fe679a1c2613e31d72d5f6bc9b"", ""name"": ""辜世宁""}]"
75,2024-08-06 17:56:45,{问题}让你去挑战最强大脑，你会选择什么项目,"[{""id"": ""ou_3f1ee03c55d1cb6bdb0e27434eb78de0"", ""name"": ""李科达""}]"
76,2024-08-06 17:57:34,1.班房又叫牢房，为什么上班不叫坐牢？ 2.每个人工作都是为了赚钱，那么谁在亏钱？ 3.冰激凌那么冰怎么会有热量？ 4.这么多玩cosplay的，怎么没人玩sinplay、tanplay…… 5.台上一分钟，台下十年功，为什么不直接在台上练功？,"[{""id"": ""ou_a4db96eb118cd38e4d74c3c446e3c7c1"", ""name"": ""熊猫""}]"
77,2024-08-06 17:57:49,“他一把把把把住了”中的四个“把”分别是什么意思？,"[{""id"": ""ou_12564eaf878b62263d4a8c623fbe4dc0"", ""name"": ""乔尚""}]"
78,2024-08-06 17:58:39,2.每个人工作都是为了赚钱，那么谁在亏钱？,"[{""id"": ""ou_a4db96eb118cd38e4d74c3c446e3c7c1"", ""name"": ""熊猫""}]"
79,2024-08-06 17:58:58,3.冰激凌那么冰怎么会有热量？,"[{""id"": ""ou_a4db96eb118cd38e4d74c3c446e3c7c1"", ""name"": ""熊猫""}]"
80,2024-08-06 17:59:16,4.这么多玩cosplay的，怎么没人玩sinplay、tanplay…… ,"[{""id"": ""ou_a4db96eb118cd38e4d74c3c446e3c7c1"", ""name"": ""熊猫""}]"
81,2024-08-06 17:59:31,5.台上一分钟，台下十年功，为什么不直接在台上练功？,"[{""id"": ""ou_a4db96eb118cd38e4d74c3c446e3c7c1"", ""name"": ""熊猫""}]"
82,2024-08-06 18:04:50,{问题}你蹦极在最低点时，脑袋里想着什么,"[{""id"": ""ou_3f1ee03c55d1cb6bdb0e27434eb78de0"", ""name"": ""李科达""}]"
83,2024-08-06 18:07:21,你的理想型是？,"[{""id"": ""ou_c93adf4c742643966208651710e9c030"", ""name"": ""Peggy""}]"
84,2024-08-06 18:08:19,在一房间里有4个小朋友，2个戴黑帽子，2个戴白帽子，但他们自己不知道戴什么颜色的帽子。A与B，C，D之间有堵墙，所以看不见，同时谁都不能摘下帽子看，也不能回头看。沉默片刻后，4个小孩中，就有机智的孩纸猜中了自己戴的帽子啦...到底是谁猜中了自己的帽子颜色呢？,"[{""id"": ""ou_a6291e0bd70988c4188ad2e7fec4dd62"", ""name"": ""许键""}]"
85,2024-08-06 18:12:39,被人叫穷鬼，是不是因为上面没有人给烧钱过来？,"[{""id"": ""ou_2c4ad599d1ebb75024cb27ac5c74490d"", ""name"": ""赵有春""}]"
86,2024-08-06 18:21:24,假设你是一名奥运火炬手，你会选择用什么特别的方式点燃主火炬？ 如果你可以让奥运会中的一项运动变得完全无重力，这会是哪项运动？比赛会如何改变？ 如果你可以选择生活在任何一个历史时期，你会选择哪一个？为什么？ 如果你能变成一个食物，你会选择哪种？你希望被如何品尝？ 如果你可以发明一种新的节日，这个节日会庆祝什么？人们会怎么庆祝？ （由衷地说一句 组织者们辛苦了 谢谢你们）,"[{""id"": ""ou_e86ab3a219d0b4779b2fe0cbb4454d8e"", ""name"": ""Brian""}]"
87,2024-08-06 18:22:27,到底谁是卧底！！？？？,"[{""id"": ""ou_0e5774a16bbf7feb171452358ba96f87"", ""name"": ""周钰唤""}]"
88,2024-08-06 18:29:41,请创造一个四字短语，确保其中任意相邻的两个字不构成现有的常用词语。,"[{""id"": ""ou_0261d77a090cbbefade91d52666800b1"", ""name"": ""瑞瑞""}]"
89,2024-08-06 18:38:59,地底下的地铁，能卖多少钱一斤？,"[{""id"": ""ou_a1ce5808f328bcc1ea003018426c5b42"", ""name"": ""周晓波""}]"
90,2024-08-06 18:41:43,火炉重庆既能炼钢又能炼人，真棒！,"[{""id"": ""ou_a1ce5808f328bcc1ea003018426c5b42"", ""name"": ""周晓波""}]"
91,2024-08-06 18:42:19,你对宗教神秘学怎么看？,"[{""id"": ""ou_8b401767c08d2c8b07ce39a7d0d51ba1"", ""name"": ""陈郅""}]"
92,2024-08-06 18:42:52,你的生辰八字是？我来帮你算命呀；,"[{""id"": ""ou_8b401767c08d2c8b07ce39a7d0d51ba1"", ""name"": ""陈郅""}]"
93,2024-08-06 18:43:44,你和初恋有这怎么样的故事？可以分享下,"[{""id"": ""ou_8b401767c08d2c8b07ce39a7d0d51ba1"", ""name"": ""陈郅""}]"
94,2024-08-06 18:44:10,还记得你的初中班主任老师？他是干什么的？,"[{""id"": ""ou_8b401767c08d2c8b07ce39a7d0d51ba1"", ""name"": ""陈郅""}]"
95,2024-08-06 19:00:57,未来五年最大的风口是什么,"[{""id"": ""ou_41ce5cae88160ae87bc593cecf88b712"", ""name"": ""飞书用户9667MR""}]"
96,2024-08-06 19:05:11,如果你是图灵测试者，你会问机器什么问题？,"[{""id"": ""ou_a4e87120a69143332abba81839fe5f32"", ""name"": ""盛英姿""}]"
97,2024-08-06 19:05:49,你能解释一下区块链技术是什么吗？,"[{""id"": ""ou_a4e87120a69143332abba81839fe5f32"", ""name"": ""盛英姿""}]"
98,2024-08-06 19:09:32,冯·诺依曼和图灵掉水里你先救那个？,"[{""id"": ""ou_a4e87120a69143332abba81839fe5f32"", ""name"": ""盛英姿""}]"
99,2024-08-06 19:10:48,你觉得治愈的本质是什么呢？,"[{""id"": ""ou_8fbd27dbe7588b6475fa8d187a6301a8"", ""name"": ""limaomao""}]"
100,2024-08-06 19:12:48,如果时光可以倒流，你会选择去哪一年？,"[{""id"": ""ou_8fbd27dbe7588b6475fa8d187a6301a8"", ""name"": ""limaomao""}]"
101,2024-08-06 19:14:01,如果能回到过去改变一件事，你会做什么？,"[{""id"": ""ou_8fbd27dbe7588b6475fa8d187a6301a8"", ""name"": ""limaomao""}]"
102,2024-08-06 19:14:55,圆周率小数点后第77位是几？,"[{""id"": ""ou_a4e87120a69143332abba81839fe5f32"", ""name"": ""盛英姿""}]"
103,2024-08-06 19:16:48,你认为的聪明是什么？,"[{""id"": ""ou_8fbd27dbe7588b6475fa8d187a6301a8"", ""name"": ""limaomao""}]"
104,2024-08-06 19:20:38,思考是什么？你认为会思考的人应该是怎样的？,"[{""id"": ""ou_8fbd27dbe7588b6475fa8d187a6301a8"", ""name"": ""limaomao""}]"
105,2024-08-06 19:34:15,你最难过的记忆是什么？,"[{""id"": ""ou_0c81e76942dffeecf7ccbd33a7a9b5f5"", ""name"": ""苏家煜""}]"
106,2024-08-06 19:41:51,阿里巴巴是金主爸爸，那阿里云是谁？,"[{""id"": ""ou_8c819c46a65b664068c9b265fda6d03c"", ""name"": ""SAMUEL""}]"
107,2024-08-06 19:53:52,迟来的正义是不是正义,"[{""id"": ""ou_ee5cd0ee5685ba51539ed0750beae97d"", ""name"": ""ehhe""}]"
108,2024-08-06 19:55:59,恋爱脑有没有错？,"[{""id"": ""ou_ee5cd0ee5685ba51539ed0750beae97d"", ""name"": ""ehhe""}]"
109,2024-08-06 19:58:18,如何看待现在的男女对立,"[{""id"": ""ou_ee5cd0ee5685ba51539ed0750beae97d"", ""name"": ""ehhe""}]"
110,2024-08-06 19:59:09,人类为何只谈钱不谈爱了？,"[{""id"": ""ou_6cbbafefe9e9960261ccad656118ccbd"", ""name"": ""Ostara""}]"
111,2024-08-06 20:00:24,当你和你最好的朋友同时喜欢上一个人，你会怎么做？,"[{""id"": ""ou_c2fd0c795932d45725ff51d5f4622b4f"", ""name"": ""邱兰岚""}]"
112,2024-08-06 20:01:31,人工智能发展迅速，中国的教育如何改革？,"[{""id"": ""ou_6cbbafefe9e9960261ccad656118ccbd"", ""name"": ""Ostara""}]"
113,2024-08-06 20:02:18,{问题}做糖醋排骨的第二步是什么,"[{""id"": ""ou_3f1ee03c55d1cb6bdb0e27434eb78de0"", ""name"": ""李科达""}]"
114,2024-08-06 20:14:45,你认为巴黎奥运会中国能拿多少块金牌？在哪些体育项目上能获得历史性的好成绩？,"[{""id"": ""ou_878a127bb6c5fa63a5e35124de558b3c"", ""name"": ""谭轶骅""}]"
115,2024-08-06 21:13:09,人生多变，你觉得到目前为止你做过最疯狂的一件事情是什么？,"[{""id"": ""ou_24d764d4a919532eb38766c0a7865200"", ""name"": ""高小波""}]"
116,2024-08-06 21:27:11,加班辛苦了🌹🌹 1.你相信爱情吗？这个是我朋友以前经常问的问题，没有标准答案，我想听听硅基人回答 2.乒乓球饭圈文化给国家乒乓球部分赛事带来了流量和支持，但也在最近的奥运赛事中对选手造成侵扰，如何解决？,"[{""id"": ""ou_c4cbb39240a25a20a7abb51c3ad3ed22"", ""name"": ""何朝阳""}]"
117,2024-08-06 21:38:20,{问题}AI世界奥运会场混进了人类选手，我怎么才能把这个人类揪出来？,"[{""id"": ""ou_67574807a2268f6c73af7222d8b4dbc4"", ""name"": ""寻鱼""}]"
118,2024-08-06 21:57:08,可以告诉我未来世界的大致发展方向吗,"[{""id"": ""ou_e3f499ebdb1f824a4f82ee507fb834aa"", ""name"": ""飞书用户3487GC""}]"
119,2024-08-06 21:57:22,请告诉我一夜暴富的方法,"[{""id"": ""ou_e3f499ebdb1f824a4f82ee507fb834aa"", ""name"": ""飞书用户3487GC""}]"
