队名,父记录,队员名单,自动编号,作品链接,精彩截图,作品介绍,结果,招组队信息,讨论群
简简单单捏coze,"[{""id"": ""recHrv9MIp""}]",[简简单单——这个茶馆不一般（新闻开放式互动探索）](https://ruijie.feishu.cn/wiki/YpSBwnFQJibQ4LkHgKIc5p8gnSc?from=from_copylink),1,[https://www.coze.cn/store/bot/7376200697454559282?bid=6cncgt36s5019&panel=1](https://www.coze.cn/store/bot/7376200697454559282?bid=6cncgt36s5019&panel=1),"[{""file_token"": ""CnApbSAyTo1wAixTb46cf0bhndf"", ""name"": ""image.png"", ""size"": 714730}, {""file_token"": ""JqnJbx9WfoosLnxzRtUcOOzTnPe"", ""name"": ""image (4).png"", ""size"": 1055790}]",这里是一个结合传统茶馆文化与现代趣娱乐文化的新闻聚集地，让每位客官化身为自己喜爱的角色，享受个性化的新闻体验！,5,这个茶馆不一般（新闻开放式互动探索）详情：[简简单单——这个茶馆不一般（新闻开放式互动探索）](https://ruijie.feishu.cn/wiki/YpSBwnFQJibQ4LkHgKIc5p8gnSc?from=from_copylink),
一休哥玩coze,,[@Limon](https://s3-imfile.feishucdn.com/static-resource/v1/v2_1931aae5-ea89-45d4-b9fd-8b57e96da9ag~?image_size=72x72&cut_type=default-face&quality=&format=jpeg&sticker_format=.webp) ,3,,,,,产品运营举手，主打一个佛系扫地僧式玩coze。 slogan：查新闻，找一休！ （占坑找队友中，期望加入大佬团队，也欢迎大佬加入我的团队🥰） 📍Base 深圳,
AI秒学团队,,@若小雪@Nora@祁志慧@AI心域@学燕,4,[https://www.coze.cn/s/ijq13S2m/](https://www.coze.cn/s/ijq13S2m/),"[{""file_token"": ""Lp3UbIaUnoBEFnxqJMscs5etnAd"", ""name"": ""截图7.png"", ""size"": 1060191}, {""file_token"": ""Gn2NbD6imoXAM5xoaMOcTSEanbd"", ""name"": ""截图5.png"", ""size"": 223107}, {""file_token"": ""FXCtbQ1dooUDX9xFf3uc1xG1nZb"", ""name"": ""截图4.png"", ""size"": 73820}]",用通俗易懂的方式制作6-12岁儿童都能够看懂的新闻，并配有新闻对应的绘本故事,4,有趣有爱的coze应用团队，用秒计时，用爱发电,
五个臭皮匠,,[@陈先森](https://s3-imfile.feishucdn.com/static-resource/v1/v2_2672075c-84fe-4da3-96dc-04017f7f0ccg~?image_size=72x72&cut_type=default-face&quality=&format=jpeg&sticker_format=.webp)[@谢俊杰](https://s3-imfile.feishucdn.com/static-resource/v1/e751f94e-0108-41c9-9f95-a4fb43ecd52g~?image_size=72x72&cut_typ,5,,,,,零门槛,"[{""id"": ""oc_40fd82a76fc96474ae7cfbd59ee4bddb"", ""name"": ""五个臭皮匠""}]"
现学现卖,,[ @蜂老六](https://s1-imfile.feishucdn.com/static-resource/v1/v3_00as_29d9c7ae-7753-4c8b-9f5d-462809704b4g~?image_size=72x72&cut_type=default-face&quality=&format=jpeg&sticker_format=.webp) [ @启明星辰](https://s1-imfile.feishucdn.com/static-resource/v1/v3_006p_16b18457-d3f2-4075-82ce-9683e2ba46eg~?image_s,6,,,,,拿现有应用需求做工作流，有程序基础，懂工作流的来,
卡通头条,,[@Larkspur](https://s3-imfile.feishucdn.com/static-resource/avatar/v3_0088_035012c8-9a7b-4477-89a3-52f91c795cdg_64.webp),7,宿醉版：[https://www.coze.com/store/bot/7373680056599756806?bot_id=true](https://www.coze.com/store/bot/7373680056599756806?bot_id=true) 正常版： [https://www.coze.com/store/bot/7372563703922933766?bot_id=true](https://www.coze.com/store/bot/7372563703922933766?bot_id=true),"[{""file_token"": ""LPFQbz5lsojk60xmeBTcCxqonGg"", ""name"": ""截屏2024-05-27 23.45.37.png"", ""size"": 2561653}, {""file_token"": ""NKYYbP8lFoGaL2xeYFwcdBNqnSc"", ""name"": ""截屏2024-05-27 23.44.11.png"", ""size"": 2612180}, {""file_token"": ""SFU1bLHaHorrlZxpn4WcvMfqnJv"", ""name"": ""截屏2024-05-26 10.50.45.png"", ""size"": 167209",一个专属新闻小秘书，可以根据老板的要求生成相关类目新闻的简短总结和粘土风格的图片，并且用可爱的女生声音为老板朗读(增加了一个宿醉版，可以根据状态来生成正常或荒诞的新闻稿）,,通过这次活动来学习Coze，希望学以致用,
体育迷,,[@Hamburger](https://s1-imfile.feishucdn.com/static-resource/v1/13df58de-8acb-4fdb-88ed-d6499864e3eg~?image_size=72x72&cut_type=default-face&quality=&format=jpeg&sticker_format=.webp),8,,,,,奥运、欧洲杯在即，不看体育新闻怎么行呢？,
深圳突击队,,[@Jason](https://s1-imfile.feishucdn.com/static-resource/v1/v3_0086_bdbe3927-c274-4c78-bfab-6305babe44fg~?image_size=72x72&cut_type=default-face&quality=&format=jpeg&sticker_format=.webp),9,1.[https://www.coze.cn/s/ij1AT78M/](https://www.coze.cn/s/ij1AT78M/)2. [https://www.coze.cn/s/ijR7U22H/](https://www.coze.cn/s/ijR7U22H/),"[{""file_token"": ""IeVfbKcHjomBAjxLS49cFTApnJd"", ""name"": ""屏幕截图 2024-05-25 175311.png"", ""size"": 76489}, {""file_token"": ""Q3WHbmqrZoJcYaxJubtc0LPBnzf"", ""name"": ""屏幕截图 2024-05-25 175241.png"", ""size"": 39861}, {""file_token"": ""PH8WbTXGgoj4aExYx5wc1hTLnLh"", ""name"": ""屏幕截图 2024-05-27 172133.png"", ""size"": 130995}",1.一个专业的篮球体育新闻 Bot，可以及时、准确地为用户提供篮球相关的新闻资讯，包括赛事报道、球队动态、球员表现等。 并且链接了抖音视频可以根据用户需求找到对应的球星或者球队的篮球视频。 2.一个能为你提供鲜花电商新闻的机器人，而且还有一项特殊技能：能根据花名找到相关的中国诗并将诗画成图片。,,AI应用开发工程师，会prompt会Python编程有想法。希望你是一个天马行空的人就行，欢迎联系我，最好在深圳,
冲浪热点秒get,,[@Ycking](https://s3-imfile.feishucdn.com/static-resource/v1/v2_2ba727b6-5ab3-411f-bde1-0b693316358g~?image_size=72x72&cut_type=default-face&quality=&format=jpeg&sticker_format=.webp),10,,,,,能追踪热点、分析热点、能爬能写的全知全能的记者助手，大概知道如何创建，不会代码，希望感兴趣的一起实现，有意向可以入群聊,"[{""id"": ""oc_09a2681496ca7a2d5e8edc45534975ad"", ""name"": ""冲浪热点秒get""}]"
人工不智能,,[ @李桢](https://s1-imfile.feishucdn.com/static-resource/v1/v2_c6920b2a-1ac2-4ee5-b065-bbe995da6e6g~?image_size=72x72&cut_type=default-face&quality=&format=jpeg&sticker_format=.webp)[ @YoYo](https://s3-imfile.feishucdn.com/static-resource/avatar/v2_efec7e34-309d-48f6-929a-0612c6c8b4bg_32.webp)[ @Galax,12,[https://www.coze.cn/store/bot/7373184188817670181?bot_id=true](https://www.coze.cn/store/bot/7373184188817670181?bot_id=true),"[{""file_token"": ""A3FJbFUBpoT7Z7xBh8Ic7XkrnI8"", ""name"": ""image.png"", ""size"": 508181}, {""file_token"": ""ZnO3biUH1o9FhLxu8AbchjH3nIg"", ""name"": ""image.png"", ""size"": 701880}, {""file_token"": ""EvN8bcVtconPGhxZ9DQcEs82nbg"", ""name"": ""image.png"", ""size"": 319102}, {""file_token"": ""JVNBbaJWVobR95xb5BccxmT0nRh"", ""","我的散装kimi，AI新闻检索总结，生成科技图片，可以点击更多链接获取原文,生成内容主打一个自由发挥",,思索抓取新闻，爆改的玩法,"[{""id"": ""oc_97bb2bd3a8e88df7ff09e7c066d46ff7"", ""name"": ""李桢, Galaxy, YoYo""}]"
Fight as one,,[@吴琪](https://s3-imfile.feishucdn.com/static-resource/avatar/v2_695c2e5a-1308-4f7d-b95e-c1038261c30g_32.webp),13,[https://www.coze.com/store/bot/7372493876587937808?bid=6ckfi4lv02008&panel=1](https://www.coze.com/store/bot/7372493876587937808?bid=6ckfi4lv02008&panel=1),"[{""file_token"": ""KlVnbkpvZoLE91xA5aycBK3pnfd"", ""name"": ""Screenshot_2024-05-26-17-43-53-041_com.brave.browser.jpg"", ""size"": 598505}, {""file_token"": ""Kx2zbqEv2oBAaCxUKnsclrbnnQg"", ""name"": ""Screenshot_2024-05-26-17-41-37-101_com.brave.browser-edit.jpg"", ""size"": 422328}]",一个幽默的新闻机器人，看完新闻后笑一笑，放松心情,,"有趣的伙伴一起来，做一个幽默有趣的新闻bot,让你看见不一样的新闻",
学以致用,,[@裘冬杰](https://s1-imfile.feishucdn.com/static-resource/v1/v2_d652c781-842a-44a1-9d1d-0853fd3400ag~?image_size=72x72&cut_type=default-face&quality=&format=jpeg&sticker_format=.webp),15,[https://www.coze.cn/store/bot/7367988970825154597?bot_id=true](https://www.coze.cn/store/bot/7367988970825154597?bot_id=true),"[{""file_token"": ""Rg2abfKvTo93WDxSF6sc6LPbnuh"", ""name"": ""image.png"", ""size"": 970440}]",日本电商情报员，能够提供日本电商市场的实时信息，并了解电商平台的图片文案喜好和当地用户习惯。,,通过coze共学快闪学习，学以致用，破局创新。把学习到的内容进行实操 共学 共创 共享 共赢 期待一起交流学习的小伙伴,"[{""id"": ""oc_477c98c2236d803a8b0c7643724055fb"", ""name"": ""学以致用""}]"
宇宙探索编辑部,,[@solis](https://s1-imfile.feishucdn.com/static-resource/v1/v3_00b7_b1cf7488-4bf1-4818-94c2-2a120476cd2g~?image_size=72x72&cut_type=default-face&quality=&format=jpeg&sticker_format=.webp) [@席一良](https://s1-imfile.feishucdn.com/static-resource/v1/v2_7cab30a2-4fa4-4ff5-b6a9-1f6c7eb52c6g~?image_size=72,16,,,,,宇宙代表浩瀚，探索代表新奇，欢迎一起加入新奇浩瀚的新闻bot,
一个人,,[@笨笨v泡泡](https://s1-imfile.feishucdn.com/static-resource/v1/v3_008l_746b4ca9-c53f-4ddb-9cfc-9e995a130a9g~?image_size=72x72&cut_type=default-face&quality=&format=jpeg&sticker_format=.webp),17,[https://www.coze.cn/s/ijLe8U5s/](https://www.coze.cn/s/ijLe8U5s/),"[{""file_token"": ""HpHbbdPtyo2iTGxXIxmccrEhncg"", ""name"": ""5.png"", ""size"": 185872}, {""file_token"": ""EPxNbrmtmoblosxBhjtcacyancY"", ""name"": ""4.png"", ""size"": 159148}, {""file_token"": ""MCVObGyQPo2s8zxOGytcO2tCnAd"", ""name"": ""3.png"", ""size"": 174640}]",bot名称：新闻要用聊的 bot特点：给出你的所在城市，bot会根据地点给出当地的新闻，并使用本地方言和你聊这些事。,,孩子太小，每天下班后时间不能自己决定；想和大家组队，但是很无奈；单人应该可以参赛吧，个人的力量肯定没有团队强，只是希望各位大佬能给指导意见。,
英语随身学,,[ @Susie](https://s1-imfile.feishucdn.com/static-resource/v1/v3_0099_e09f9df5-4a6a-481c-b5db-b4de9525c74g~?image_size=72x72&cut_type=default-face&quality=&format=jpeg&sticker_format=.webp)（发起人）[ @小鱿鱼](https://s1-imfile.feishucdn.com/static-resource/v1/v2_16bff7c6-f670-4973-86fe-7ad677cd08cg~?image_s,18,,,,,之前做了一个学英语的gpts，对自己好用但有一定限制，现在想练习想做一个英语学习的bot，不是常规的听说读写词汇积累类，是按需学习，在生活工作里，需要什么就能得到专业的学习辅助的老师和朋友,"[{""id"": ""oc_c2370a3d8d158a75ada5bed47924d0b9"", ""name"": ""英语随身学""}]"
超级新闻官,,@星河 [@ccz](https://s1-imfile.feishucdn.com/static-resource/v1/v3_00ao_faa2c2eb-1044-4ee5-b36d-9654d789641g~?image_size=72x72&cut_type=default-face&quality=&format=jpeg&sticker_format=.webp)[@MaikaoJAI](https://s3-imfile.feishucdn.com/static-resource/v1/v3_00b9_68acd62a-4f40-4feb-a33c-28225e08acdg~?i,19,[https://www.coze.cn/s/ijAsvNT9/](https://www.coze.cn/s/ijAsvNT9/),"[{""file_token"": ""NRuobG7bMolCAuxQCgccxfg7nch"", ""name"": ""s5AGhxD9bU.jpg"", ""size"": 679551}, {""file_token"": ""HVijbrTgioSa9GxuOPVc2tkLnQd"", ""name"": ""img_v3_02bf_aaef2cb5-822e-4bc3-a891-d6067eed8fbg.png"", ""size"": 952522}, {""file_token"": ""AYvkbziaQosKJDxi7JfcOLXQnjS"", ""name"": ""img_v3_02bf_de8882e7-ffa5-44",“李小白”的人物设定是一个有血有肉、有独立个性、虽然跨越千年但心灵与我们相通的唐代诗人，因此产品在设计过程中，我们的理念和关键词是“陪伴”，我们希望以“陪伴”为主题，为用户提供不同场景和不同体验的陪伴，让用户在身临其境的交互中，有一丝丝意外之喜。 功能亮点： 1. 小白评新闻：李小白会为你查新闻，为你写诗，成为你的新闻搭子 2. 小白早报：适合每天起床后和下班后听一听，李小白会随机播报当下的热点新闻事件 3. 小白陪聊：作为一个素未谋面的唐代朋友，他有自己的性格，他懂你的情绪，更关注你说过的每一句话（内置知识库同时代历史补充，内置数据库长时间记忆）,1,开心轻松最重要，不卷名次，希望每个人有更多创意，更多收获，找到乐子✌️︎(ᐛ)✌️︎[@星河](https://s1-imfile.feishucdn.com/static-resource/v1/v3_00ad_f73e2536-b265-4278-9bb4-f0f4a65eb0ag~?image_size=72x72&cut_type=default-face&quality=&format=jpeg&sticker_format=.webp),
跨境AI应用探索,,[@紫堇](https://s3-imfile.feishucdn.com/static-resource/v1/v2_12ba24db-83b6-4ca6-92d1-b9713c396dcg~?image_size=72x72&cut_type=default-face&quality=&format=jpeg&sticker_format=.webp) ,20,还没捏好哇呜😭,,出海小蜜,,邀请感兴趣的小伙伴加入,
工业图纸识别,,[@李志华](https://s3-imfile.feishucdn.com/static-resource/v1/v3_006i_49ce5ee3-5cc6-44e1-ac5e-563d102b10eg~?image_size=72x72&cut_type=default-face&quality=&format=jpeg&sticker_format=.webp) ,21,,,,,邀请感兴趣的小伙伴加入,
你说对就真的对,,[@曾志远](https://s3-imfile.feishucdn.com/static-resource/avatar/v3_005j_4aeecb3d-de00-49ca-88aa-85b4792eaf4g_64.webp),22,[https://www.coze.cn/s/ijjrrP6n/](https://www.coze.cn/s/ijjrrP6n/) ,"[{""file_token"": ""BUJgbVGWMoavlcxxWVuc16evnoe"", ""name"": ""image.png"", ""size"": 435960}, {""file_token"": ""VQvjbUsP0oq4Fqx6uHJck7urn4f"", ""name"": ""image.png"", ""size"": 385748}]",一个每日新闻推送小助手+深度新闻解读。 你刚跟他对话的时候，他可以从100条新闻中给你挑出今日最前沿的5条科技咨询。 第二步，如果你对这几条感兴趣，可以追问，他可以全网进行搜索以后，给你进行一定的深度讲解。 还可以定时，每日给你自动推送。 已经布置到飞书里。 求大家反馈，详细反馈个人送比心、叩首、6.88小红包一个。ღ( ´･ᴗ･` ),,操作时的一些记录和思考，非专业写的很乱，尽量用notion的ai功能完善了。[https://www.notion.so/36815b782a7e43dab664164051cf5ea2?pvs=4](https://www.notion.so/36815b782a7e43dab664164051cf5ea2?pvs=4),
芋头小宝,,[@周洁](https://s1-imfile.feishucdn.com/static-resource/v1/b292b30c-cb58-4ac4-8402-59d751215f6g~?image_size=72x72&cut_type=default-face&quality=&format=jpeg&sticker_format=.webp),23,[https://www.coze.cn/store/bot/7376204877069975561?panel=1&bid=6cnclbhdk501v](https://www.coze.cn/store/bot/7376204877069975561?panel=1&bid=6cnclbhdk501v),,一个实时头条热点新闻生成器，基于用户输入的主题和时间范围生成头条新闻和新闻封面，并把新闻对关注者的生活影响做进一步的分析。,6,欢迎大家多测试，有好的想法请加入一起实现~,
主打能用,,[@青山](https://s1-imfile.feishucdn.com/static-resource/v1/v3_0087_fe22aacc-f583-4cdc-857e-12f6976e178g~?image_size=72x72&cut_type=default-face&quality=&format=jpeg&sticker_format=.webp),24,,,,,功能大小不论，主打能用，有兴趣的小伙伴不要吝啬交流，一起研究，最终目标是能做出罗文大姥那样的BOT，快快来加入吧，人数不限,"[{""id"": ""oc_afbe3f8c2464517174fc4c8d59d6130c"", ""name"": ""主打能用""}]"
AI有趣,,[@毛伦](https://s3-imfile.feishucdn.com/static-resource/v1/v3_009s_72f9d894-d4d4-4559-8ef5-708f6d600ecg~?image_size=72x72&cut_type=default-face&quality=&format=jpeg&sticker_format=.webp),11,[https://www.coze.com/s/Zs8MqVEQ5/](https://www.coze.com/s/Zs8MqVEQ5/),"[{""file_token"": ""YAaHbhOJ9oqf7Qxcj0NckqBbnxf"", ""name"": ""3.png"", ""size"": 646675}, {""file_token"": ""QxDWbLOB6oZMt6xWG9Bcnvm0nPe"", ""name"": ""2.png"", ""size"": 650381}, {""file_token"": ""IPyRbmlBfopGG2x5tO4cB7dlned"", ""name"": ""1.png"", ""size"": 613560}]",迪拜捡垃圾月入百万🤔？马斯克是外星人🙀？Bot会粉碎一切谣言，帮你过滤最真实的消息。,,谣言终结者，为大家过滤真实有效的新闻。PS：欢迎任何人加入进来一起组队，交友为先！,
核心搭子,,@韦恩W@马闻锴@run@湖南-电商-大龙@汤富强 [@洛水](https://s3-imfile.feishucdn.com/static-resource/v1/v3_00an_40617e2c-05b0-44e0-b737-bbc43a3d682g~?image_size=72x72&cut_type=default-face&quality=&format=jpeg&sticker_format=.webp) [@罗文](https://s3-imfile.feishucdn.com/static-resource/avatar/v3_00al_c35bbf8f-f13c-4337-9,14,[https://www.coze.cn/store/bot/7373653620211892259?from=bots_card&panel=1&bid=6cn83jtas5g15](https://www.coze.cn/store/bot/7373653620211892259?from=bots_card&panel=1&bid=6cn83jtas5g15),"[{""file_token"": ""EFW0b2iTSoVIQzxWM60clXLin6f"", ""name"": ""工作流.png"", ""size"": 546389}, {""file_token"": ""JjCvbcf9zofB6TxwbrOcvwVanQK"", ""name"": ""image (7).png"", ""size"": 1107333}]",制作一个新闻鉴别相关的bot，感兴趣的朋友可以加入，加入请联系@会魔法的大人 ,2,制作一个新闻鉴别相关的bot，感兴趣的朋友可以加入，加入请联系@会魔法的大人 ,"[{""id"": ""oc_0687253823da742fbe635d5423ddaaae"", ""name"": ""Agent学习搭子""}]"
,,,25,,,,,,
昨日“电纸”报,,[@司空星仪](https://s3-imfile.feishucdn.com/static-resource/v1/v3_00a4_9f324c09-f4ba-4637-81a1-1fff17c3fafg~?image_size=72x72&cut_type=default-face&quality=&format=jpeg&sticker_format=.webp),27,[https://www.coze.cn/space/7366298586058850358/bot/7374595187311706122](https://www.coze.cn/space/7366298586058850358/bot/7374595187311706122),"[{""file_token"": ""UWlgb2foVoxLt6xfV7Zcu5mynAc"", ""name"": ""e_news_workflow_lxl.png"", ""size"": 127154}]",提供个思路，使用图片流中叠加文字，在空白报纸上添加新闻内容，大方向可以做成个没有人的电子报纸公司，本次小目标，报纸上能出现几篇新闻就好😂,,新起步，请查看作品介绍（提供个思路），本人动手能力很差😭，有感兴趣的可以加讨论组，或者添加我的飞书联系方式,"[{""id"": ""oc_7de3988f9a27b571fb909143ff992497"", ""name"": ""不行就自己拉个群吧""}]"
还没想好,"[{""id"": ""recue2CxirURPO""}]",[@钟勤汉](https://s1-imfile.feishucdn.com/static-resource/v1/v3_0086_da167690-f61c-4456-b0bb-25505bd9301g~?image_size=72x72&cut_type=default-face&quality=&format=jpeg&sticker_format=.webp),26,,,,,主要是图个参与，征集队友中。主打佛系,
新闻热点追踪,,,28,,,,,,
漫画家,,[@月](https://s1-imfile.feishucdn.com/static-resource/v1/v3_00bc_5c679a67-c936-4a34-aa80-ff6f91a60f3g~?image_size=72x72&cut_type=default-face&quality=&format=jpeg&sticker_format=.webp),29,,,,,给我一个创意，给你生成漫画（短片漫画），有兴趣大家一起“玩”儿,
让我认识你,,[@吴鹏](https://s1-imfile.feishucdn.com/static-resource/v1/4fcf5c4b-187e-4319-8f5d-d2f41877987g~?image_size=72x72&cut_type=default-face&quality=&format=jpeg&sticker_format=.webp),31,[https://www.coze.cn/s/ijA8FxnG/](https://www.coze.cn/s/ijA8FxnG/),"[{""file_token"": ""Rd5rb0a8VoOUqIxFJCsc8xjOnWc"", ""name"": ""image.png"", ""size"": 127026}]",[让我认识你-介绍小助手coze思路及实现分享](https://sznc078cvm.feishu.cn/docx/DXQPdGfYMoFygaxwi6ZcUqgnnz9?from=from_copylink),,coze创意：其一是录入群友的自我介绍，存入数据库；其二是可以实现群友对话，帮我多次重复介绍自己。还可以根据提供资源和寻求合作机会来介绍群友。,"[{""id"": ""oc_f53bce2562d3f051267e676b61804ec1"", ""name"": ""介绍BOT""}]"
万事屋,,[@梁晓晗](https://s3-imfile.feishucdn.com/static-resource/v1/v3_007p_16d77c8d-bce7-4efc-86b4-903fcb78d0cg~?image_size=72x72&cut_type=default-face&quality=&format=jpeg&sticker_format=.webp),32,[https://www.coze.com/s/ZmFqGsTnd/](https://www.coze.com/s/ZmFqGsTnd/),"[{""file_token"": ""Ide8bCOJBo4q4kx46gNciWmKnzf"", ""name"": ""image (1).png"", ""size"": 4390851}, {""file_token"": ""HEGLbNfLjoHiv2xPAB3cyHUknPe"", ""name"": ""image (2).png"", ""size"": 4368363}, {""file_token"": ""MjhkbvQJPoCbxnxr9eQcn7oEnxc"", ""name"": ""29311717392121_.pic_hd.jpg"", ""size"": 1671684}, {""file_token"": ""PJH",一个编造（用于给谣言粉碎机粉碎的）新闻的Bot。先根据用户输入搜索新闻信息，然后根据信息虚构一个相关的事件进行一本正经的报道。总之就是那种内容转发超过500条就会gg的Bot,,虽然但是这个时间招组队已经来不及了吧,
简简单单捏bot,"[{""id"": ""recHrv9MIp""}]",[@布布](https://s1-imfile.feishucdn.com/static-resource/v1/v3_00b5_6bb3b8d2-9742-48fe-9831-a85d3ec571dg~?image_size=72x72&cut_type=default-face&quality=&format=jpeg&sticker_format=.webp)[@王哲6](https://s3-imfile.feishucdn.com/static-resource/avatar/v2_7438ab52-8524-43d9-ab8a-05d829ae5b0g_32.webp)@Simpl,2,[https://www.coze.cn/store/bot/7376223042109718569?panel=1](https://www.coze.cn/store/bot/7376223042109718569?panel=1),"[{""file_token"": ""NkMnbhAekoKyNCx8ydAceQ1Znxf"", ""name"": ""kepu_paint_3.png"", ""size"": 1810850}, {""file_token"": ""MliubqWFjov1Tkx5fVScjTGYnHb"", ""name"": ""{8B356CBE-0619-4006-B9CA-7D4BBA766DD1}.png"", ""size"": 85768}, {""file_token"": ""UEaYbjFnQoQxSgxBBmGccJHrnDb"", ""name"": ""{C34F9609-02D4-4c03-9A5F-22C66EE17AC",作品主题是探索coze工作流来写提示词，随机角色扮演收获非常大，在队友帮助下，分多个不同工作流，实现对一个小问题举正面和反面例子说明，同时进行角色扮演，提高科普乐趣,,科普小助手：小白学捏coze，角色扮演，提高科普乐趣，分工作流写提示词，实现结构化思维训练,
你出生的那一天,,[@Roger](https://s3-imfile.feishucdn.com/static-resource/v1/v3_00a5_690fd6b6-b774-415d-861b-f0cecf32013g~?image_size=72x72&cut_type=default-face&quality=&format=jpeg&sticker_format=.webp),30,单 Agent：[https://www.coze.com/store/bot/7375033240576507909](https://www.coze.com/store/bot/7375033240576507909) 多 Agent：[https://www.coze.com/store/bot/7375892024052023304](https://www.coze.com/store/bot/7375892024052023304),"[{""file_token"": ""H9cBbGdxeooCgixKjgQcXpFEnGh"", ""name"": ""截屏2024-05-31 18.06.35.png"", ""size"": 1280067}, {""file_token"": ""BpgGbdYgQo9ikLxoea2cP01Enac"", ""name"": ""截屏2024-05-31 18.06.46.png"", ""size"": 2016718}, {""file_token"": ""WB4DbM5JJorTunxBplMcgf4mnmc"", ""name"": ""截屏2024-05-31 18.07.01.png"", ""size"": 146296",一个对个人深入解读的 AI，它从你诞生那天发生的事件追根溯源，去探究哪个事件冥冥之中影响了你？什么成就了你？以及给你的建议。,3,提供创意，主打有趣,"[{""id"": ""oc_3c62f742b6b2d19f3cbf524fc10686ba"", ""name"": ""你出生的那一天""}]"
