投票时间,人员,单选
2024-07-29 20:55:21,"[{""id"": ""ou_faff43f771e15571d33ac701e833c1ce"", ""name"": ""王长东""}]","[""045""]"
2024-07-29 20:55:27,"[{""id"": ""ou_faff43f771e15571d33ac701e833c1ce"", ""name"": ""王长东""}]","[""045""]"
2024-07-29 20:59:32,"[{""id"": ""ou_faff43f771e15571d33ac701e833c1ce"", ""name"": ""王长东""}]","[""045""]"
2024-07-29 20:59:53,"[{""id"": ""ou_faff43f771e15571d33ac701e833c1ce"", ""name"": ""王长东""}]","[""245""]"
2024-07-29 21:01:49,"[{""id"": ""ou_faff43f771e15571d33ac701e833c1ce"", ""name"": ""王长东""}]","[""045""]"
2024-07-29 21:03:01,"[{""id"": ""ou_9994b054226a0d42cafca121f05a0db0"", ""name"": ""叶玲彬""}]","[""106""]"
2024-07-29 21:04:31,"[{""id"": ""ou_faff43f771e15571d33ac701e833c1ce"", ""name"": ""王长东""}]","[""045""]"
2024-07-29 21:06:17,"[{""id"": ""ou_a33233a4c8b086bcaf457197e98c5835"", ""name"": ""王长卫""}]","[""045""]"
2024-07-29 21:06:28,"[{""id"": ""ou_a33233a4c8b086bcaf457197e98c5835"", ""name"": ""王长卫""}]","[""045""]"
2024-07-29 21:06:32,"[{""id"": ""ou_a33233a4c8b086bcaf457197e98c5835"", ""name"": ""王长卫""}]","[""045""]"
2024-07-29 21:06:55,"[{""id"": ""ou_faff43f771e15571d33ac701e833c1ce"", ""name"": ""王长东""}]","[""045""]"
2024-07-29 21:07:05,"[{""id"": ""ou_faff43f771e15571d33ac701e833c1ce"", ""name"": ""王长东""}]","[""045""]"
2024-07-29 21:08:50,"[{""id"": ""ou_a33233a4c8b086bcaf457197e98c5835"", ""name"": ""王长卫""}]","[""045""]"
2024-07-29 21:09:01,"[{""id"": ""ou_a33233a4c8b086bcaf457197e98c5835"", ""name"": ""王长卫""}]","[""045""]"
2024-07-29 21:10:36,"[{""id"": ""ou_92b8d142e7be479bfe2af03960fd6696"", ""name"": ""平淡无奇的小哥""}]","[""021""]"
2024-07-29 21:10:56,"[{""id"": ""ou_aad372037b6954fa6cdc1bc74c8344e9"", ""name"": ""Chaos""}]","[""021""]"
2024-07-29 21:15:27,"[{""id"": ""ou_89a76f7d5ea4d5031c8b7a5660785dde"", ""name"": ""小甲""}]","[""045""]"
2024-07-29 21:15:37,"[{""id"": ""ou_89a76f7d5ea4d5031c8b7a5660785dde"", ""name"": ""小甲""}]","[""045""]"
2024-07-29 21:15:40,"[{""id"": ""ou_683363fdfb1404702447cc109cb86192"", ""name"": ""小薄荷""}]","[""045""]"
2024-07-29 21:15:55,"[{""id"": ""ou_89a76f7d5ea4d5031c8b7a5660785dde"", ""name"": ""小甲""}]","[""016""]"
2024-07-29 21:18:23,"[{""id"": ""ou_e86ab3a219d0b4779b2fe0cbb4454d8e"", ""name"": ""Brian""}]","[""164""]"
2024-07-29 21:18:24,"[{""id"": ""ou_e3e6767db2f76ddbacfe59f754969d44"", ""name"": ""jump""}]","[""208""]"
2024-07-29 21:18:24,"[{""id"": ""ou_3d0dbf6f911a3aaef6e5d67e5c6c79c2"", ""name"": ""朱先生""}]","[""208""]"
2024-07-29 21:18:26,"[{""id"": ""ou_7b8a17e5a97216f13f8dbf9fcc8146f3"", ""name"": ""王兆隆""}]","[""125""]"
2024-07-29 21:18:27,"[{""id"": ""ou_12564eaf878b62263d4a8c623fbe4dc0"", ""name"": ""乔尚""}]","[""024""]"
2024-07-29 21:18:29,"[{""id"": ""ou_6bb7223fb1daf76395bd5b224e1c0d6d"", ""name"": ""SUNSKY""}]","[""126""]"
2024-07-29 21:18:29,"[{""id"": ""ou_3ba89e75ebf49e8154bc222161af97eb"", ""name"": ""玉佳慧""}]","[""209""]"
2024-07-29 21:18:30,"[{""id"": ""ou_acc462153ecbf62647bc2c6357939426"", ""name"": ""张维纳""}]","[""126""]"
2024-07-29 21:18:31,"[{""id"": ""ou_baf119622d3b784e08cce66d3177cf2b"", ""name"": ""景昱""}]","[""126""]"
2024-07-29 21:18:33,"[{""id"": ""ou_baf119622d3b784e08cce66d3177cf2b"", ""name"": ""景昱""}]","[""126""]"
2024-07-29 21:18:34,"[{""id"": ""ou_e3e6767db2f76ddbacfe59f754969d44"", ""name"": ""jump""}]","[""189""]"
2024-07-29 21:18:34,"[{""id"": ""ou_f3c9d05540f96e3f9f51cee30068431e"", ""name"": ""艾木肉拉""}]","[""100""]"
2024-07-29 21:18:36,"[{""id"": ""ou_e4b09a91c9bef323e95d1cc0c7055291"", ""name"": ""jimmy""}]","[""227""]"
2024-07-29 21:18:37,"[{""id"": ""ou_1d85a62485c2f863a3ffb1ad0e4f4db3"", ""name"": ""SUNSKY""}]","[""126""]"
2024-07-29 21:18:40,"[{""id"": ""ou_d6d83a09749298c3f1acedf20d08ec1d"", ""name"": ""🌈Roger""}]","[""057""]"
2024-07-29 21:18:41,"[{""id"": ""ou_ed402fcc229691d1d5a9fd51d82725e3"", ""name"": ""访客 78217""}]","[""036""]"
2024-07-29 21:18:41,"[{""id"": ""ou_acc462153ecbf62647bc2c6357939426"", ""name"": ""张维纳""}]","[""037""]"
2024-07-29 21:18:42,"[{""id"": ""ou_1d85a62485c2f863a3ffb1ad0e4f4db3"", ""name"": ""SUNSKY""}]","[""126""]"
2024-07-29 21:18:42,"[{""id"": ""ou_dcf8996a2ce9b72751b40e7ec040e154"", ""name"": ""柳芸琳""}]","[""219""]"
2024-07-29 21:18:42,"[{""id"": ""ou_69034f3286011a212f5d34665d50104e"", ""name"": ""LZQ""}]","[""052""]"
2024-07-29 21:18:46,"[{""id"": ""ou_1d85a62485c2f863a3ffb1ad0e4f4db3"", ""name"": ""SUNSKY""}]","[""126""]"
2024-07-29 21:18:46,"[{""id"": ""ou_79d38fcfd681aa668cc8e9d419d8ac79"", ""name"": ""飞书用户8105MT""}]","[""195""]"
2024-07-29 21:18:46,"[{""id"": ""ou_69034f3286011a212f5d34665d50104e"", ""name"": ""LZQ""}]","[""073""]"
2024-07-29 21:18:48,"[{""id"": ""ou_acc462153ecbf62647bc2c6357939426"", ""name"": ""张维纳""}]","[""016""]"
2024-07-29 21:18:50,"[{""id"": ""ou_f7c6cb35217e47f6ae0fbd7d515187b6"", ""name"": ""zhangxinyu""}]","[""112""]"
2024-07-29 21:18:51,"[{""id"": ""ou_3d7c49eac76904b3db2617799ca4ca3e"", ""name"": ""访客 32107""}]","[""036""]"
2024-07-29 21:18:51,"[{""id"": ""ou_69034f3286011a212f5d34665d50104e"", ""name"": ""LZQ""}]","[""098""]"
2024-07-29 21:18:53,"[{""id"": ""ou_1d85a62485c2f863a3ffb1ad0e4f4db3"", ""name"": ""SUNSKY""}]","[""126""]"
2024-07-29 21:18:54,"[{""id"": ""ou_c6f6eb6063775127b6cdb0e9ba4571d0"", ""name"": ""扬歌行""}]","[""227""]"
2024-07-29 21:18:57,"[{""id"": ""ou_6721f7c241a44fe14b67818f1b7206a7"", ""name"": ""李亚文""}]","[""227""]"
2024-07-29 21:18:59,"[{""id"": ""ou_d6d83a09749298c3f1acedf20d08ec1d"", ""name"": ""🌈Roger""}]","[""180""]"
2024-07-29 21:19:00,"[{""id"": ""ou_dcf8996a2ce9b72751b40e7ec040e154"", ""name"": ""柳芸琳""}]","[""219""]"
2024-07-29 21:19:05,"[{""id"": ""ou_3d7c49eac76904b3db2617799ca4ca3e"", ""name"": ""访客 32107""}]","[""036""]"
2024-07-29 21:19:05,"[{""id"": ""ou_dcf8996a2ce9b72751b40e7ec040e154"", ""name"": ""柳芸琳""}]","[""219""]"
2024-07-29 21:19:08,"[{""id"": ""ou_c771dd97771a1abd6be68e63b07af9f2"", ""name"": ""辛绮""}]","[""208""]"
2024-07-29 21:19:13,"[{""id"": ""ou_ff90ae8f628a7f7a83f9fdc07d45d574"", ""name"": ""周五""}]","[""108""]"
2024-07-29 21:19:14,"[{""id"": ""ou_bbc358cbce419d2fc30aa6a814b001aa"", ""name"": ""零宇宙""}]","[""097""]"
2024-07-29 21:19:14,"[{""id"": ""ou_ee5cd0ee5685ba51539ed0750beae97d"", ""name"": ""ehhe""}]","[""208""]"
2024-07-29 21:19:14,"[{""id"": ""ou_d9fd39f91212a95791a11e6921ad9956"", ""name"": ""子陌""}]","[""057""]"
2024-07-29 21:19:15,"[{""id"": ""ou_d66b5b214c0d81ffb47abe3243fae0dc"", ""name"": ""陈炳恩""}]","[""146""]"
2024-07-29 21:19:17,"[{""id"": ""ou_f3c9d05540f96e3f9f51cee30068431e"", ""name"": ""艾木肉拉""}]","[""208""]"
2024-07-29 21:19:18,"[{""id"": ""ou_9c96e7788d068c10554c1713ed8fd8e8"", ""name"": ""访客 69277""}]","[""036""]"
2024-07-29 21:19:18,"[{""id"": ""ou_6721f7c241a44fe14b67818f1b7206a7"", ""name"": ""李亚文""}]","[""100""]"
2024-07-29 21:19:19,"[{""id"": ""ou_1d85a62485c2f863a3ffb1ad0e4f4db3"", ""name"": ""SUNSKY""}]","[""126""]"
2024-07-29 21:19:21,"[{""id"": ""ou_d3d54dd52c3fe803655b526d7153e040"", ""name"": ""郭玉徽""}]","[""208""]"
2024-07-29 21:19:22,"[{""id"": ""ou_853071a9657cc6e1846b2e46f823a53f"", ""name"": ""陈昶佳""}]","[""215""]"
2024-07-29 21:19:22,"[{""id"": ""ou_e243d676f694e2fbcc140a89dfc4fd45"", ""name"": ""戴颖毅""}]","[""208""]"
2024-07-29 21:19:23,"[{""id"": ""ou_e01e4a044f9231409b133847cdc3174f"", ""name"": ""君君""}]","[""081""]"
2024-07-29 21:19:23,"[{""id"": ""ou_3f1ee03c55d1cb6bdb0e27434eb78de0"", ""name"": ""李科达""}]","[""208""]"
2024-07-29 21:19:23,"[{""id"": ""ou_c771dd97771a1abd6be68e63b07af9f2"", ""name"": ""辛绮""}]","[""126""]"
2024-07-29 21:19:24,"[{""id"": ""ou_a4db96eb118cd38e4d74c3c446e3c7c1"", ""name"": ""熊猫""}]","[""069""]"
2024-07-29 21:19:24,"[{""id"": ""ou_1d85a62485c2f863a3ffb1ad0e4f4db3"", ""name"": ""SUNSKY""}]","[""126""]"
2024-07-29 21:19:24,"[{""id"": ""ou_e8ee6ace75aa497ad8044c48ebc07d6c"", ""name"": ""黄小珊""}]","[""181""]"
2024-07-29 21:19:24,"[{""id"": ""ou_603769244a22a8d40f89ff349992c2f1"", ""name"": ""PIKA""}]","[""189""]"
2024-07-29 21:19:25,"[{""id"": ""ou_eff1400532547d152aa9129257d6d831"", ""name"": ""唐文纲""}]","[""057""]"
2024-07-29 21:19:25,"[{""id"": ""ou_151c006240642b59a476e6087c9886fb"", ""name"": ""吴双""}]","[""164""]"
2024-07-29 21:19:26,"[{""id"": ""ou_eff1400532547d152aa9129257d6d831"", ""name"": ""唐文纲""}]","[""050""]"
2024-07-29 21:19:26,"[{""id"": ""ou_1d85a62485c2f863a3ffb1ad0e4f4db3"", ""name"": ""SUNSKY""}]","[""126""]"
2024-07-29 21:19:26,"[{""id"": ""ou_92b8d142e7be479bfe2af03960fd6696"", ""name"": ""平淡无奇的小哥""}]","[""021""]"
2024-07-29 21:19:27,"[{""id"": ""ou_ecc37014cc8673119983448d0a01d262"", ""name"": ""西原""}]","[""208""]"
2024-07-29 21:19:27,"[{""id"": ""ou_853071a9657cc6e1846b2e46f823a53f"", ""name"": ""陈昶佳""}]","[""227""]"
2024-07-29 21:19:27,"[{""id"": ""ou_e4b09a91c9bef323e95d1cc0c7055291"", ""name"": ""jimmy""}]","[""078""]"
2024-07-29 21:19:28,"[{""id"": ""ou_d3d54dd52c3fe803655b526d7153e040"", ""name"": ""郭玉徽""}]","[""209""]"
2024-07-29 21:19:29,"[{""id"": ""ou_29005a01d62cede6bfad372365ede0e0"", ""name"": ""Larkspur""}]","[""208""]"
2024-07-29 21:19:29,"[{""id"": ""ou_ff90ae8f628a7f7a83f9fdc07d45d574"", ""name"": ""周五""}]","[""208""]"
2024-07-29 21:19:29,"[{""id"": ""ou_4a72183c75520ae799ab01dd62ea29e7"", ""name"": ""小鱿鱼""}]","[""053""]"
2024-07-29 21:19:30,"[{""id"": ""ou_1d85a62485c2f863a3ffb1ad0e4f4db3"", ""name"": ""SUNSKY""}]","[""126""]"
2024-07-29 21:19:30,"[{""id"": ""ou_9c15aec3dae8e83207cf3ccbd362259d"", ""name"": ""mi_zy""}]","[""074""]"
2024-07-29 21:19:30,"[{""id"": ""ou_8fbd27dbe7588b6475fa8d187a6301a8"", ""name"": ""limaomao""}]","[""064""]"
2024-07-29 21:19:31,"[{""id"": ""ou_c771dd97771a1abd6be68e63b07af9f2"", ""name"": ""辛绮""}]","[""208""]"
2024-07-29 21:19:31,"[{""id"": ""ou_4a72183c75520ae799ab01dd62ea29e7"", ""name"": ""小鱿鱼""}]","[""047""]"
2024-07-29 21:19:32,"[{""id"": ""ou_f3c9d05540f96e3f9f51cee30068431e"", ""name"": ""艾木肉拉""}]","[""126""]"
2024-07-29 21:19:33,"[{""id"": ""ou_8ae03c10d37a64bbec5a8ec898a3c79a"", ""name"": ""阿林""}]","[""098""]"
2024-07-29 21:19:33,"[{""id"": ""ou_34864f4a9718044b0dbd803a12924058"", ""name"": ""何健""}]","[""100""]"
2024-07-29 21:19:33,"[{""id"": ""ou_d532bae74d4f26c7108f76cb7541922b"", ""name"": ""汪凯""}]","[""066""]"
2024-07-29 21:19:34,"[{""id"": ""ou_e8ee6ace75aa497ad8044c48ebc07d6c"", ""name"": ""黄小珊""}]","[""189""]"
2024-07-29 21:19:34,"[{""id"": ""ou_10eb4c145bc5cb89a9e6dd60735d3994"", ""name"": ""魅夜星尘""}]","[""180""]"
2024-07-29 21:19:34,"[{""id"": ""ou_e77faf1fa2ec56d8c70179d7d5d66c7f"", ""name"": ""朱越瀚""}]","[""062""]"
2024-07-29 21:19:35,"[{""id"": ""ou_151c006240642b59a476e6087c9886fb"", ""name"": ""吴双""}]","[""074""]"
2024-07-29 21:19:35,"[{""id"": ""ou_85dd50adbfe1d9a8000c3b3604604eab"", ""name"": ""飞书用户2344IL""}]","[""152""]"
2024-07-29 21:19:35,"[{""id"": ""ou_1d85a62485c2f863a3ffb1ad0e4f4db3"", ""name"": ""SUNSKY""}]","[""126""]"
2024-07-29 21:19:37,"[{""id"": ""ou_7fb0b78965d291336e6244719dac5739"", ""name"": ""郑敏轩""}]","[""189""]"
2024-07-29 21:19:37,"[{""id"": ""ou_9994b054226a0d42cafca121f05a0db0"", ""name"": ""叶玲彬""}]","[""088""]"
2024-07-29 21:19:38,"[{""id"": ""ou_467a6325014dfff46845c9ea1ab959c7"", ""name"": ""牙白""}]","[""208""]"
2024-07-29 21:19:38,"[{""id"": ""ou_c6f6eb6063775127b6cdb0e9ba4571d0"", ""name"": ""扬歌行""}]","[""209""]"
2024-07-29 21:19:39,"[{""id"": ""ou_603769244a22a8d40f89ff349992c2f1"", ""name"": ""PIKA""}]","[""189""]"
2024-07-29 21:19:42,"[{""id"": ""ou_4a72183c75520ae799ab01dd62ea29e7"", ""name"": ""小鱿鱼""}]","[""019""]"
2024-07-29 21:19:42,"[{""id"": ""ou_9c15aec3dae8e83207cf3ccbd362259d"", ""name"": ""mi_zy""}]","[""208""]"
2024-07-29 21:19:42,"[{""id"": ""ou_6721f7c241a44fe14b67818f1b7206a7"", ""name"": ""李亚文""}]","[""225""]"
2024-07-29 21:19:43,"[{""id"": ""ou_467a6325014dfff46845c9ea1ab959c7"", ""name"": ""牙白""}]","[""208""]"
2024-07-29 21:19:43,"[{""id"": ""ou_151c006240642b59a476e6087c9886fb"", ""name"": ""吴双""}]","[""208""]"
2024-07-29 21:19:44,"[{""id"": ""ou_454aba3b6602b43fecf542046e4f5a10"", ""name"": ""小木""}]","[""227""]"
2024-07-29 21:19:44,"[{""id"": ""ou_e8ee6ace75aa497ad8044c48ebc07d6c"", ""name"": ""黄小珊""}]","[""208""]"
2024-07-29 21:19:44,"[{""id"": ""ou_3e541e72b175cee2d42c43f7a1a61a8f"", ""name"": ""郑仲飙""}]","[""110""]"
2024-07-29 21:19:45,"[{""id"": ""ou_1fdf78158535f0640e5fddbfaa3f80be"", ""name"": ""访客 47014""}]","[""126""]"
2024-07-29 21:19:45,"[{""id"": ""ou_d6d83a09749298c3f1acedf20d08ec1d"", ""name"": ""🌈Roger""}]","[""037""]"
2024-07-29 21:19:46,"[{""id"": ""ou_67a4757854447638df25a0768af04944"", ""name"": ""vicky""}]","[""152""]"
2024-07-29 21:19:47,"[{""id"": ""ou_3e541e72b175cee2d42c43f7a1a61a8f"", ""name"": ""郑仲飙""}]","[""083""]"
2024-07-29 21:19:48,"[{""id"": ""ou_f3c9d05540f96e3f9f51cee30068431e"", ""name"": ""艾木肉拉""}]","[""078""]"
2024-07-29 21:19:49,"[{""id"": ""ou_1fdf78158535f0640e5fddbfaa3f80be"", ""name"": ""访客 47014""}]","[""126""]"
2024-07-29 21:19:50,"[{""id"": ""ou_3e541e72b175cee2d42c43f7a1a61a8f"", ""name"": ""郑仲飙""}]","[""050""]"
2024-07-29 21:19:51,"[{""id"": ""ou_9c15aec3dae8e83207cf3ccbd362259d"", ""name"": ""mi_zy""}]","[""195""]"
2024-07-29 21:19:53,"[{""id"": ""ou_8ae03c10d37a64bbec5a8ec898a3c79a"", ""name"": ""阿林""}]","[""073""]"
2024-07-29 21:19:53,"[{""id"": ""ou_8a10abb4b5d9788d6537c933a5db8b46"", ""name"": ""张团""}]","[""195""]"
2024-07-29 21:19:56,"[{""id"": ""ou_853071a9657cc6e1846b2e46f823a53f"", ""name"": ""陈昶佳""}]","[""114""]"
2024-07-29 21:19:56,"[{""id"": ""ou_43518d47357e260061c5ec71ebd5d66e"", ""name"": ""戴志伟""}]","[""124""]"
2024-07-29 21:19:57,"[{""id"": ""ou_34864f4a9718044b0dbd803a12924058"", ""name"": ""何健""}]","[""189""]"
2024-07-29 21:19:58,"[{""id"": ""ou_9994b054226a0d42cafca121f05a0db0"", ""name"": ""叶玲彬""}]","[""152""]"
2024-07-29 21:20:01,"[{""id"": ""ou_8a10abb4b5d9788d6537c933a5db8b46"", ""name"": ""张团""}]","[""099""]"
2024-07-29 21:20:01,"[{""id"": ""ou_8f1cf61100650a7006c3f6115e68bda2"", ""name"": ""许岸枫""}]","[""181""]"
2024-07-29 21:20:01,"[{""id"": ""ou_85dd50adbfe1d9a8000c3b3604604eab"", ""name"": ""飞书用户2344IL""}]","[""208""]"
2024-07-29 21:20:01,"[{""id"": ""ou_dbc4d2a7fcedd4ea6d33bf3a4d360dc7"", ""name"": ""张无一""}]","[""078""]"
2024-07-29 21:20:02,"[{""id"": ""ou_467a6325014dfff46845c9ea1ab959c7"", ""name"": ""牙白""}]","[""208""]"
2024-07-29 21:20:05,"[{""id"": ""ou_9994b054226a0d42cafca121f05a0db0"", ""name"": ""叶玲彬""}]","[""106""]"
2024-07-29 21:20:06,"[{""id"": ""ou_a4db96eb118cd38e4d74c3c446e3c7c1"", ""name"": ""熊猫""}]","[""208""]"
2024-07-29 21:20:07,"[{""id"": ""ou_dbc4d2a7fcedd4ea6d33bf3a4d360dc7"", ""name"": ""张无一""}]","[""078""]"
2024-07-29 21:20:07,"[{""id"": ""ou_eff1400532547d152aa9129257d6d831"", ""name"": ""唐文纲""}]","[""208""]"
2024-07-29 21:20:07,"[{""id"": ""ou_7fb0b78965d291336e6244719dac5739"", ""name"": ""郑敏轩""}]","[""063""]"
2024-07-29 21:20:08,"[{""id"": ""ou_3f1ee03c55d1cb6bdb0e27434eb78de0"", ""name"": ""李科达""}]","[""195""]"
2024-07-29 21:20:08,"[{""id"": ""ou_8c819c46a65b664068c9b265fda6d03c"", ""name"": ""SAMUEL""}]","[""100""]"
2024-07-29 21:20:10,"[{""id"": ""ou_f3c9d05540f96e3f9f51cee30068431e"", ""name"": ""艾木肉拉""}]","[""195""]"
2024-07-29 21:20:11,"[{""id"": ""ou_d695943abe55db37250175c5e9b06f33"", ""name"": ""洋皮""}]","[""189""]"
2024-07-29 21:20:11,"[{""id"": ""ou_20123d65af2410f0230086153c6ad176"", ""name"": ""贾栾""}]","[""208""]"
2024-07-29 21:20:12,"[{""id"": ""ou_02233544beda21e73fb575b05d8297db"", ""name"": ""李铭轩""}]","[""208""]"
2024-07-29 21:20:14,"[{""id"": ""ou_34864f4a9718044b0dbd803a12924058"", ""name"": ""何健""}]","[""039""]"
2024-07-29 21:20:14,"[{""id"": ""ou_13c8d3d68749f33792e0a3239eafcf91"", ""name"": ""李益斌""}]","[""060""]"
2024-07-29 21:20:15,"[{""id"": ""ou_dbc4d2a7fcedd4ea6d33bf3a4d360dc7"", ""name"": ""张无一""}]","[""045""]"
2024-07-29 21:20:15,"[{""id"": ""ou_c6f6eb6063775127b6cdb0e9ba4571d0"", ""name"": ""扬歌行""}]","[""208""]"
2024-07-29 21:20:20,"[{""id"": ""ou_853071a9657cc6e1846b2e46f823a53f"", ""name"": ""陈昶佳""}]","[""126""]"
2024-07-29 21:20:22,"[{""id"": ""ou_dbc4d2a7fcedd4ea6d33bf3a4d360dc7"", ""name"": ""张无一""}]","[""016""]"
2024-07-29 21:20:23,"[{""id"": ""ou_8fbd27dbe7588b6475fa8d187a6301a8"", ""name"": ""limaomao""}]","[""245""]"
2024-07-29 21:20:26,"[{""id"": ""ou_8f1cf61100650a7006c3f6115e68bda2"", ""name"": ""许岸枫""}]","[""041""]"
2024-07-29 21:20:28,"[{""id"": ""ou_8fbd27dbe7588b6475fa8d187a6301a8"", ""name"": ""limaomao""}]","[""245""]"
2024-07-29 21:20:30,"[{""id"": ""ou_d695943abe55db37250175c5e9b06f33"", ""name"": ""洋皮""}]","[""227""]"
2024-07-29 21:20:33,"[{""id"": ""ou_b9d3fec3ce38158ff3f60b0f2ab8b3d6"", ""name"": ""冉伟""}]","[""019""]"
2024-07-29 21:20:37,"[{""id"": ""ou_8f1cf61100650a7006c3f6115e68bda2"", ""name"": ""许岸枫""}]","[""099""]"
2024-07-29 21:20:50,"[{""id"": ""ou_bc5a78347da93314ac41e81df156b444"", ""name"": ""王哲6""}]","[""053""]"
2024-07-29 21:20:53,"[{""id"": ""ou_40ea4719dce3679420ab65f3e5f6697e"", ""name"": ""陈峥""}]","[""098""]"
2024-07-29 21:20:55,"[{""id"": ""ou_1d85a62485c2f863a3ffb1ad0e4f4db3"", ""name"": ""SUNSKY""}]","[""126""]"
2024-07-29 21:20:57,"[{""id"": ""ou_b9d3fec3ce38158ff3f60b0f2ab8b3d6"", ""name"": ""冉伟""}]","[""195""]"
2024-07-29 21:21:00,"[{""id"": ""ou_b970b584a99fa98fcf960ea364e8a32d"", ""name"": ""访客 38131""}]","[""141""]"
2024-07-29 21:21:03,"[{""id"": ""ou_b9d3fec3ce38158ff3f60b0f2ab8b3d6"", ""name"": ""冉伟""}]","[""227""]"
2024-07-29 21:21:07,"[{""id"": ""ou_8c1a5998aeafa89b98e28eb6f3d3bafb"", ""name"": ""夏鹏""}]","[""175""]"
2024-07-29 21:21:12,"[{""id"": ""ou_8c1a5998aeafa89b98e28eb6f3d3bafb"", ""name"": ""夏鹏""}]","[""175""]"
2024-07-29 21:21:15,"[{""id"": ""ou_467a6325014dfff46845c9ea1ab959c7"", ""name"": ""牙白""}]","[""126""]"
2024-07-29 21:21:18,"[{""id"": ""ou_8fbd27dbe7588b6475fa8d187a6301a8"", ""name"": ""limaomao""}]","[""245""]"
2024-07-29 21:21:22,"[{""id"": ""ou_8a10abb4b5d9788d6537c933a5db8b46"", ""name"": ""张团""}]","[""208""]"
2024-07-29 21:21:26,"[{""id"": ""ou_22d910d1cc73d2bfbdf071c41c3bd340"", ""name"": ""PIKA""}]","[""189""]"
2024-07-29 21:21:30,"[{""id"": ""ou_22d910d1cc73d2bfbdf071c41c3bd340"", ""name"": ""PIKA""}]","[""189""]"
2024-07-29 21:21:42,"[{""id"": ""ou_467a6325014dfff46845c9ea1ab959c7"", ""name"": ""牙白""}]","[""019""]"
2024-07-29 21:21:44,"[{""id"": ""ou_7fb0b78965d291336e6244719dac5739"", ""name"": ""郑敏轩""}]","[""208""]"
2024-07-29 21:21:52,"[{""id"": ""ou_b970b584a99fa98fcf960ea364e8a32d"", ""name"": ""访客 38131""}]","[""199""]"
2024-07-29 21:22:02,"[{""id"": ""ou_ea43764dc78f3f3fd68b3a41a8a1e763"", ""name"": ""阿鱼""}]","[""126""]"
2024-07-29 21:22:18,"[{""id"": ""ou_467a6325014dfff46845c9ea1ab959c7"", ""name"": ""牙白""}]","[""078""]"
2024-07-29 21:22:22,"[{""id"": ""ou_34864f4a9718044b0dbd803a12924058"", ""name"": ""何健""}]","[""208""]"
2024-07-29 21:22:48,"[{""id"": ""ou_8b4bf8a0619b85fe7f17af913b37b518"", ""name"": ""霖晨""}]","[""189""]"
2024-07-29 21:23:03,"[{""id"": ""ou_e77faf1fa2ec56d8c70179d7d5d66c7f"", ""name"": ""朱越瀚""}]","[""181""]"
2024-07-29 21:23:23,"[{""id"": ""ou_4b2151ceaee32296b678d2b88fc703ce"", ""name"": ""罗骏""}]","[""208""]"
