组长（可多位）,组员名单（可多位）,项目名称,组长及项目介绍,招募需求描述,父记录,项目成果链接,讨论群
[@陈坤](https://s3-imfile.feishucdn.com/static-resource/avatar/v2_3185733f-880c-438e-9b64-6074491f383g_32.webp),最后3位[@赵珂](https://s1-imfile.feishucdn.com/static-resource/v1/v3_00a4_fb2243cf-f1c8-473d-ac69-0ef3e8394c4g~?image_size=72x72&cut_type=default-face&quality=&format=jpeg&sticker_format=.webp),通过AI技术优化和重构[个人IP-超级个体]项目，实现降本增效。,我是老陈，一家拥有百人团队的公司老板，专注于短视频直播电商业务。每天接触到不少行业的前沿项目和优秀资源，正因为如此，我看到了AI技术在降本增效方面的巨大潜力。为了充分利用这个机会，我在Agent学习社群内发起了一个新的小组，专注于通过AI技术重构优质项目。 小组项目介绍 我们的第一个实战项目是：通过AI技术优化个人IP打造的全链路，降低超级个体实现商业化的难度。这意味着你将学习如何利用AI技术来优化个人品牌的各个环节，从内容制作到粉丝运营，再到商业变现，整个流程都将被AI技术赋能，让你的个人IP打造更高效、更专业。,我们希望为学员们提供 学习如何运用AI技术来优化和重构项目，这将是你职业生涯中的一项重要技能。 结识一群志同道合的伙伴，大家互相学习，共同成长。 提升自己的实战能力，为未来的职业发展打下坚实的基础。 如果你对AI技术感兴趣，愿意参与到实际项目中来，那就不要犹豫，赶紧报名吧！,"[{""id"": ""recufYahgMUlfm""}]",招募有代码开发能力、产品经理经历的小伙伴。 已经开始落地第一个业务场景,"[{""id"": ""oc_969ae220f49f13e8118de8405de4d7d8"", ""name"": ""AI商业化学习小组""}]"
@陈先森 @Chingway ,@undefined @undefined @undefined @undefined@undefined@undefined @undefined @undefined @undefined@undefined [@叶桐](https://s3-imfile.feishucdn.com/static-resource/v1/v2_4df164e4-e7f2-41c8-9385-f4ce3079619g~?image_size=72x72&cut_type=default-face&quality=&format=jpeg&sticker_format=.webp) [@宋振中](https:,Coze捏教培Agent, Chingway：10年企业职培项目管理经验，期望通过Bot提高授课师资备课及教学资源开发的自动化程度。 项目想法：用户自己围绕某个主题，虚设一个学习目标和计划学习学时后，Agent依次完成如下动作：一、给出目标与主题相结合的副标题；二、以结构化的方式给出至少三层级的教学大纲；三、依次从主到次层级顺序给出大纲下的核心知识观点（层级越高，知识观点或内容越精练和ji宏观抽象，到末端层级就是具体的论据或事例）；四、结合上述一、二、三组合成讲义文档；五、调用大模型，对讲义总结并重新给出授课大纲；六、调研PPT插件，接收新生成的大纲和讲义，生成PPT。,教培行业从业者或对教培行业感兴趣的同道中人皆可。,,,
[@孙顺达](https://s1-imfile.feishucdn.com/static-resource/v1/v3_008o_f504f7a2-6df4-4de1-ab25-62b81f29f92g~?image_size=72x72&cut_type=default-face&quality=&format=jpeg&sticker_format=.webp) （持续招募中）,@undefined @undefined @undefined @undefined @undefined @undefined @undefined @undefined [@undefined](https://s1-imfile.feishucdn.com/static-resource/v1/v3_0086_9d66d6b3-cd0a-4c69-b751-874fa6f0419g~?image_size=72x72&cut_type=default-face&quality=&format=jpeg&sticker_format=.webp)[@Evan](https://s1-im,商业落地变现-以智能客服机器人为例,组长介绍：[ 个人介绍&coze课程分享](https://jxgpob7esla.feishu.cn/wiki/ZVcUwn1Qcib3TVkMZiDcNlx7nTh) 小组介绍： 本小组重点关注具体的商业落地项目，群内有多位公司负责人和已经在商业变现道路上有成功经验的伙伴们，可以给予真实企业需求和变现经验。 小组规划和目标： 1. 前期打好基础，跟上大圣的课程，有任何不懂的小组群里随时沟通，确保自己熟练掌握coze和agent技术，能够在后期和小组成员一起接手企业需求，搭建落地应用。 2. 每个人都输出自己的机器人应用并做公开分享。 小组项目之一： 基于真实企业知识库和测试用例搭建智能客服,以下条件满足任一即可： 1. 有很明确的bot创作想法和规划思路，且前期捏过至少1个完整的bot。 2. 企业需求提供方，能够给组员提供真实商业需求和资料数据，组员可以基于你发布的需求打造符合要求的bot，来提供企业级解决方案。 3. 资源提供方，拥有较多客户资源，可以提供真实客户需求，组员可以基于客户需求搭建企业级落地应用。 4. Ai、软件开发、算法、短视频运营、教培、法律等相关工作或专业（学生），能够提供一定技术、运营和商业能力。 5. 在杭州工作或读书，未来有在Ai这个方向创业想法的，愿意一起搞点事情的。,"[{""id"": ""recMXrzzV5""}]",持续招募中,
李桢,@书卷无尘 （高校教师，教育学、心理学背景）,课程研发智能体,我一直觉得知识应该是结构化， 既然是结构化，就应该可以存储，我的相关工作。 一个课程研发应该分为，需求分析，课程设计，课程研发，课程实施，反馈等多个阶段。 我像通过这一次的学习，研究出来在课程研发这一个工作上的多个智能体协同工作。 我已经测试了部分功能，比如，AI - 飞书问卷的转化逻辑， AI 到 google sheet的批量化出题逻辑，课程开发的ppt制作逻辑。 我想把这一些列工作穿起来。 ,我需要程序员，应该会用到一些代码， 我还需要产品经理， 思考产品维度如何打包。 ,,,
[@Benny](https://s3-imfile.feishucdn.com/static-resource/v1/v3_00bt_5610e734-725f-4e82-80ba-5ceeb19ef34g~?image_size=72x72&cut_type=default-face&quality=&format=jpeg&sticker_format=.webp),[@undefined](https://s1-imfile.feishucdn.com/static-resource/v1/v2_4d9ce1b3-8e6c-48f0-be74-93f62b9b9ffg~?image_size=72x72&cut_type=default-face&quality=&format=jpeg&sticker_format=.webp) ( [@张昊](https://s1-imfile.feishucdn.com/static-resource/v1/v2_4d9ce1b3-8e6c-48f0-be74-93f62b9b9ffg~?image_size=72,面向初创、中小企业的一站式业务数据分析解决方案 （已满（,待修改内容 一、项目目标： 1、主要目标： 行为&业务数据分析：基于产品数据库最新数据，实现业务数据需求的分析与归因输出 （场景举例：Q：近一周，有x行为的用户数量在多少，频次在多少。A：提供数据详情，并做结果分析。） 2、次级目标： 数据监控看板与定期数据报告输出： 2.1、搭建业务漏斗的基础数据每日监控看板（暂定，需确认是否可通过API等形式在其他平台落地可视化看板） 2.2、可日周月维度输出业务数据分析报告。 二、项目背景： 1、目前在做的项目当中因人力资源有限，自己的SQL能力也有限，遂想通过agent来实现数据的清洗保存与对外分析。 三、个人介绍： 4年Fin-techC端产品用增，,1、有相似的目标，足够的落地执行力。 2、目前我们缺少一位有一定编程背景基础的小伙伴～ 如果有小伙伴对此感兴趣，希望一起加入搞事情～ ps：个人倾向3-4人小组的形式，以加强合作沟通的深度。,,,
[@依然派](https://s1-imfile.feishucdn.com/static-resource/v1/v2_6db57204-f545-44e3-8d2e-03e5b794142g~?image_size=72x72&cut_type=default-face&quality=&format=jpeg&sticker_format=.webp),@司空星仪 [@施懿峻](https://s3-imfile.feishucdn.com/static-resource/v1/v2_e2f07ab1-b55e-4ccd-a4a4-686ed079c45g~?image_size=72x72&cut_type=default-face&quality=&format=jpeg&sticker_format=.webp) [@赵珂](https://s1-imfile.feishucdn.com/static-resource/v1/v3_00a4_fb2243cf-f1c8-473d-ac69-0ef3e8394c4g~?image_size,AI学伴,【组长介绍】 某央企总部培训平台总监 十年数智化培训 AGSC游戏化专委会理事、北京会员办负责人 北邮通信技术硕士 教学理论+AI技术+游戏化设计 【项目介绍】 AI对培训行业不是冲击，而是颠覆。 我们计划做一个与传统教学模式不太一样的创新学习项目。 AI学伴简单地说就是用agent模拟一个（或多个）同学伙伴，引导、激励、督促用户完成特定内容的学习。主要运用苏格拉底式教学法一步一步引导启发用户完成知识的学习，辅以一些游戏化激励玩法。 把学习变成一个轻松、日常的行为活动。,对教育培训学习游戏化方面感兴趣 有毅力，有责任感，喜欢挑战、钻研和解决问题 有良好的沟通协作精神 有相对宽裕的时间,,,
,,,,,,,
,,,,,"[{""id"": ""recMXrzzV5""}]",,
[@tang](https://s3-imfile.feishucdn.com/static-resource/v1/v3_00c3_6a71f25d-4a9c-4729-bc90-d4556082cacg~?image_size=72x72&cut_type=default-face&quality=&format=jpeg&sticker_format=.webp), 诚挚欢迎你的加入（限5人）：,工程项目信息搜集和筛选,【组长介绍】 工程公司经营负责人，AI深度热爱者，agent持续进阶中 【项目介绍】 因为行业内有一些朋友，有查询项目信息的需求。我萌生了做工程项目信息搜集和筛选的想法，可以根据用户个性化的需求，通过可研、环评等公开发布的信息收集某地区的项目信息，并结合当地公共资源交易中心等渠道公布的招投标信息识别项目阶段，判断是否已招标。从而实现可跟踪项目自动筛分和推送。,1、有足够的兴趣和时间，愿意认真对待项目工作，能在某方面提供助力；不接受旁观者； 2、还需要程序员，会用到一些代码。 3、还需要在爬取网页内容方面有经验的大神。 4、也欢迎有兴趣、有想法的伙伴一起来落地。如果效果理想的话，考虑推向商用。,,,
[@邓豪](https://s1-imfile.feishucdn.com/static-resource/v1/b20a1cfd-a8e7-4888-b5a6-76d4c249ef5g~?image_size=72x72&cut_type=default-face&quality=&format=jpeg&sticker_format=.webp),[@赵珂](https://s1-imfile.feishucdn.com/static-resource/v1/v3_00a4_fb2243cf-f1c8-473d-ac69-0ef3e8394c4g~?image_size=72x72&cut_type=default-face&quality=&format=jpeg&sticker_format=.webp),青少年自主学习助理,我是一名课程设计师，也是一名PBL导师（Project based learning）。部分工作内容是支持12-18岁青少年的成长和发展。我计划开发一个AI的青少年自主学习助理，根据青少年感兴趣的主题，由AI来设计该主题的单元课、内容、评估任务（小项目），并记录学习者的学习信息，给出评估和进一步学习的建议。,关心青少年成长和发展的朋友，有程序开发经验更好。,,,
列克,列克、子山吾、lgldl、胡南、王小侠、11、ella、招招、王可、[@宋振中](https://s3-imfile.feishucdn.com/static-resource/avatar/v3_00a1_0d0a3231-54bd-4016-9092-40d4605abf9g_48.webp),白莲花大饭店（暂时满员了）,【组长介绍】 1.北京大学硕士研究生——学做芯片的，却在《周易》课程上拿了接近满分； 2.北京大学优秀毕业生、北京市优秀毕业生——去硅谷顶级会议上发表了几篇oral论文，但是因为熬夜太凶了所以让导师替我上台演讲； 3.京东集团做到产品小部门负责人——那会老刘还没塌房，互联网还在上半场，一切都很美好； 4.阿里巴巴高级产品经理——在一个平均晚上10点下班的部门，看着同工区的淘宝同事们每天6点下班； 5.传统行业做到公司副总——走出格子间体会世间冷暖，顺便成为了持证的“一级造价工程师”、“资产评估师”； 6.星鹤国学、舒涵国学产品合伙人——手里捏着一个APP，一堆H5产品，还负责把传统玄学服务用算,1、有足够的兴趣和时间，愿意认真对待项目工作，而不是旁观者。 2、脑洞足够大，喜欢玩AI or 能踏踏实实研究解决技术问题。,,,
,,,,,,,
