编号,期望在本周日切磋大会听到的话题,许个愿吧：对未来的Agent线上/线下的...,提交时间,提交人
1,"["" 5. 一枚扣子：用扣子空间写PPT"", "" 8. 元子：用flowith做一个赛博朋克的电子墓碑网站"", "" 7. DuXiangBin：用自己开发的crevo从用户故事到PRD到代码生成，做大型项目"", "" 2. 幻象AI智能体：用天工来做PPT，搜内容做教程"", "" 1. 韦恩：用秘塔生成课程，快速补齐自己在某些信息上的短板""]",,2025-06-27 22:45:43,"[{""id"": ""ou_dc9996c2b60a42a64896ddcc903a5746"", ""name"": ""元田野""}]"
2,"["" 7. DuXiangBin：用自己开发的crevo从用户故事到PRD到代码生成，做大型项目"", "" 6. 安仔：基于提示词模板的画图工具；和AI一起迭代产品"", "" 4. CT：用cursor写PRD"", "" 3. 许键：用lovart来做出海电商独立站/小程序设计"", "" 2. 幻象AI智能体：用天工来做PPT，搜内容做教程""]",,2025-06-27 22:45:54,"[{""id"": ""ou_14145de5a2a6b150c33900803bbddb1f"", ""name"": ""吴小姐""}]"
3,"["" 3. 许键：用lovart来做出海电商独立站/小程序设计"", "" 4. CT：用cursor写PRD"", "" 6. 安仔：基于提示词模板的画图工具；和AI一起迭代产品""]",,2025-06-27 22:46:22,"[{""id"": ""ou_3de740dfe0d63bca2d09b1672cc421e8"", ""name"": ""田田""}]"
4,"["" 3. 许键：用lovart来做出海电商独立站/小程序设计"", "" 1. 韦恩：用秘塔生成课程，快速补齐自己在某些信息上的短板"", "" 2. 幻象AI智能体：用天工来做PPT，搜内容做教程"", "" 4. CT：用cursor写PRD"", "" 5. 一枚扣子：用扣子空间写PPT""]",,2025-06-27 22:46:39,"[{""id"": ""ou_fcb2e03c6b6509bd63901eb44e6688aa"", ""name"": ""申岳健""}]"
5,"["" 11. 林建：自己开发的网络热点新闻总结工具-闻道AI"", "" 4. CT：用cursor写PRD"", "" 3. 许键：用lovart来做出海电商独立站/小程序设计"", "" 12. 雷君：自研的初中教学题解析工具""]",想听stuart 老师刚刚说的电商提取，给亚马逊评分的插件,2025-06-27 22:47:14,"[{""id"": ""ou_03333653ff8d2db1e47fd4b1fd1b36ae"", ""name"": ""用户948809""}]"
6,"["" 3. 许键：用lovart来做出海电商独立站/小程序设计""]",,2025-06-27 22:47:40,"[{""id"": ""ou_5b5d57dd6437857051701ad2311605d3"", ""name"": ""刘欣""}]"
7,"["" 6. 安仔：基于提示词模板的画图工具；和AI一起迭代产品"", "" 1. 韦恩：用秘塔生成课程，快速补齐自己在某些信息上的短板""]",,2025-06-27 22:48:12,"[{""id"": ""ou_c35f5257ac24d17ad981a194e87bcf1b"", ""name"": ""夏尾""}]"
8,"["" 3. 许键：用lovart来做出海电商独立站/小程序设计"", ""9. 昕（云中歌）：自己开发的AI规划工具""]",,2025-06-27 22:48:18,"[{""id"": ""ou_91edb23ccfcc0188ceb7bb3551f5eb69"", ""name"": ""丫丫""}]"
9,"["" 4. CT：用cursor写PRD"", "" 3. 许键：用lovart来做出海电商独立站/小程序设计"", "" 2. 幻象AI智能体：用天工来做PPT，搜内容做教程"", ""9. 昕（云中歌）：自己开发的AI规划工具"", "" 12. 雷君：自研的初中教学题解析工具""]",想要真实的Agent效果展示,2025-06-27 22:48:23,"[{""id"": ""ou_552998446204c8b676a4b6abf285c8cd"", ""name"": ""🌈AJ""}]"
10,"["" 1. 韦恩：用秘塔生成课程，快速补齐自己在某些信息上的短板"", "" 3. 许键：用lovart来做出海电商独立站/小程序设计"", "" 7. DuXiangBin：用自己开发的crevo从用户故事到PRD到代码生成，做大型项目"", "" 8. 元子：用flowith做一个赛博朋克的电子墓碑网站"", "" 11. 林建：自己开发的网络热点新闻总结工具-闻道AI""]",,2025-06-27 22:48:34,"[{""id"": ""ou_4a5bab8fbf71d858fae86ba007374d6c"", ""name"": ""袁奥""}]"
11,"["" 6. 安仔：基于提示词模板的画图工具；和AI一起迭代产品""]",,2025-06-27 22:48:43,"[{""id"": ""ou_3382ed1f96ded70bc238f63752ead3ed"", ""name"": ""Andreaz""}]"
12,"["" 1. 韦恩：用秘塔生成课程，快速补齐自己在某些信息上的短板"", "" 2. 幻象AI智能体：用天工来做PPT，搜内容做教程""]",,2025-06-27 22:48:53,"[{""id"": ""ou_97a882bea4519bb765ad58ce4fa7b879"", ""name"": ""雷君""}]"
13,"["" 4. CT：用cursor写PRD"", "" 7. DuXiangBin：用自己开发的crevo从用户故事到PRD到代码生成，做大型项目"", "" 3. 许键：用lovart来做出海电商独立站/小程序设计"", "" 1. 韦恩：用秘塔生成课程，快速补齐自己在某些信息上的短板"", "" 11. 林建：自己开发的网络热点新闻总结工具-闻道AI"", ""9. 昕（云中歌）：自己开发的AI规划工具"", "" 2. 幻象AI智能体：用天工来做PPT，搜内容做教程""]",,2025-06-27 22:48:57,"[{""id"": ""ou_a8d69427bdac8014d258383660275e73"", ""name"": ""laetitia""}]"
14,"["" 5. 一枚扣子：用扣子空间写PPT"", "" 8. 元子：用flowith做一个赛博朋克的电子墓碑网站"", "" 12. 雷君：自研的初中教学题解析工具"", "" 11. 林建：自己开发的网络热点新闻总结工具-闻道AI"", "" 7. DuXiangBin：用自己开发的crevo从用户故事到PRD到代码生成，做大型项目"", ""9. 昕（云中歌）：自己开发的AI规划工具""]",,2025-06-27 22:49:06,"[{""id"": ""ou_ced01fdd4c1cc82474ed475403431372"", ""name"": ""用户185968""}]"
15,"["" 1. 韦恩：用秘塔生成课程，快速补齐自己在某些信息上的短板"", "" 3. 许键：用lovart来做出海电商独立站/小程序设计"", "" 6. 安仔：基于提示词模板的画图工具；和AI一起迭代产品"", "" 7. DuXiangBin：用自己开发的crevo从用户故事到PRD到代码生成，做大型项目"", "" 10. Victor：用coze空间做自己的播客站点"", "" 11. 林建：自己开发的网络热点新闻总结工具-闻道AI""]",,2025-06-27 22:49:10,"[{""id"": ""ou_aca399e55d35fd9128de6ddf8d6f7b02"", ""name"": ""王一成""}]"
16,"["" 4. CT：用cursor写PRD"", "" 6. 安仔：基于提示词模板的画图工具；和AI一起迭代产品"", "" 8. 元子：用flowith做一个赛博朋克的电子墓碑网站""]",,2025-06-27 22:49:26,"[{""id"": ""ou_d40f545b1046f6afe4143047ae7dd972"", ""name"": ""王威""}]"
17,"["" 3. 许键：用lovart来做出海电商独立站/小程序设计"", "" 2. 幻象AI智能体：用天工来做PPT，搜内容做教程"", "" 5. 一枚扣子：用扣子空间写PPT"", "" 7. DuXiangBin：用自己开发的crevo从用户故事到PRD到代码生成，做大型项目""]",,2025-06-27 22:49:36,"[{""id"": ""ou_f013553c39eb59ef17616ec307f7001c"", ""name"": ""王""}]"
18,"["" 1. 韦恩：用秘塔生成课程，快速补齐自己在某些信息上的短板"", "" 2. 幻象AI智能体：用天工来做PPT，搜内容做教程"", "" 3. 许键：用lovart来做出海电商独立站/小程序设计"", "" 4. CT：用cursor写PRD"", "" 5. 一枚扣子：用扣子空间写PPT"", "" 7. DuXiangBin：用自己开发的crevo从用户故事到PRD到代码生成，做大型项目"", "" 10. Victor：用coze空间做自己的播客站点""]",,2025-06-27 22:49:50,"[{""id"": ""ou_4d2be0fb1bda33868d7187dcca5776e0"", ""name"": ""魏如斯""}]"
19,"["" 8. 元子：用flowith做一个赛博朋克的电子墓碑网站"", "" 11. 林建：自己开发的网络热点新闻总结工具-闻道AI"", "" 5. 一枚扣子：用扣子空间写PPT"", "" 3. 许键：用lovart来做出海电商独立站/小程序设计"", "" 2. 幻象AI智能体：用天工来做PPT，搜内容做教程"", "" 1. 韦恩：用秘塔生成课程，快速补齐自己在某些信息上的短板"", "" 6. 安仔：基于提示词模板的画图工具；和AI一起迭代产品""]",,2025-06-27 22:50:56,"[{""id"": ""ou_d041b87c26b2df7554c1ba1239e62d0e"", ""name"": ""雨辰""}]"
20,"["" 4. CT：用cursor写PRD"", "" 8. 元子：用flowith做一个赛博朋克的电子墓碑网站"", "" 11. 林建：自己开发的网络热点新闻总结工具-闻道AI"", "" 1. 韦恩：用秘塔生成课程，快速补齐自己在某些信息上的短板"", "" 2. 幻象AI智能体：用天工来做PPT，搜内容做教程"", "" 3. 许键：用lovart来做出海电商独立站/小程序设计"", "" 6. 安仔：基于提示词模板的画图工具；和AI一起迭代产品""]",了解和快速上手最佳实践,2025-06-27 22:51:34,"[{""id"": ""ou_559bb340ed7b41b18d823f3c6a876292"", ""name"": ""翎遥""}]"
21,"["" 3. 许键：用lovart来做出海电商独立站/小程序设计"", "" 5. 一枚扣子：用扣子空间写PPT"", "" 10. Victor：用coze空间做自己的播客站点"", "" 1. 韦恩：用秘塔生成课程，快速补齐自己在某些信息上的短板"", ""9. 昕（云中歌）：自己开发的AI规划工具"", "" 8. 元子：用flowith做一个赛博朋克的电子墓碑网站""]",,2025-06-27 22:52:16,"[{""id"": ""ou_69e8d75cbb5a6f7718f4ed308485bb66"", ""name"": ""123""}]"
22,"["" 10. Victor：用coze空间做自己的播客站点"", "" 1. 韦恩：用秘塔生成课程，快速补齐自己在某些信息上的短板""]",能用来赚钱的,2025-06-27 22:53:30,"[{""id"": ""ou_4a72183c75520ae799ab01dd62ea29e7"", ""name"": ""小鱿鱼""}]"
23,"["" 7. DuXiangBin：用自己开发的crevo从用户故事到PRD到代码生成，做大型项目""]",变现,2025-06-27 22:58:19,"[{""id"": ""ou_8606b262142e1c71fbbcd9b5035a6c8e"", ""name"": ""王星鸿""}]"
24,"["" 7. DuXiangBin：用自己开发的crevo从用户故事到PRD到代码生成，做大型项目"", "" 3. 许键：用lovart来做出海电商独立站/小程序设计""]",,2025-06-27 23:00:56,"[{""id"": ""ou_248c77dfa750e108c34abaa4bdd11348"", ""name"": ""飞""}]"
25,"["" 6. 安仔：基于提示词模板的画图工具；和AI一起迭代产品""]",,2025-06-27 23:07:01,"[{""id"": ""ou_2ead98686f38a4e30ac747b27c79ee8d"", ""name"": ""安仔""}]"
26,"["" 1. 韦恩：用秘塔生成课程，快速补齐自己在某些信息上的短板"", "" 3. 许键：用lovart来做出海电商独立站/小程序设计"", "" 5. 一枚扣子：用扣子空间写PPT""]",,2025-06-27 23:07:04,"[{""id"": ""ou_19bd7af83ade7862dfb6059c21cfe2b8"", ""name"": ""会魔法的大人""}]"
27,"["" 1. 韦恩：用秘塔生成课程，快速补齐自己在某些信息上的短板"", "" 6. 安仔：基于提示词模板的画图工具；和AI一起迭代产品""]",,2025-06-27 23:07:17,"[{""id"": ""ou_67574807a2268f6c73af7222d8b4dbc4"", ""name"": ""寻鱼""}]"
28,"["" 11. 林建：自己开发的网络热点新闻总结工具-闻道AI""]",,2025-06-27 23:07:20,"[{""id"": ""ou_f3a34890538ea97ca009f82bdcbc9802"", ""name"": ""笨笨v泡泡""}]"
29,"["" 11. 林建：自己开发的网络热点新闻总结工具-闻道AI""]",企业出海的智能体,2025-06-27 23:07:35,"[{""id"": ""ou_32fff8d7a10bcacc4fdd876ec2764ffd"", ""name"": ""林建""}]"
30,"["" 5. 一枚扣子：用扣子空间写PPT"", "" 4. CT：用cursor写PRD""]",,2025-06-27 23:07:35,"[{""id"": ""ou_87e205aca396b91231e77f72b0cf9728"", ""name"": ""周兴旺""}]"
31,"["" 6. 安仔：基于提示词模板的画图工具；和AI一起迭代产品""]",,2025-06-27 23:07:44,"[{""id"": ""ou_09c57908f3b5f4a0ca42747acd1dc18a"", ""name"": ""唐红""}]"
32,"["" 1. 韦恩：用秘塔生成课程，快速补齐自己在某些信息上的短板"", ""9. 昕（云中歌）：自己开发的AI规划工具"", "" 12. 雷君：自研的初中教学题解析工具""]",,2025-06-27 23:08:04,"[{""id"": ""ou_efdfd25c05c0ca66aa0be93df3108eb1"", ""name"": ""不做墨迹怪""}]"
33,"["" 4. CT：用cursor写PRD"", "" 5. 一枚扣子：用扣子空间写PPT"", "" 8. 元子：用flowith做一个赛博朋克的电子墓碑网站"", "" 3. 许键：用lovart来做出海电商独立站/小程序设计"", "" 10. Victor：用coze空间做自己的播客站点""]",,2025-06-27 23:08:07,"[{""id"": ""ou_025fd88d56e1c4a6bf98c37015dbe73b"", ""name"": ""飞书用户7750WA""}]"
34,"["" 3. 许键：用lovart来做出海电商独立站/小程序设计"", "" 5. 一枚扣子：用扣子空间写PPT"", "" 6. 安仔：基于提示词模板的画图工具；和AI一起迭代产品"", "" 8. 元子：用flowith做一个赛博朋克的电子墓碑网站"", ""9. 昕（云中歌）：自己开发的AI规划工具""]",,2025-06-27 23:08:24,"[{""id"": ""ou_da40d6ae6db8cd7f831e92c66bf7ee6b"", ""name"": ""胡凯翔""}]"
35,"["" 3. 许键：用lovart来做出海电商独立站/小程序设计"", "" 1. 韦恩：用秘塔生成课程，快速补齐自己在某些信息上的短板"", "" 2. 幻象AI智能体：用天工来做PPT，搜内容做教程"", "" 4. CT：用cursor写PRD"", "" 5. 一枚扣子：用扣子空间写PPT"", "" 6. 安仔：基于提示词模板的画图工具；和AI一起迭代产品"", "" 7. DuXiangBin：用自己开发的crevo从用户故事到PRD到代码生成，做大型项目"", "" 8. 元子：用flowith做一个赛博朋克的电子墓碑网站"", ""9. 昕（云中歌）：自己开发的AI规划工具"", "" 10. Victor：用co",全选了，大家思维都好棒👍,2025-06-27 23:08:26,"[{""id"": ""ou_372fc902bf6986aaa9b975832abc2c69"", ""name"": ""C""}]"
36,"["" 3. 许键：用lovart来做出海电商独立站/小程序设计"", ""9. 昕（云中歌）：自己开发的AI规划工具"", "" 1. 韦恩：用秘塔生成课程，快速补齐自己在某些信息上的短板"", "" 11. 林建：自己开发的网络热点新闻总结工具-闻道AI""]",,2025-06-27 23:08:37,"[{""id"": ""ou_b7e29f59492574c8083c6d58b875b36b"", ""name"": ""飞书用户3086ZU""}]"
37,"["" 3. 许键：用lovart来做出海电商独立站/小程序设计"", "" 4. CT：用cursor写PRD""]",怎么做个人网站，能有前端后端的那种，能后续修改的，而且小白相对比较好上手,2025-06-27 23:09:14,"[{""id"": ""ou_2f68bdca67d91736aad0f56fbd8e6e14"", ""name"": ""lqs""}]"
38,"["" 1. 韦恩：用秘塔生成课程，快速补齐自己在某些信息上的短板"", "" 4. CT：用cursor写PRD"", "" 8. 元子：用flowith做一个赛博朋克的电子墓碑网站"", "" 10. Victor：用coze空间做自己的播客站点""]",,2025-06-27 23:12:40,"[{""id"": ""ou_50a0a6bfaaf03ea8d1598d522dfee4ac"", ""name"": ""飞书用户8554RE""}]"
39,"["" 11. 林建：自己开发的网络热点新闻总结工具-闻道AI""]",,2025-06-27 23:12:47,"[{""id"": ""ou_08f6a6a60ea428693de08e40dc5c80ea"", ""name"": ""汪星行""}]"
40,"["" 1. 韦恩：用秘塔生成课程，快速补齐自己在某些信息上的短板"", "" 10. Victor：用coze空间做自己的播客站点"", "" 3. 许键：用lovart来做出海电商独立站/小程序设计""]",希望后续多多办开放麦式分享,2025-06-27 23:16:00,"[{""id"": ""ou_c40cd0804d2306e2b19613d5f9f76e08"", ""name"": ""Victor""}]"
41,"["" 3. 许键：用lovart来做出海电商独立站/小程序设计""]",希望可以分不同的类型，比如工具的使用一类、商业化和找场景是一类、介绍自己的作品是一类,2025-06-27 23:24:44,"[{""id"": ""ou_9f1cd868a3f1d7a3921da003d11c2c96"", ""name"": ""卡卡""}]"
42,"["" 3. 许键：用lovart来做出海电商独立站/小程序设计""]",,2025-06-27 23:40:07,"[{""id"": ""ou_6c06f73e015322306d3571875a213d8a"", ""name"": ""高雁""}]"
43,"["" 3. 许键：用lovart来做出海电商独立站/小程序设计""]",,2025-06-27 23:42:10,"[{""id"": ""ou_eb4117f449dea638a74c9a9a75d83c0c"", ""name"": ""李娜""}]"
44,"["" 8. 元子：用flowith做一个赛博朋克的电子墓碑网站"", "" 7. DuXiangBin：用自己开发的crevo从用户故事到PRD到代码生成，做大型项目""]",,2025-06-27 23:42:33,"[{""id"": ""ou_874b78d14eb971cf5d2fb5c9d105af13"", ""name"": ""fifi""}]"
45,"["" 4. CT：用cursor写PRD"", "" 7. DuXiangBin：用自己开发的crevo从用户故事到PRD到代码生成，做大型项目"", "" 10. Victor：用coze空间做自己的播客站点"", ""9. 昕（云中歌）：自己开发的AI规划工具""]",,2025-06-27 23:42:40,"[{""id"": ""ou_a3680136dbbbac9960014254f378f9ba"", ""name"": ""陈威朵""}]"
46,"["" 1. 韦恩：用秘塔生成课程，快速补齐自己在某些信息上的短板"", ""9. 昕（云中歌）：自己开发的AI规划工具"", "" 10. Victor：用coze空间做自己的播客站点"", "" 11. 林建：自己开发的网络热点新闻总结工具-闻道AI"", "" 6. 安仔：基于提示词模板的画图工具；和AI一起迭代产品"", "" 7. DuXiangBin：用自己开发的crevo从用户故事到PRD到代码生成，做大型项目""]",,2025-06-27 23:42:53,"[{""id"": ""ou_7ab565a7cbe413c81dc9b54c6408ec97"", ""name"": ""朱宏坤""}]"
47,"["" 1. 韦恩：用秘塔生成课程，快速补齐自己在某些信息上的短板"", "" 2. 幻象AI智能体：用天工来做PPT，搜内容做教程"", "" 3. 许键：用lovart来做出海电商独立站/小程序设计"", "" 5. 一枚扣子：用扣子空间写PPT""]",,2025-06-27 23:43:02,"[{""id"": ""ou_f9222d1e99d055b3de247566a07edbbb"", ""name"": ""鸭脖""}]"
48,"["" 6. 安仔：基于提示词模板的画图工具；和AI一起迭代产品"", "" 7. DuXiangBin：用自己开发的crevo从用户故事到PRD到代码生成，做大型项目"", "" 4. CT：用cursor写PRD"", "" 3. 许键：用lovart来做出海电商独立站/小程序设计""]",,2025-06-27 23:45:24,"[{""id"": ""ou_4a64c003af6a1ff155e8d618793a66da"", ""name"": ""鱼得水""}]"
49,"["" 5. 一枚扣子：用扣子空间写PPT"", "" 1. 韦恩：用秘塔生成课程，快速补齐自己在某些信息上的短板"", "" 3. 许键：用lovart来做出海电商独立站/小程序设计""]",,2025-06-27 23:45:52,"[{""id"": ""ou_44be5e5e9d12e281f954e697c1e179c4"", ""name"": ""咯咯哒""}]"
50,"["" 3. 许键：用lovart来做出海电商独立站/小程序设计"", "" 5. 一枚扣子：用扣子空间写PPT"", "" 12. 雷君：自研的初中教学题解析工具""]",看到现在知识库有很多人分享了agent，感觉agent好像也可以商业化，但是比如大家都做了一个可以写剧本的agent，那么如何评价agent的好坏，agent如何商业化？,2025-06-27 23:46:55,"[{""id"": ""ou_5e4ed02a1b928ea00557a22c91ab5ba0"", ""name"": ""刘倩""}]"
51,"["" 1. 韦恩：用秘塔生成课程，快速补齐自己在某些信息上的短板"", "" 7. DuXiangBin：用自己开发的crevo从用户故事到PRD到代码生成，做大型项目"", ""9. 昕（云中歌）：自己开发的AI规划工具"", "" 11. 林建：自己开发的网络热点新闻总结工具-闻道AI"", "" 3. 许键：用lovart来做出海电商独立站/小程序设计""]",实用性强,2025-06-27 23:47:31,"[{""id"": ""ou_9179427bb5ffc6287897f80b10f4c267"", ""name"": ""余明珊""}]"
52,"[""9. 昕（云中歌）：自己开发的AI规划工具"", "" 3. 许键：用lovart来做出海电商独立站/小程序设计""]",,2025-06-27 23:48:42,"[{""id"": ""ou_490ad940615a5e0b2fa54ce033f744b1"", ""name"": ""x""}]"
53,"["" 7. DuXiangBin：用自己开发的crevo从用户故事到PRD到代码生成，做大型项目"", "" 6. 安仔：基于提示词模板的画图工具；和AI一起迭代产品"", "" 4. CT：用cursor写PRD"", "" 3. 许键：用lovart来做出海电商独立站/小程序设计"", "" 2. 幻象AI智能体：用天工来做PPT，搜内容做教程"", "" 1. 韦恩：用秘塔生成课程，快速补齐自己在某些信息上的短板"", "" 5. 一枚扣子：用扣子空间写PPT""]",,2025-06-27 23:48:47,"[{""id"": ""ou_05eca49cb64a981212c99dbf04ca0712"", ""name"": ""chamelyy""}]"
54,"["" 1. 韦恩：用秘塔生成课程，快速补齐自己在某些信息上的短板"", "" 2. 幻象AI智能体：用天工来做PPT，搜内容做教程"", "" 3. 许键：用lovart来做出海电商独立站/小程序设计"", "" 4. CT：用cursor写PRD"", "" 5. 一枚扣子：用扣子空间写PPT"", "" 6. 安仔：基于提示词模板的画图工具；和AI一起迭代产品"", "" 7. DuXiangBin：用自己开发的crevo从用户故事到PRD到代码生成，做大型项目"", "" 8. 元子：用flowith做一个赛博朋克的电子墓碑网站"", ""9. 昕（云中歌）：自己开发的AI规划工具"", "" 10. Victor：用co",好想听多一点分享的，来多一点启发啊！因为论动手能力，我自己一个人干也行！,2025-06-27 23:48:56,"[{""id"": ""ou_53a9153ef9d194041e860b701582bedb"", ""name"": ""陈""}]"
55,"["" 3. 许键：用lovart来做出海电商独立站/小程序设计"", "" 4. CT：用cursor写PRD"", "" 5. 一枚扣子：用扣子空间写PPT"", "" 6. 安仔：基于提示词模板的画图工具；和AI一起迭代产品"", ""9. 昕（云中歌）：自己开发的AI规划工具""]",结合一些落地的商业案例去分享,2025-06-27 23:49:21,"[{""id"": ""ou_4b1dd17701bb21c749406ee993941c1b"", ""name"": ""马克西姆""}]"
56,"["" 6. 安仔：基于提示词模板的画图工具；和AI一起迭代产品"", "" 10. Victor：用coze空间做自己的播客站点"", "" 3. 许键：用lovart来做出海电商独立站/小程序设计""]",编剧Agent,2025-06-27 23:49:33,"[{""id"": ""ou_67c2399c1841acbe19b51d6d6cdd858a"", ""name"": ""盈书一室""}]"
57,"["" 1. 韦恩：用秘塔生成课程，快速补齐自己在某些信息上的短板""]",,2025-06-27 23:52:39,"[{""id"": ""ou_db8063e8d0b828755a1ed19797216cc0"", ""name"": ""刘二房""}]"
58,"["" 2. 幻象AI智能体：用天工来做PPT，搜内容做教程"", "" 3. 许键：用lovart来做出海电商独立站/小程序设计"", "" 4. CT：用cursor写PRD"", "" 8. 元子：用flowith做一个赛博朋克的电子墓碑网站""]",,2025-06-27 23:53:32,"[{""id"": ""ou_603769244a22a8d40f89ff349992c2f1"", ""name"": ""PIKA""}]"
59,"["" 11. 林建：自己开发的网络热点新闻总结工具-闻道AI"", "" 1. 韦恩：用秘塔生成课程，快速补齐自己在某些信息上的短板"", "" 3. 许键：用lovart来做出海电商独立站/小程序设计"", "" 5. 一枚扣子：用扣子空间写PPT"", "" 10. Victor：用coze空间做自己的播客站点""]",,2025-06-27 23:54:04,"[{""id"": ""ou_69254e46138d36fbbd8e672005bd2b35"", ""name"": ""飞书用户5387CN""}]"
60,"["" 12. 雷君：自研的初中教学题解析工具"", "" 11. 林建：自己开发的网络热点新闻总结工具-闻道AI"", ""9. 昕（云中歌）：自己开发的AI规划工具"", "" 8. 元子：用flowith做一个赛博朋克的电子墓碑网站"", "" 7. DuXiangBin：用自己开发的crevo从用户故事到PRD到代码生成，做大型项目"", "" 6. 安仔：基于提示词模板的画图工具；和AI一起迭代产品""]",,2025-06-27 23:54:33,"[{""id"": ""ou_83ec8ceb6d703a56fd1ba79f2079af09"", ""name"": ""宋欣""}]"
61,"["" 10. Victor：用coze空间做自己的播客站点"", "" 7. DuXiangBin：用自己开发的crevo从用户故事到PRD到代码生成，做大型项目"", "" 5. 一枚扣子：用扣子空间写PPT"", "" 2. 幻象AI智能体：用天工来做PPT，搜内容做教程""]",,2025-06-27 23:54:33,"[{""id"": ""ou_17f05568796b16efad34484b0e9291cf"", ""name"": ""飞书用户9994CK""}]"
62,"["" 11. 林建：自己开发的网络热点新闻总结工具-闻道AI"", ""9. 昕（云中歌）：自己开发的AI规划工具""]",,2025-06-27 23:54:40,"[{""id"": ""ou_34e54b844de19c9888245bd254f89b30"", ""name"": ""蒋梓恺""}]"
63,"["" 11. 林建：自己开发的网络热点新闻总结工具-闻道AI"", "" 3. 许键：用lovart来做出海电商独立站/小程序设计""]",,2025-06-27 23:54:42,"[{""id"": ""ou_0f1f8210e9c467cb4cf81c599a6b4013"", ""name"": ""招财武""}]"
64,"["" 12. 雷君：自研的初中教学题解析工具"", "" 4. CT：用cursor写PRD"", "" 3. 许键：用lovart来做出海电商独立站/小程序设计"", "" 1. 韦恩：用秘塔生成课程，快速补齐自己在某些信息上的短板""]",,2025-06-27 23:54:43,"[{""id"": ""ou_b56154a90a6ec99bf34885ca6317d633"", ""name"": ""张兴""}]"
65,"["" 1. 韦恩：用秘塔生成课程，快速补齐自己在某些信息上的短板"", "" 4. CT：用cursor写PRD"", ""9. 昕（云中歌）：自己开发的AI规划工具""]",,2025-06-27 23:54:44,"[{""id"": ""ou_eea95af29dcb04589eb420bb8b664510"", ""name"": ""飞书用户9293CL""}]"
66,"["" 1. 韦恩：用秘塔生成课程，快速补齐自己在某些信息上的短板"", "" 7. DuXiangBin：用自己开发的crevo从用户故事到PRD到代码生成，做大型项目"", ""9. 昕（云中歌）：自己开发的AI规划工具""]",,2025-06-27 23:54:59,"[{""id"": ""ou_96bca5586ee5604edabbc5d5f5c5c2b6"", ""name"": ""叶春毅""}]"
67,"["" 3. 许键：用lovart来做出海电商独立站/小程序设计"", "" 2. 幻象AI智能体：用天工来做PPT，搜内容做教程"", "" 6. 安仔：基于提示词模板的画图工具；和AI一起迭代产品"", "" 8. 元子：用flowith做一个赛博朋克的电子墓碑网站"", "" 10. Victor：用coze空间做自己的播客站点"", "" 7. DuXiangBin：用自己开发的crevo从用户故事到PRD到代码生成，做大型项目"", ""9. 昕（云中歌）：自己开发的AI规划工具"", "" 1. 韦恩：用秘塔生成课程，快速补齐自己在某些信息上的短板"", "" 4. CT：用cursor写PRD""]",,2025-06-27 23:55:05,"[{""id"": ""ou_c1e254d895b4d6321d765edd917e33e6"", ""name"": ""张钧皓""}]"
68,"["" 1. 韦恩：用秘塔生成课程，快速补齐自己在某些信息上的短板"", "" 3. 许键：用lovart来做出海电商独立站/小程序设计"", "" 4. CT：用cursor写PRD"", "" 5. 一枚扣子：用扣子空间写PPT"", "" 7. DuXiangBin：用自己开发的crevo从用户故事到PRD到代码生成，做大型项目"", "" 8. 元子：用flowith做一个赛博朋克的电子墓碑网站"", ""9. 昕（云中歌）：自己开发的AI规划工具"", "" 11. 林建：自己开发的网络热点新闻总结工具-闻道AI""]",,2025-06-27 23:55:11,"[{""id"": ""ou_bd5552331450c53be8b1cccc6e36ce4a"", ""name"": ""苏慕""}]"
69,"["" 1. 韦恩：用秘塔生成课程，快速补齐自己在某些信息上的短板"", "" 2. 幻象AI智能体：用天工来做PPT，搜内容做教程"", "" 3. 许键：用lovart来做出海电商独立站/小程序设计"", "" 4. CT：用cursor写PRD"", "" 5. 一枚扣子：用扣子空间写PPT"", "" 6. 安仔：基于提示词模板的画图工具；和AI一起迭代产品"", "" 7. DuXiangBin：用自己开发的crevo从用户故事到PRD到代码生成，做大型项目"", "" 8. 元子：用flowith做一个赛博朋克的电子墓碑网站"", ""9. 昕（云中歌）：自己开发的AI规划工具"", "" 10. Victor：用co",一定要有直播回放,2025-06-27 23:55:11,"[{""id"": ""ou_9dca13e4add3b7fce323b2745a2478be"", ""name"": ""昕怡""}]"
70,"["" 4. CT：用cursor写PRD"", "" 3. 许键：用lovart来做出海电商独立站/小程序设计""]",,2025-06-27 23:55:13,"[{""id"": ""ou_ba5fe4c1f9867d4ab7b83cba5dece1c9"", ""name"": ""魏晓峰""}]"
71,"["" 2. 幻象AI智能体：用天工来做PPT，搜内容做教程"", "" 4. CT：用cursor写PRD"", "" 5. 一枚扣子：用扣子空间写PPT"", "" 8. 元子：用flowith做一个赛博朋克的电子墓碑网站"", "" 10. Victor：用coze空间做自己的播客站点"", "" 1. 韦恩：用秘塔生成课程，快速补齐自己在某些信息上的短板"", "" 3. 许键：用lovart来做出海电商独立站/小程序设计"", "" 7. DuXiangBin：用自己开发的crevo从用户故事到PRD到代码生成，做大型项目""]",,2025-06-27 23:55:24,"[{""id"": ""ou_82be7a309891f7ecb28dd1cadb6f4848"", ""name"": ""陆奇""}]"
72,"["" 1. 韦恩：用秘塔生成课程，快速补齐自己在某些信息上的短板"", "" 2. 幻象AI智能体：用天工来做PPT，搜内容做教程"", "" 3. 许键：用lovart来做出海电商独立站/小程序设计"", "" 4. CT：用cursor写PRD"", "" 5. 一枚扣子：用扣子空间写PPT"", "" 6. 安仔：基于提示词模板的画图工具；和AI一起迭代产品"", "" 7. DuXiangBin：用自己开发的crevo从用户故事到PRD到代码生成，做大型项目"", "" 8. 元子：用flowith做一个赛博朋克的电子墓碑网站"", ""9. 昕（云中歌）：自己开发的AI规划工具"", "" 10. Victor：用co",,2025-06-27 23:55:40,"[{""id"": ""ou_dc2247b79ba35d93f4f625b607a6e4de"", ""name"": ""醒狮""}]"
73,"["" 12. 雷君：自研的初中教学题解析工具""]",,2025-06-27 23:55:45,"[{""id"": ""ou_15f96dc52855e627a6cc303c663f4579"", ""name"": ""飞书用户1954NA""}]"
74,"["" 5. 一枚扣子：用扣子空间写PPT"", "" 8. 元子：用flowith做一个赛博朋克的电子墓碑网站"", "" 10. Victor：用coze空间做自己的播客站点"", "" 3. 许键：用lovart来做出海电商独立站/小程序设计""]",,2025-06-27 23:55:49,"[{""id"": ""ou_a9d99d1ff592f29a4868e78eb0907e6d"", ""name"": ""津津""}]"
75,"["" 3. 许键：用lovart来做出海电商独立站/小程序设计"", "" 4. CT：用cursor写PRD"", "" 11. 林建：自己开发的网络热点新闻总结工具-闻道AI"", "" 7. DuXiangBin：用自己开发的crevo从用户故事到PRD到代码生成，做大型项目""]",,2025-06-27 23:55:52,"[{""id"": ""ou_b493834176340ab810280d4437a71b0f"", ""name"": ""甄宏彪""}]"
76,"[""9. 昕（云中歌）：自己开发的AI规划工具"", "" 3. 许键：用lovart来做出海电商独立站/小程序设计"", "" 7. DuXiangBin：用自己开发的crevo从用户故事到PRD到代码生成，做大型项目""]",,2025-06-27 23:55:52,"[{""id"": ""ou_c6f90dfbb194d1080b5f4814ef4db3cf"", ""name"": ""赵锐""}]"
77,"["" 4. CT：用cursor写PRD""]",如何接智能体商单,2025-06-27 23:55:54,"[{""id"": ""ou_f30feefdfc3c5ccc0e31c5fe2e6dfa15"", ""name"": ""黄钊钊""}]"
78,"["" 1. 韦恩：用秘塔生成课程，快速补齐自己在某些信息上的短板""]",,2025-06-27 23:56:05,"[{""id"": ""ou_fa6f0685d644024125155b2af03c370d"", ""name"": ""闲闲的小鱼""}]"
79,"["" 5. 一枚扣子：用扣子空间写PPT"", "" 8. 元子：用flowith做一个赛博朋克的电子墓碑网站"", "" 1. 韦恩：用秘塔生成课程，快速补齐自己在某些信息上的短板"", ""9. 昕（云中歌）：自己开发的AI规划工具""]",,2025-06-27 23:56:13,"[{""id"": ""ou_cd2391a8244b6f2ef1b840cbbeea62f6"", ""name"": ""熙熙""}]"
80,"["" 7. DuXiangBin：用自己开发的crevo从用户故事到PRD到代码生成，做大型项目"", "" 3. 许键：用lovart来做出海电商独立站/小程序设计"", ""9. 昕（云中歌）：自己开发的AI规划工具"", "" 11. 林建：自己开发的网络热点新闻总结工具-闻道AI""]",,2025-06-27 23:56:17,"[{""id"": ""ou_078d75bfcf1f9da495e74e492d89af53"", ""name"": ""张美萱""}]"
81,"["" 3. 许键：用lovart来做出海电商独立站/小程序设计"", "" 4. CT：用cursor写PRD"", "" 6. 安仔：基于提示词模板的画图工具；和AI一起迭代产品"", "" 5. 一枚扣子：用扣子空间写PPT"", "" 11. 林建：自己开发的网络热点新闻总结工具-闻道AI"", "" 7. DuXiangBin：用自己开发的crevo从用户故事到PRD到代码生成，做大型项目"", "" 12. 雷君：自研的初中教学题解析工具""]",暂无,2025-06-27 23:56:26,"[{""id"": ""ou_e015bb39c125ba686d1d431b7cdcd2ad"", ""name"": ""朱冠军""}]"
82,"["" 3. 许键：用lovart来做出海电商独立站/小程序设计"", "" 4. CT：用cursor写PRD""]",,2025-06-27 23:56:53,"[{""id"": ""ou_207f49cf04f877d90d13e89cadff7cc9"", ""name"": ""路文斌""}]"
83,"["" 3. 许键：用lovart来做出海电商独立站/小程序设计"", "" 8. 元子：用flowith做一个赛博朋克的电子墓碑网站"", "" 7. DuXiangBin：用自己开发的crevo从用户故事到PRD到代码生成，做大型项目"", "" 11. 林建：自己开发的网络热点新闻总结工具-闻道AI"", ""9. 昕（云中歌）：自己开发的AI规划工具""]",,2025-06-27 23:57:02,"[{""id"": ""ou_a8cfaa66ec7f406b82d702f28a112cdc"", ""name"": ""NEIL""}]"
84,"["" 12. 雷君：自研的初中教学题解析工具""]",多智能体在教育领域的应用,2025-06-27 23:57:31,"[{""id"": ""ou_5b3da54a92488aac18a7580566df232a"", ""name"": ""清尘""}]"
85,"["" 3. 许键：用lovart来做出海电商独立站/小程序设计"", ""9. 昕（云中歌）：自己开发的AI规划工具"", "" 5. 一枚扣子：用扣子空间写PPT""]",,2025-06-27 23:57:33,"[{""id"": ""ou_97bbf57f1d356d245c3eb92fb09da0a2"", ""name"": ""袁""}]"
86,"["" 4. CT：用cursor写PRD"", "" 7. DuXiangBin：用自己开发的crevo从用户故事到PRD到代码生成，做大型项目"", "" 1. 韦恩：用秘塔生成课程，快速补齐自己在某些信息上的短板""]",希望能介绍一下 dify 中的循环和迭代的用法,2025-06-27 23:58:17,"[{""id"": ""ou_e2f885afe4b9956717441f262fee9a54"", ""name"": ""陈帅""}]"
87,"["" 11. 林建：自己开发的网络热点新闻总结工具-闻道AI"", "" 6. 安仔：基于提示词模板的画图工具；和AI一起迭代产品"", "" 10. Victor：用coze空间做自己的播客站点"", ""9. 昕（云中歌）：自己开发的AI规划工具""]",产业洞察agent: 趋势洞察、技术洞察、用户洞察,2025-06-27 23:58:28,"[{""id"": ""ou_0154622872ac9be14a3dbd14f84d090a"", ""name"": ""蔡茫""}]"
88,"["" 1. 韦恩：用秘塔生成课程，快速补齐自己在某些信息上的短板"", ""9. 昕（云中歌）：自己开发的AI规划工具""]",,2025-06-27 23:58:30,"[{""id"": ""ou_8f7a5629753074ee494f3a4241b90c30"", ""name"": ""苏凌峰""}]"
89,"["" 1. 韦恩：用秘塔生成课程，快速补齐自己在某些信息上的短板"", ""9. 昕（云中歌）：自己开发的AI规划工具"", "" 11. 林建：自己开发的网络热点新闻总结工具-闻道AI""]",获得更多接地气的实战agent,2025-06-27 23:58:36,"[{""id"": ""ou_ae3031860c57a3184833967cdfb5fb9d"", ""name"": ""李童""}]"
90,"["" 7. DuXiangBin：用自己开发的crevo从用户故事到PRD到代码生成，做大型项目""]",做接入mcp的移动端个人AI助理,2025-06-27 23:58:42,"[{""id"": ""ou_f5d34b042431b4384c295cf8531c6673"", ""name"": ""曾睿""}]"
91,"["" 1. 韦恩：用秘塔生成课程，快速补齐自己在某些信息上的短板"", "" 6. 安仔：基于提示词模板的画图工具；和AI一起迭代产品"", "" 10. Victor：用coze空间做自己的播客站点"", "" 11. 林建：自己开发的网络热点新闻总结工具-闻道AI""]",想要研究个能自动生成想要的高质量的竖屏短剧剧本的Agent；还有就是一键式短视频从文本到分镜到剪辑成片的Agent；能自动抓取分析特定短剧或电影的拉片Agent,2025-06-27 23:58:50,"[{""id"": ""ou_00c3c0f4c380ba0eece05cd08ff0d516"", ""name"": ""朱成""}]"
92,"["" 3. 许键：用lovart来做出海电商独立站/小程序设计"", ""9. 昕（云中歌）：自己开发的AI规划工具""]",,2025-06-27 23:58:54,"[{""id"": ""ou_2174987425466b01ba92f4b9ab011da1"", ""name"": ""叶桐""}]"
93,"[""9. 昕（云中歌）：自己开发的AI规划工具"", "" 1. 韦恩：用秘塔生成课程，快速补齐自己在某些信息上的短板""]",,2025-06-27 23:59:01,"[{""id"": ""ou_a70e9fd40f50773dc36f0fc6b6bdec3d"", ""name"": ""龚海""}]"
94,"["" 6. 安仔：基于提示词模板的画图工具；和AI一起迭代产品"", ""9. 昕（云中歌）：自己开发的AI规划工具"", "" 7. DuXiangBin：用自己开发的crevo从用户故事到PRD到代码生成，做大型项目"", "" 10. Victor：用coze空间做自己的播客站点"", "" 12. 雷君：自研的初中教学题解析工具"", "" 5. 一枚扣子：用扣子空间写PPT""]",,2025-06-27 23:59:04,"[{""id"": ""ou_a2cd379a31f20674ca037cb100b91a9e"", ""name"": ""于健镕""}]"
95,"["" 5. 一枚扣子：用扣子空间写PPT"", "" 11. 林建：自己开发的网络热点新闻总结工具-闻道AI"", "" 1. 韦恩：用秘塔生成课程，快速补齐自己在某些信息上的短板"", "" 10. Victor：用coze空间做自己的播客站点""]",当天的分享主题议程，时间。交流环节,2025-06-27 23:59:34,"[{""id"": ""ou_047e0bd4353b4f2117e9a5eaff913993"", ""name"": ""Vince ""}]"
96,"["" 3. 许键：用lovart来做出海电商独立站/小程序设计"", "" 6. 安仔：基于提示词模板的画图工具；和AI一起迭代产品"", "" 7. DuXiangBin：用自己开发的crevo从用户故事到PRD到代码生成，做大型项目"", "" 10. Victor：用coze空间做自己的播客站点"", "" 11. 林建：自己开发的网络热点新闻总结工具-闻道AI"", "" 1. 韦恩：用秘塔生成课程，快速补齐自己在某些信息上的短板""]",,2025-06-27 23:59:53,"[{""id"": ""ou_fc867e80feada6b833d045b47aa31acd"", ""name"": ""周先生""}]"
97,"["" 5. 一枚扣子：用扣子空间写PPT""]",,2025-06-27 23:59:55,"[{""id"": ""ou_d9b1d86901564f868fb493d397ca0d03"", ""name"": ""飞书用户1709FU""}]"
98,"["" 4. CT：用cursor写PRD"", "" 7. DuXiangBin：用自己开发的crevo从用户故事到PRD到代码生成，做大型项目""]",,2025-06-28 00:01:46,"[{""id"": ""ou_d1057bff4bfb0e16b96ed8bfa8280fdf"", ""name"": ""蔡一通""}]"
99,"["" 1. 韦恩：用秘塔生成课程，快速补齐自己在某些信息上的短板"", "" 3. 许键：用lovart来做出海电商独立站/小程序设计"", "" 4. CT：用cursor写PRD"", "" 7. DuXiangBin：用自己开发的crevo从用户故事到PRD到代码生成，做大型项目"", ""9. 昕（云中歌）：自己开发的AI规划工具"", "" 11. 林建：自己开发的网络热点新闻总结工具-闻道AI""]",,2025-06-28 00:02:42,"[{""id"": ""ou_f9edc48b0caf4ddfddb4d7be12a609df"", ""name"": ""用户963531""}]"
100,"["" 4. CT：用cursor写PRD"", "" 10. Victor：用coze空间做自己的播客站点"", "" 11. 林建：自己开发的网络热点新闻总结工具-闻道AI"", "" 7. DuXiangBin：用自己开发的crevo从用户故事到PRD到代码生成，做大型项目"", ""9. 昕（云中歌）：自己开发的AI规划工具""]",,2025-06-28 00:02:54,"[{""id"": ""ou_0833a6765253d96a8ff7ef03e94a6f9c"", ""name"": ""孔红英""}]"
101,"["" 12. 雷君：自研的初中教学题解析工具"", ""9. 昕（云中歌）：自己开发的AI规划工具"", "" 1. 韦恩：用秘塔生成课程，快速补齐自己在某些信息上的短板"", "" 7. DuXiangBin：用自己开发的crevo从用户故事到PRD到代码生成，做大型项目"", "" 3. 许键：用lovart来做出海电商独立站/小程序设计""]",,2025-06-28 00:03:42,"[{""id"": ""ou_aa172767686711663a372a21ecb9db5c"", ""name"": ""黄高琴""}]"
102,"["" 3. 许键：用lovart来做出海电商独立站/小程序设计""]",ai时代，什么样的人是时代所需要的 ,2025-06-28 00:03:55,"[{""id"": ""ou_3c42c0ad27dc347cf7ac6540af5ab6e7"", ""name"": ""用户123272""}]"
104,"["" 3. 许键：用lovart来做出海电商独立站/小程序设计"", "" 4. CT：用cursor写PRD"", "" 8. 元子：用flowith做一个赛博朋克的电子墓碑网站"", "" 11. 林建：自己开发的网络热点新闻总结工具-闻道AI""]",更实用！我是产品经理/运营增长，想听更多案例分享,2025-06-28 00:04:10,"[{""id"": ""ou_acee2afda25faaaee97ef8dfd86ac7b8"", ""name"": ""好好""}]"
105,"["" 1. 韦恩：用秘塔生成课程，快速补齐自己在某些信息上的短板"", "" 2. 幻象AI智能体：用天工来做PPT，搜内容做教程"", "" 5. 一枚扣子：用扣子空间写PPT"", "" 11. 林建：自己开发的网络热点新闻总结工具-闻道AI""]",有实操课，不需要演讲，直接带着做一些实验，限制名额,2025-06-28 00:04:19,"[{""id"": ""ou_d89918a15cc245da5f44bb626331b6bb"", ""name"": ""离""}]"
106,"["" 3. 许键：用lovart来做出海电商独立站/小程序设计"", "" 1. 韦恩：用秘塔生成课程，快速补齐自己在某些信息上的短板"", "" 5. 一枚扣子：用扣子空间写PPT"", "" 6. 安仔：基于提示词模板的画图工具；和AI一起迭代产品""]",,2025-06-28 00:09:22,"[{""id"": ""ou_7ab8e8e46747c6a25f8254ca6931fd7e"", ""name"": ""用户479842""}]"
107,"["" 3. 许键：用lovart来做出海电商独立站/小程序设计"", "" 4. CT：用cursor写PRD"", "" 8. 元子：用flowith做一个赛博朋克的电子墓碑网站"", "" 7. DuXiangBin：用自己开发的crevo从用户故事到PRD到代码生成，做大型项目"", "" 11. 林建：自己开发的网络热点新闻总结工具-闻道AI""]",,2025-06-28 00:11:59,"[{""id"": ""ou_466931a9cf159895c34daa57bf0574c7"", ""name"": ""李佳玲""}]"
108,"["" 1. 韦恩：用秘塔生成课程，快速补齐自己在某些信息上的短板"", "" 2. 幻象AI智能体：用天工来做PPT，搜内容做教程"", "" 3. 许键：用lovart来做出海电商独立站/小程序设计"", "" 6. 安仔：基于提示词模板的画图工具；和AI一起迭代产品""]",,2025-06-28 00:12:31,"[{""id"": ""ou_aac5638eeaaf2dfb54e6ff7f68ec4216"", ""name"": ""黄原""}]"
109,"["" 4. CT：用cursor写PRD"", "" 3. 许键：用lovart来做出海电商独立站/小程序设计"", "" 7. DuXiangBin：用自己开发的crevo从用户故事到PRD到代码生成，做大型项目""]",,2025-06-28 00:13:12,"[{""id"": ""ou_a665fe29b64cb65cc0e36254f8783dd3"", ""name"": ""杨兆鸿""}]"
110,"["" 11. 林建：自己开发的网络热点新闻总结工具-闻道AI""]",,2025-06-28 00:14:30,"[{""id"": ""ou_ccdb3e785832536aa82a6563abe34ce2"", ""name"": ""7""}]"
111,"["" 3. 许键：用lovart来做出海电商独立站/小程序设计"", "" 6. 安仔：基于提示词模板的画图工具；和AI一起迭代产品"", ""9. 昕（云中歌）：自己开发的AI规划工具""]",希望有更多关于视频相关内容的分享,2025-06-28 00:14:45,"[{""id"": ""ou_17377a14639fa4e2de715ac200f51478"", ""name"": ""果珍儿""}]"
112,"["" 3. 许键：用lovart来做出海电商独立站/小程序设计""]",,2025-06-28 00:15:45,"[{""id"": ""ou_e515312f16c0dc4928f05755a22a8f54"", ""name"": ""石钟杰""}]"
113,"["" 2. 幻象AI智能体：用天工来做PPT，搜内容做教程"", "" 11. 林建：自己开发的网络热点新闻总结工具-闻道AI""]",,2025-06-28 00:17:23,"[{""id"": ""ou_e5703261973194b1311786272efbdf76"", ""name"": ""李思耿""}]"
114,"["" 11. 林建：自己开发的网络热点新闻总结工具-闻道AI"", "" 1. 韦恩：用秘塔生成课程，快速补齐自己在某些信息上的短板"", "" 7. DuXiangBin：用自己开发的crevo从用户故事到PRD到代码生成，做大型项目"", "" 8. 元子：用flowith做一个赛博朋克的电子墓碑网站""]",希望可以增加一些亲子共学的内容,2025-06-28 00:18:06,"[{""id"": ""ou_e023c559e8160ae84cf93892634e3c9f"", ""name"": ""judy""}]"
115,"["" 11. 林建：自己开发的网络热点新闻总结工具-闻道AI""]",结合AI硬件一同开发,2025-06-28 00:19:26,"[{""id"": ""ou_cdb564b5fc37b06bd0a1c7759b0558d6"", ""name"": ""陈军健""}]"
116,"["" 3. 许键：用lovart来做出海电商独立站/小程序设计"", "" 4. CT：用cursor写PRD"", "" 7. DuXiangBin：用自己开发的crevo从用户故事到PRD到代码生成，做大型项目"", "" 11. 林建：自己开发的网络热点新闻总结工具-闻道AI"", "" 2. 幻象AI智能体：用天工来做PPT，搜内容做教程""]",,2025-06-28 00:21:15,"[{""id"": ""ou_f9e6f771a82c60e94bcb6a34a40ba863"", ""name"": ""何远凯""}]"
117,"["" 2. 幻象AI智能体：用天工来做PPT，搜内容做教程"", "" 5. 一枚扣子：用扣子空间写PPT"", "" 1. 韦恩：用秘塔生成课程，快速补齐自己在某些信息上的短板""]",,2025-06-28 00:22:01,"[{""id"": ""ou_91b2decf3756305fd8567f71c755aa3a"", ""name"": ""张付友""}]"
118,"["" 4. CT：用cursor写PRD"", "" 1. 韦恩：用秘塔生成课程，快速补齐自己在某些信息上的短板"", "" 2. 幻象AI智能体：用天工来做PPT，搜内容做教程""]",,2025-06-28 00:22:37,"[{""id"": ""ou_b2b8192f45268ad57d4773bfb541475d"", ""name"": ""赵岩""}]"
119,"["" 3. 许键：用lovart来做出海电商独立站/小程序设计"", "" 7. DuXiangBin：用自己开发的crevo从用户故事到PRD到代码生成，做大型项目""]",,2025-06-28 00:26:05,"[{""id"": ""ou_73e4846edb9cec07f976d852d11ea9b1"", ""name"": ""郭皓""}]"
120,"["" 4. CT：用cursor写PRD"", "" 6. 安仔：基于提示词模板的画图工具；和AI一起迭代产品"", "" 10. Victor：用coze空间做自己的播客站点"", ""9. 昕（云中歌）：自己开发的AI规划工具"", "" 7. DuXiangBin：用自己开发的crevo从用户故事到PRD到代码生成，做大型项目"", "" 12. 雷君：自研的初中教学题解析工具""]",,2025-06-28 00:26:18,"[{""id"": ""ou_1f5565759ef89ef9ea59c744672c4279"", ""name"": ""杨栖""}]"
121,"["" 6. 安仔：基于提示词模板的画图工具；和AI一起迭代产品""]",,2025-06-28 00:29:22,"[{""id"": ""ou_6d7abf160e259419ce01791617874ebf"", ""name"": ""飞书用户9617CL""}]"
122,"["" 7. DuXiangBin：用自己开发的crevo从用户故事到PRD到代码生成，做大型项目"", "" 10. Victor：用coze空间做自己的播客站点""]",,2025-06-28 00:36:09,"[{""id"": ""ou_9cc454338143b8fe06c1fe3b4d25b846"", ""name"": ""lx59213""}]"
123,"["" 2. 幻象AI智能体：用天工来做PPT，搜内容做教程""]",我希望看到更多agent在工作场景中的实际应用。现在的大多是在自媒体方面的场景，即使是工作相关的也大多是ppt，会议总结，写总结这些最常规的用法，目前为止我很少看到在解决企业或者个人工作场景中的好的应用实例。,2025-06-28 00:39:27,"[{""id"": ""ou_7302348eb6c10287c5ffc4f284de995c"", ""name"": ""电商用户9058""}]"
124,"["" 3. 许键：用lovart来做出海电商独立站/小程序设计"", "" 1. 韦恩：用秘塔生成课程，快速补齐自己在某些信息上的短板"", "" 4. CT：用cursor写PRD""]",,2025-06-28 00:39:56,"[{""id"": ""ou_5ba2a259ac301d3ad7f8cad5ed2fb7cc"", ""name"": ""糖七七""}]"
125,"["" 3. 许键：用lovart来做出海电商独立站/小程序设计"", "" 4. CT：用cursor写PRD"", "" 7. DuXiangBin：用自己开发的crevo从用户故事到PRD到代码生成，做大型项目""]",,2025-06-28 00:44:01,"[{""id"": ""ou_d892c16c9ae3d2efda30a5d757811339"", ""name"": ""刘风云""}]"
126,"["" 3. 许键：用lovart来做出海电商独立站/小程序设计"", "" 6. 安仔：基于提示词模板的画图工具；和AI一起迭代产品"", "" 7. DuXiangBin：用自己开发的crevo从用户故事到PRD到代码生成，做大型项目"", "" 8. 元子：用flowith做一个赛博朋克的电子墓碑网站""]",,2025-06-28 00:51:03,"[{""id"": ""ou_541c3cf1be6e24d48f4c48d2bf87e34b"", ""name"": ""nova""}]"
127,"["" 3. 许键：用lovart来做出海电商独立站/小程序设计"", "" 4. CT：用cursor写PRD"", "" 11. 林建：自己开发的网络热点新闻总结工具-闻道AI"", "" 6. 安仔：基于提示词模板的画图工具；和AI一起迭代产品"", "" 7. DuXiangBin：用自己开发的crevo从用户故事到PRD到代码生成，做大型项目"", "" 8. 元子：用flowith做一个赛博朋克的电子墓碑网站"", ""9. 昕（云中歌）：自己开发的AI规划工具""]",,2025-06-28 00:56:45,"[{""id"": ""ou_8f34afdb3e4112101f82c225e0ba7e80"", ""name"": ""陈嘉嘉""}]"
128,"["" 1. 韦恩：用秘塔生成课程，快速补齐自己在某些信息上的短板"", "" 2. 幻象AI智能体：用天工来做PPT，搜内容做教程"", "" 3. 许键：用lovart来做出海电商独立站/小程序设计"", "" 4. CT：用cursor写PRD"", "" 5. 一枚扣子：用扣子空间写PPT"", "" 6. 安仔：基于提示词模板的画图工具；和AI一起迭代产品"", "" 7. DuXiangBin：用自己开发的crevo从用户故事到PRD到代码生成，做大型项目"", "" 8. 元子：用flowith做一个赛博朋克的电子墓碑网站"", ""9. 昕（云中歌）：自己开发的AI规划工具"", "" 10. Victor：用co",期待未来的agent智能更高，类似于灵魂能自由加入到一个肉体中，可以记得它的前世今生，实现永生！,2025-06-28 01:06:36,"[{""id"": ""ou_646a2be9799a83870b12800162240076"", ""name"": ""JK""}]"
129,"["" 1. 韦恩：用秘塔生成课程，快速补齐自己在某些信息上的短板"", "" 2. 幻象AI智能体：用天工来做PPT，搜内容做教程"", "" 5. 一枚扣子：用扣子空间写PPT"", "" 10. Victor：用coze空间做自己的播客站点""]",,2025-06-28 01:16:32,"[{""id"": ""ou_c16f985a919a9318723ab2f29c1aad97"", ""name"": ""陈清泽""}]"
130,"["" 5. 一枚扣子：用扣子空间写PPT""]",,2025-06-28 01:16:52,"[{""id"": ""ou_06dcc133a76b18a12b3574edfd403573"", ""name"": ""朴圣堃""}]"
131,"[""9. 昕（云中歌）：自己开发的AI规划工具"", "" 5. 一枚扣子：用扣子空间写PPT"", "" 2. 幻象AI智能体：用天工来做PPT，搜内容做教程"", "" 1. 韦恩：用秘塔生成课程，快速补齐自己在某些信息上的短板"", "" 3. 许键：用lovart来做出海电商独立站/小程序设计"", "" 10. Victor：用coze空间做自己的播客站点"", "" 11. 林建：自己开发的网络热点新闻总结工具-闻道AI""]",,2025-06-28 01:23:04,"[{""id"": ""ou_e07619f84f5db4aaddf0f03ab441b180"", ""name"": ""费清语""}]"
132,"["" 1. 韦恩：用秘塔生成课程，快速补齐自己在某些信息上的短板"", "" 2. 幻象AI智能体：用天工来做PPT，搜内容做教程"", "" 3. 许键：用lovart来做出海电商独立站/小程序设计"", "" 8. 元子：用flowith做一个赛博朋克的电子墓碑网站"", ""9. 昕（云中歌）：自己开发的AI规划工具"", "" 10. Victor：用coze空间做自己的播客站点"", "" 11. 林建：自己开发的网络热点新闻总结工具-闻道AI""]",有更多实战派的分享，有案例、数据、技术,2025-06-28 01:23:13,"[{""id"": ""ou_ea48694b686a99ebaf47719c073ac7af"", ""name"": ""dily""}]"
133,"["" 3. 许键：用lovart来做出海电商独立站/小程序设计"", "" 4. CT：用cursor写PRD"", "" 7. DuXiangBin：用自己开发的crevo从用户故事到PRD到代码生成，做大型项目"", "" 8. 元子：用flowith做一个赛博朋克的电子墓碑网站"", "" 11. 林建：自己开发的网络热点新闻总结工具-闻道AI"", "" 12. 雷君：自研的初中教学题解析工具""]",,2025-06-28 01:28:59,"[{""id"": ""ou_95b3e52a65dcc82e89c45a7d91d64a88"", ""name"": ""飞书用户5542XO""}]"
134,"["" 3. 许键：用lovart来做出海电商独立站/小程序设计"", "" 4. CT：用cursor写PRD"", "" 7. DuXiangBin：用自己开发的crevo从用户故事到PRD到代码生成，做大型项目"", "" 11. 林建：自己开发的网络热点新闻总结工具-闻道AI""]",如何最大程度减少幻觉,2025-06-28 01:30:26,"[{""id"": ""ou_114b4313fe46128e6a23fdffbf149d2b"", ""name"": ""lynn""}]"
135,"["" 5. 一枚扣子：用扣子空间写PPT""]",,2025-06-28 01:31:58,"[{""id"": ""ou_14ce96eef360e76a68aef7c733e9e67f"", ""name"": ""范学成""}]"
136,"["" 7. DuXiangBin：用自己开发的crevo从用户故事到PRD到代码生成，做大型项目""]",,2025-06-28 01:35:01,"[{""id"": ""ou_438c890680356b883516ef817a5b8d80"", ""name"": ""郭家吉""}]"
137,"["" 1. 韦恩：用秘塔生成课程，快速补齐自己在某些信息上的短板"", "" 3. 许键：用lovart来做出海电商独立站/小程序设计"", "" 6. 安仔：基于提示词模板的画图工具；和AI一起迭代产品"", "" 2. 幻象AI智能体：用天工来做PPT，搜内容做教程"", "" 7. DuXiangBin：用自己开发的crevo从用户故事到PRD到代码生成，做大型项目""]",,2025-06-28 01:48:46,"[{""id"": ""ou_e6ec62b269e52d352cf0e924e6a2d06f"", ""name"": ""cxyangg""}]"
138,"["" 5. 一枚扣子：用扣子空间写PPT"", "" 6. 安仔：基于提示词模板的画图工具；和AI一起迭代产品"", ""9. 昕（云中歌）：自己开发的AI规划工具"", "" 2. 幻象AI智能体：用天工来做PPT，搜内容做教程""]",,2025-06-28 01:50:35,"[{""id"": ""ou_b1b16758b55db46c4855f016581df5b5"", ""name"": ""Westing""}]"
139,"[""9. 昕（云中歌）：自己开发的AI规划工具"", "" 7. DuXiangBin：用自己开发的crevo从用户故事到PRD到代码生成，做大型项目"", "" 6. 安仔：基于提示词模板的画图工具；和AI一起迭代产品"", "" 4. CT：用cursor写PRD"", "" 1. 韦恩：用秘塔生成课程，快速补齐自己在某些信息上的短板""]",,2025-06-28 01:55:48,"[{""id"": ""ou_b80f402dc2be472f7514689b088300ea"", ""name"": ""谭路跃""}]"
140,"["" 8. 元子：用flowith做一个赛博朋克的电子墓碑网站"", "" 2. 幻象AI智能体：用天工来做PPT，搜内容做教程"", "" 5. 一枚扣子：用扣子空间写PPT""]",,2025-06-28 02:06:56,"[{""id"": ""ou_913d6a5b43af71524ed6d91cee9bb6bf"", ""name"": ""飞书用户3861YW""}]"
141,"["" 2. 幻象AI智能体：用天工来做PPT，搜内容做教程"", "" 1. 韦恩：用秘塔生成课程，快速补齐自己在某些信息上的短板"", "" 5. 一枚扣子：用扣子空间写PPT"", "" 8. 元子：用flowith做一个赛博朋克的电子墓碑网站"", ""9. 昕（云中歌）：自己开发的AI规划工具"", "" 11. 林建：自己开发的网络热点新闻总结工具-闻道AI""]",,2025-06-28 02:28:23,"[{""id"": ""ou_92212816e92615bd82f3ed4613df9483"", ""name"": ""吕杰""}]"
142,"[""9. 昕（云中歌）：自己开发的AI规划工具""]",,2025-06-28 02:34:44,"[{""id"": ""ou_14038f6c61045913567208c60cfc450a"", ""name"": ""石金成""}]"
143,"["" 8. 元子：用flowith做一个赛博朋克的电子墓碑网站"", "" 1. 韦恩：用秘塔生成课程，快速补齐自己在某些信息上的短板"", "" 3. 许键：用lovart来做出海电商独立站/小程序设计"", "" 5. 一枚扣子：用扣子空间写PPT"", "" 6. 安仔：基于提示词模板的画图工具；和AI一起迭代产品"", "" 7. DuXiangBin：用自己开发的crevo从用户故事到PRD到代码生成，做大型项目"", "" 10. Victor：用coze空间做自己的播客站点"", "" 12. 雷君：自研的初中教学题解析工具""]",希望能听到企业端结合agent应用的实际案例分享,2025-06-28 03:37:13,"[{""id"": ""ou_104b5a5ad24bbeafb8148c57dfba6902"", ""name"": ""徐晓露""}]"
144,"["" 5. 一枚扣子：用扣子空间写PPT"", "" 2. 幻象AI智能体：用天工来做PPT，搜内容做教程""]",,2025-06-28 03:44:12,"[{""id"": ""ou_835759cbdbfbc1bd41403bf4aa48baac"", ""name"": ""徐晓梅""}]"
145,"["" 5. 一枚扣子：用扣子空间写PPT"", ""9. 昕（云中歌）：自己开发的AI规划工具"", "" 3. 许键：用lovart来做出海电商独立站/小程序设计"", "" 4. CT：用cursor写PRD"", "" 7. DuXiangBin：用自己开发的crevo从用户故事到PRD到代码生成，做大型项目"", "" 6. 安仔：基于提示词模板的画图工具；和AI一起迭代产品""]",,2025-06-28 04:21:57,"[{""id"": ""ou_9a4ff488b5f94bd57143b339e424ac5e"", ""name"": ""赵超""}]"
146,"["" 4. CT：用cursor写PRD"", "" 8. 元子：用flowith做一个赛博朋克的电子墓碑网站"", "" 3. 许键：用lovart来做出海电商独立站/小程序设计""]",能够和工作的场景相结合，具体解决实际工作中的问题,2025-06-28 04:42:51,"[{""id"": ""ou_3c4e5d22f398e7e652d976f9de981bde"", ""name"": ""田志伟""}]"
147,"["" 5. 一枚扣子：用扣子空间写PPT"", "" 6. 安仔：基于提示词模板的画图工具；和AI一起迭代产品"", ""9. 昕（云中歌）：自己开发的AI规划工具"", "" 11. 林建：自己开发的网络热点新闻总结工具-闻道AI""]",,2025-06-28 04:53:12,"[{""id"": ""ou_b51220299ae566131a911e8374c1af4a"", ""name"": ""飞书用户0825CF""}]"
148,"["" 1. 韦恩：用秘塔生成课程，快速补齐自己在某些信息上的短板"", "" 5. 一枚扣子：用扣子空间写PPT"", "" 12. 雷君：自研的初中教学题解析工具""]",,2025-06-28 04:55:29,"[{""id"": ""ou_823296800846bbc298ddba6f41822852"", ""name"": ""汤微娜""}]"
149,"["" 1. 韦恩：用秘塔生成课程，快速补齐自己在某些信息上的短板"", "" 5. 一枚扣子：用扣子空间写PPT"", "" 6. 安仔：基于提示词模板的画图工具；和AI一起迭代产品"", ""9. 昕（云中歌）：自己开发的AI规划工具""]",,2025-06-28 05:21:55,"[{""id"": ""ou_cdc665d403bb59959d5b8f74ff5c34ab"", ""name"": ""张传洲""}]"
150,"["" 7. DuXiangBin：用自己开发的crevo从用户故事到PRD到代码生成，做大型项目"", "" 6. 安仔：基于提示词模板的画图工具；和AI一起迭代产品"", "" 1. 韦恩：用秘塔生成课程，快速补齐自己在某些信息上的短板"", "" 3. 许键：用lovart来做出海电商独立站/小程序设计""]",,2025-06-28 05:23:09,"[{""id"": ""ou_f3e22687a6f129cb0be3e7b93071fc21"", ""name"": ""冯小夏""}]"
151,"["" 3. 许键：用lovart来做出海电商独立站/小程序设计"", "" 12. 雷君：自研的初中教学题解析工具""]",,2025-06-28 06:27:15,"[{""id"": ""ou_acefc5382b0a16fff1cdaa3272969134"", ""name"": ""一条咸鱼呀""}]"
152,"["" 3. 许键：用lovart来做出海电商独立站/小程序设计"", "" 5. 一枚扣子：用扣子空间写PPT"", "" 6. 安仔：基于提示词模板的画图工具；和AI一起迭代产品""]",,2025-06-28 06:30:08,"[{""id"": ""ou_995e0d801656c3d4402e53285824e87b"", ""name"": ""飞书用户9077EK""}]"
153,"["" 6. 安仔：基于提示词模板的画图工具；和AI一起迭代产品"", "" 11. 林建：自己开发的网络热点新闻总结工具-闻道AI""]",,2025-06-28 06:31:28,"[{""id"": ""ou_9cd7a4f741f6345b55ffce15812b8987"", ""name"": ""王金象""}]"
154,"["" 8. 元子：用flowith做一个赛博朋克的电子墓碑网站"", "" 10. Victor：用coze空间做自己的播客站点"", "" 11. 林建：自己开发的网络热点新闻总结工具-闻道AI"", "" 4. CT：用cursor写PRD"", "" 3. 许键：用lovart来做出海电商独立站/小程序设计"", "" 1. 韦恩：用秘塔生成课程，快速补齐自己在某些信息上的短板""]",,2025-06-28 06:37:38,"[{""id"": ""ou_94a061429e040d55de413866c5c8b241"", ""name"": ""邢昊""}]"
155,"["" 3. 许键：用lovart来做出海电商独立站/小程序设计"", "" 6. 安仔：基于提示词模板的画图工具；和AI一起迭代产品"", "" 8. 元子：用flowith做一个赛博朋克的电子墓碑网站""]",,2025-06-28 06:39:10,"[{""id"": ""ou_48ed1b99072f9ed622e21250213f2c09"", ""name"": ""ZKaren""}]"
156,"["" 3. 许键：用lovart来做出海电商独立站/小程序设计""]",,2025-06-28 06:41:41,"[{""id"": ""ou_dcc2b6e3940e2403b776ea5ad491da63"", ""name"": ""徐琴Jossolo""}]"
157,"["" 4. CT：用cursor写PRD"", "" 11. 林建：自己开发的网络热点新闻总结工具-闻道AI""]",,2025-06-28 06:50:30,"[{""id"": ""ou_030364bb45967ece0b8cac56cbcb1726"", ""name"": ""黄爽""}]"
158,"["" 5. 一枚扣子：用扣子空间写PPT"", "" 2. 幻象AI智能体：用天工来做PPT，搜内容做教程""]",,2025-06-28 06:50:36,"[{""id"": ""ou_443ef8b6fbfc7eb892aaf0c56eaf41f6"", ""name"": ""王""}]"
159,"[""9. 昕（云中歌）：自己开发的AI规划工具"", "" 11. 林建：自己开发的网络热点新闻总结工具-闻道AI"", "" 1. 韦恩：用秘塔生成课程，快速补齐自己在某些信息上的短板""]",,2025-06-28 06:52:36,"[{""id"": ""ou_8a0c7fdbd2f788bede7e61137a3cd16e"", ""name"": ""Jesse Xing""}]"
160,"["" 3. 许键：用lovart来做出海电商独立站/小程序设计"", "" 6. 安仔：基于提示词模板的画图工具；和AI一起迭代产品"", "" 1. 韦恩：用秘塔生成课程，快速补齐自己在某些信息上的短板"", "" 7. DuXiangBin：用自己开发的crevo从用户故事到PRD到代码生成，做大型项目""]",平 靓 正,2025-06-28 06:55:10,"[{""id"": ""ou_ce90bd91030e5d96bee843abd0fe9005"", ""name"": ""杜比""}]"
161,"["" 11. 林建：自己开发的网络热点新闻总结工具-闻道AI"", ""9. 昕（云中歌）：自己开发的AI规划工具"", "" 7. DuXiangBin：用自己开发的crevo从用户故事到PRD到代码生成，做大型项目"", "" 3. 许键：用lovart来做出海电商独立站/小程序设计""]",,2025-06-28 06:55:36,"[{""id"": ""ou_de2d1be17be0565feabc1de2215a0127"", ""name"": ""胡敏雁""}]"
162,"["" 3. 许键：用lovart来做出海电商独立站/小程序设计""]",,2025-06-28 06:59:34,"[{""id"": ""ou_9b4822d2b61872d0ef74a2232fc961ea"", ""name"": ""高美丽""}]"
163,"["" 11. 林建：自己开发的网络热点新闻总结工具-闻道AI"", "" 5. 一枚扣子：用扣子空间写PPT"", "" 4. CT：用cursor写PRD""]",多一些互动，少一些单向输出,2025-06-28 07:00:49,"[{""id"": ""ou_64491250a4fba21cca6214867b628f51"", ""name"": ""杨转福""}]"
164,"["" 12. 雷君：自研的初中教学题解析工具"", "" 4. CT：用cursor写PRD"", "" 7. DuXiangBin：用自己开发的crevo从用户故事到PRD到代码生成，做大型项目"", "" 2. 幻象AI智能体：用天工来做PPT，搜内容做教程"", "" 5. 一枚扣子：用扣子空间写PPT"", "" 3. 许键：用lovart来做出海电商独立站/小程序设计"", ""9. 昕（云中歌）：自己开发的AI规划工具""]",希望可以有一些Ai产品展会体验（如Folo Toy）或者大佬来分分享，会议可以做一些主题细分,2025-06-28 07:05:10,"[{""id"": ""ou_f66ef781b7eda348dcb542b124315861"", ""name"": ""Feishu_1560""}]"
165,"["" 1. 韦恩：用秘塔生成课程，快速补齐自己在某些信息上的短板"", "" 2. 幻象AI智能体：用天工来做PPT，搜内容做教程""]",,2025-06-28 07:07:03,"[{""id"": ""ou_311b49cee1aa2a7d1e0a922e24e7432d"", ""name"": ""川页""}]"
166,"["" 7. DuXiangBin：用自己开发的crevo从用户故事到PRD到代码生成，做大型项目"", "" 3. 许键：用lovart来做出海电商独立站/小程序设计"", "" 10. Victor：用coze空间做自己的播客站点"", "" 8. 元子：用flowith做一个赛博朋克的电子墓碑网站"", "" 12. 雷君：自研的初中教学题解析工具"", ""9. 昕（云中歌）：自己开发的AI规划工具""]",可以学会如何开发制作智能体，加入硬件软件等~开发app,2025-06-28 07:08:01,"[{""id"": ""ou_5c6044ee63e0e28aeb9fe0cb11f10657"", ""name"": ""用户239471""}]"
167,"["" 11. 林建：自己开发的网络热点新闻总结工具-闻道AI"", "" 4. CT：用cursor写PRD"", ""9. 昕（云中歌）：自己开发的AI规划工具"", "" 7. DuXiangBin：用自己开发的crevo从用户故事到PRD到代码生成，做大型项目"", "" 3. 许键：用lovart来做出海电商独立站/小程序设计""]",,2025-06-28 07:12:46,"[{""id"": ""ou_95a70a73773c611c4edcebf7d1ecae37"", ""name"": ""张何辛""}]"
168,"["" 11. 林建：自己开发的网络热点新闻总结工具-闻道AI""]",期待更多精彩,2025-06-28 07:22:06,"[{""id"": ""ou_c6a84090603377bb0b4c4f8d604b0c1d"", ""name"": ""谷雨""}]"
169,"["" 10. Victor：用coze空间做自己的播客站点"", "" 5. 一枚扣子：用扣子空间写PPT"", "" 1. 韦恩：用秘塔生成课程，快速补齐自己在某些信息上的短板"", "" 3. 许键：用lovart来做出海电商独立站/小程序设计"", "" 6. 安仔：基于提示词模板的画图工具；和AI一起迭代产品"", "" 11. 林建：自己开发的网络热点新闻总结工具-闻道AI""]",,2025-06-28 07:25:11,"[{""id"": ""ou_c62a21d7c98d62e7dff962f750745145"", ""name"": ""Carina""}]"
170,"[""9. 昕（云中歌）：自己开发的AI规划工具""]",跟企业赋能相关的话题,2025-06-28 07:26:59,"[{""id"": ""ou_913ee1721abb560e9c43d5154807ccf6"", ""name"": ""Kevin""}]"
171,"["" 1. 韦恩：用秘塔生成课程，快速补齐自己在某些信息上的短板"", "" 3. 许键：用lovart来做出海电商独立站/小程序设计"", "" 5. 一枚扣子：用扣子空间写PPT"", "" 11. 林建：自己开发的网络热点新闻总结工具-闻道AI"", "" 10. Victor：用coze空间做自己的播客站点""]",实操性强,2025-06-28 07:27:40,"[{""id"": ""ou_f6839a82a2e7c803b9c655f1d7e9c5cd"", ""name"": ""小飞""}]"
172,"["" 3. 许键：用lovart来做出海电商独立站/小程序设计"", "" 1. 韦恩：用秘塔生成课程，快速补齐自己在某些信息上的短板"", "" 2. 幻象AI智能体：用天工来做PPT，搜内容做教程""]",,2025-06-28 07:32:58,"[{""id"": ""ou_4f706534994efa79ddb6a867e9b11dcc"", ""name"": ""李兆兴""}]"
173,"["" 5. 一枚扣子：用扣子空间写PPT"", "" 12. 雷君：自研的初中教学题解析工具"", "" 2. 幻象AI智能体：用天工来做PPT，搜内容做教程""]",,2025-06-28 07:33:40,"[{""id"": ""ou_85b04ee3c08b4eabe04ddeb9f306351b"", ""name"": ""徐亮""}]"
174,"["" 5. 一枚扣子：用扣子空间写PPT"", "" 2. 幻象AI智能体：用天工来做PPT，搜内容做教程"", "" 4. CT：用cursor写PRD""]",,2025-06-28 07:40:10,"[{""id"": ""ou_173f6fc26187e590b795797a9cf8286b"", ""name"": ""尹路人""}]"
175,"["" 5. 一枚扣子：用扣子空间写PPT"", "" 6. 安仔：基于提示词模板的画图工具；和AI一起迭代产品"", "" 8. 元子：用flowith做一个赛博朋克的电子墓碑网站"", "" 1. 韦恩：用秘塔生成课程，快速补齐自己在某些信息上的短板""]",,2025-06-28 07:42:08,"[{""id"": ""ou_6ecd62deb93204581648bcc14c01e99b"", ""name"": ""Lila""}]"
176,"["" 1. 韦恩：用秘塔生成课程，快速补齐自己在某些信息上的短板""]",,2025-06-28 07:46:21,"[{""id"": ""ou_8184e88124443ada2b9dfd51366aad22"", ""name"": ""劳巧平""}]"
177,"["" 2. 幻象AI智能体：用天工来做PPT，搜内容做教程"", "" 5. 一枚扣子：用扣子空间写PPT""]",,2025-06-28 07:47:54,"[{""id"": ""ou_7ceda7010a475519827b8f98aa3e69eb"", ""name"": ""吴松泽""}]"
178,"["" 3. 许键：用lovart来做出海电商独立站/小程序设计"", "" 6. 安仔：基于提示词模板的画图工具；和AI一起迭代产品"", "" 11. 林建：自己开发的网络热点新闻总结工具-闻道AI"", "" 12. 雷君：自研的初中教学题解析工具""]",变现落地,2025-06-28 07:52:45,"[{""id"": ""ou_f51be93f21cade82c45d52f4ebb9abd5"", ""name"": ""刘荣""}]"
179,"["" 1. 韦恩：用秘塔生成课程，快速补齐自己在某些信息上的短板"", "" 3. 许键：用lovart来做出海电商独立站/小程序设计"", "" 5. 一枚扣子：用扣子空间写PPT"", "" 10. Victor：用coze空间做自己的播客站点"", ""9. 昕（云中歌）：自己开发的AI规划工具"", "" 11. 林建：自己开发的网络热点新闻总结工具-闻道AI""]",,2025-06-28 07:58:06,"[{""id"": ""ou_654f8e883aae965ccc94736535663fd3"", ""name"": ""Amy Ma""}]"
180,"["" 6. 安仔：基于提示词模板的画图工具；和AI一起迭代产品"", "" 10. Victor：用coze空间做自己的播客站点""]",,2025-06-28 08:04:58,"[{""id"": ""ou_9ffbfbdef986d572f75b5fc1e2ae9ecc"", ""name"": ""韦安俊""}]"
181,"["" 1. 韦恩：用秘塔生成课程，快速补齐自己在某些信息上的短板"", "" 4. CT：用cursor写PRD"", "" 5. 一枚扣子：用扣子空间写PPT""]",,2025-06-28 08:10:00,"[{""id"": ""ou_07b214638a7a324da1103e553da1ee38"", ""name"": ""赫宣""}]"
182,"["" 11. 林建：自己开发的网络热点新闻总结工具-闻道AI"", "" 3. 许键：用lovart来做出海电商独立站/小程序设计"", "" 1. 韦恩：用秘塔生成课程，快速补齐自己在某些信息上的短板"", "" 5. 一枚扣子：用扣子空间写PPT""]",,2025-06-28 08:12:15,"[{""id"": ""ou_7c85fe97387ec6b393a9aba18c98234d"", ""name"": ""霸王别介""}]"
183,"["" 2. 幻象AI智能体：用天工来做PPT，搜内容做教程""]",,2025-06-28 08:13:53,"[{""id"": ""ou_7941d7fa6cf7160a773bc39f67014304"", ""name"": ""陈珊珊""}]"
184,"["" 8. 元子：用flowith做一个赛博朋克的电子墓碑网站"", "" 1. 韦恩：用秘塔生成课程，快速补齐自己在某些信息上的短板""]",聚焦会AI的人,2025-06-28 08:14:47,"[{""id"": ""ou_5ba3e4dab05b6098cc710e2a2dd74eaf"", ""name"": ""杨豪""}]"
185,"["" 11. 林建：自己开发的网络热点新闻总结工具-闻道AI"", "" 10. Victor：用coze空间做自己的播客站点"", ""9. 昕（云中歌）：自己开发的AI规划工具"", "" 7. DuXiangBin：用自己开发的crevo从用户故事到PRD到代码生成，做大型项目"", "" 4. CT：用cursor写PRD""]",,2025-06-28 08:16:40,"[{""id"": ""ou_14a2abffab18370cb080105df5349923"", ""name"": ""Lynne""}]"
186,"["" 1. 韦恩：用秘塔生成课程，快速补齐自己在某些信息上的短板"", "" 4. CT：用cursor写PRD"", "" 12. 雷君：自研的初中教学题解析工具"", ""9. 昕（云中歌）：自己开发的AI规划工具""]",,2025-06-28 08:17:18,"[{""id"": ""ou_6a5e157685dcf5c1a3f96206a2dc5639"", ""name"": ""范珏""}]"
187,"["" 7. DuXiangBin：用自己开发的crevo从用户故事到PRD到代码生成，做大型项目"", "" 6. 安仔：基于提示词模板的画图工具；和AI一起迭代产品"", "" 3. 许键：用lovart来做出海电商独立站/小程序设计"", "" 4. CT：用cursor写PRD"", "" 5. 一枚扣子：用扣子空间写PPT"", "" 2. 幻象AI智能体：用天工来做PPT，搜内容做教程"", "" 1. 韦恩：用秘塔生成课程，快速补齐自己在某些信息上的短板""]",,2025-06-28 08:18:11,"[{""id"": ""ou_b746fa68d1c1f9f9d02301dbe9ca5c5a"", ""name"": ""林巧丹""}]"
188,"["" 1. 韦恩：用秘塔生成课程，快速补齐自己在某些信息上的短板"", "" 3. 许键：用lovart来做出海电商独立站/小程序设计"", "" 6. 安仔：基于提示词模板的画图工具；和AI一起迭代产品"", "" 7. DuXiangBin：用自己开发的crevo从用户故事到PRD到代码生成，做大型项目"", ""9. 昕（云中歌）：自己开发的AI规划工具"", "" 10. Victor：用coze空间做自己的播客站点"", "" 4. CT：用cursor写PRD""]",,2025-06-28 08:18:47,"[{""id"": ""ou_b75ea383e3e1d8dcc1efdb86edce81de"", ""name"": ""璇嘟嘟""}]"
189,"["" 3. 许键：用lovart来做出海电商独立站/小程序设计"", ""9. 昕（云中歌）：自己开发的AI规划工具""]",,2025-06-28 08:22:11,"[{""id"": ""ou_c94e427141dc830b23edf05a03f321a4"", ""name"": ""徐云龙""}]"
190,"["" 3. 许键：用lovart来做出海电商独立站/小程序设计"", "" 4. CT：用cursor写PRD"", "" 8. 元子：用flowith做一个赛博朋克的电子墓碑网站"", "" 7. DuXiangBin：用自己开发的crevo从用户故事到PRD到代码生成，做大型项目"", ""9. 昕（云中歌）：自己开发的AI规划工具""]",更多生产力工具,2025-06-28 08:27:04,"[{""id"": ""ou_ff5c0b399b4c1992d9d31012eecb294d"", ""name"": ""飞书用户0928ZQ""}]"
191,"["" 3. 许键：用lovart来做出海电商独立站/小程序设计""]",,2025-06-28 08:29:36,"[{""id"": ""ou_d983c9d1faa2fbd2da0303ded77bd105"", ""name"": ""谢鹏""}]"
192,"["" 12. 雷君：自研的初中教学题解析工具"", "" 3. 许键：用lovart来做出海电商独立站/小程序设计"", "" 1. 韦恩：用秘塔生成课程，快速补齐自己在某些信息上的短板""]",,2025-06-28 08:30:37,"[{""id"": ""ou_407e805e63c1289473e414052cb90805"", ""name"": ""子谦""}]"
193,"["" 2. 幻象AI智能体：用天工来做PPT，搜内容做教程"", "" 1. 韦恩：用秘塔生成课程，快速补齐自己在某些信息上的短板"", "" 3. 许键：用lovart来做出海电商独立站/小程序设计"", ""9. 昕（云中歌）：自己开发的AI规划工具"", "" 8. 元子：用flowith做一个赛博朋克的电子墓碑网站""]",,2025-06-28 08:30:46,"[{""id"": ""ou_337612a794f8a721f0b216c000f90fa8"", ""name"": ""卞吉明""}]"
194,"["" 1. 韦恩：用秘塔生成课程，快速补齐自己在某些信息上的短板"", "" 12. 雷君：自研的初中教学题解析工具""]",面向学生的0基础课程等,2025-06-28 08:31:00,"[{""id"": ""ou_c6f35d7a5e0f9c849a228e4864a4121a"", ""name"": ""绿色雪碧心情""}]"
195,"["" 1. 韦恩：用秘塔生成课程，快速补齐自己在某些信息上的短板"", "" 2. 幻象AI智能体：用天工来做PPT，搜内容做教程"", "" 4. CT：用cursor写PRD"", ""9. 昕（云中歌）：自己开发的AI规划工具"", "" 11. 林建：自己开发的网络热点新闻总结工具-闻道AI""]",,2025-06-28 08:31:42,"[{""id"": ""ou_6b365ea0397875fbefb9690b8f36551b"", ""name"": ""花果山""}]"
196,"["" 11. 林建：自己开发的网络热点新闻总结工具-闻道AI"", "" 1. 韦恩：用秘塔生成课程，快速补齐自己在某些信息上的短板"", "" 2. 幻象AI智能体：用天工来做PPT，搜内容做教程"", "" 5. 一枚扣子：用扣子空间写PPT""]",职场效率up up up,2025-06-28 08:32:12,"[{""id"": ""ou_c9dccc1b8bc3a6e32df7fe4480082502"", ""name"": ""郭倩莹""}]"
197,"["" 4. CT：用cursor写PRD"", "" 5. 一枚扣子：用扣子空间写PPT"", "" 3. 许键：用lovart来做出海电商独立站/小程序设计""]",,2025-06-28 08:37:35,"[{""id"": ""ou_49ca7839c2aa08bc9f839ed8d1f659f0"", ""name"": ""二球""}]"
198,"["" 12. 雷君：自研的初中教学题解析工具"", "" 1. 韦恩：用秘塔生成课程，快速补齐自己在某些信息上的短板"", "" 6. 安仔：基于提示词模板的画图工具；和AI一起迭代产品"", "" 10. Victor：用coze空间做自己的播客站点""]",在讲案例前，先对Agent工具的类型、特别、适用人群对比简述，便于了解全貌,2025-06-28 08:38:35,"[{""id"": ""ou_5b18d664e9c6fa70dd13ea0e1af907bf"", ""name"": ""邦主""}]"
199,"["" 12. 雷君：自研的初中教学题解析工具"", "" 11. 林建：自己开发的网络热点新闻总结工具-闻道AI"", "" 1. 韦恩：用秘塔生成课程，快速补齐自己在某些信息上的短板"", "" 5. 一枚扣子：用扣子空间写PPT""]",,2025-06-28 08:39:53,"[{""id"": ""ou_194dd12982d0433e2dc6ae510ab80fbb"", ""name"": ""黄可""}]"
200,"["" 12. 雷君：自研的初中教学题解析工具"", "" 8. 元子：用flowith做一个赛博朋克的电子墓碑网站"", "" 11. 林建：自己开发的网络热点新闻总结工具-闻道AI""]",,2025-06-28 08:41:47,"[{""id"": ""ou_84e1439581e192ecf920946a687562a2"", ""name"": ""Andrew(邓彦成)""}]"
201,"["" 2. 幻象AI智能体：用天工来做PPT，搜内容做教程"", "" 1. 韦恩：用秘塔生成课程，快速补齐自己在某些信息上的短板"", "" 3. 许键：用lovart来做出海电商独立站/小程序设计"", "" 5. 一枚扣子：用扣子空间写PPT"", "" 6. 安仔：基于提示词模板的画图工具；和AI一起迭代产品"", ""9. 昕（云中歌）：自己开发的AI规划工具""]",,2025-06-28 08:43:30,"[{""id"": ""ou_a59b38a0fc271dbe9ae299735fade18a"", ""name"": ""杨孔穗""}]"
202,"["" 1. 韦恩：用秘塔生成课程，快速补齐自己在某些信息上的短板"", "" 2. 幻象AI智能体：用天工来做PPT，搜内容做教程"", "" 4. CT：用cursor写PRD"", "" 3. 许键：用lovart来做出海电商独立站/小程序设计"", "" 7. DuXiangBin：用自己开发的crevo从用户故事到PRD到代码生成，做大型项目"", "" 11. 林建：自己开发的网络热点新闻总结工具-闻道AI""]",,2025-06-28 08:45:09,"[{""id"": ""ou_38e273201b15fe15bbb84e3ab12c843d"", ""name"": ""楼外楼""}]"
203,"["" 1. 韦恩：用秘塔生成课程，快速补齐自己在某些信息上的短板"", "" 12. 雷君：自研的初中教学题解析工具"", "" 11. 林建：自己开发的网络热点新闻总结工具-闻道AI"", "" 10. Victor：用coze空间做自己的播客站点"", "" 8. 元子：用flowith做一个赛博朋克的电子墓碑网站""]",课前预习总结，使用了哪些工具以及实现功能,2025-06-28 08:45:21,"[{""id"": ""ou_7c4f954f28b0436e35e5cfded07bc3a5"", ""name"": ""洛落""}]"
204,"["" 1. 韦恩：用秘塔生成课程，快速补齐自己在某些信息上的短板"", ""9. 昕（云中歌）：自己开发的AI规划工具""]",,2025-06-28 08:48:16,"[{""id"": ""ou_4ef2773bcec64c3a4b22d5127e69c07d"", ""name"": ""砸电视""}]"
205,"["" 11. 林建：自己开发的网络热点新闻总结工具-闻道AI""]",挺好的,2025-06-28 08:48:25,"[{""id"": ""ou_102b94a4a07dbec4816c19b85c0ee568"", ""name"": ""诸格""}]"
206,"["" 1. 韦恩：用秘塔生成课程，快速补齐自己在某些信息上的短板"", "" 2. 幻象AI智能体：用天工来做PPT，搜内容做教程"", "" 5. 一枚扣子：用扣子空间写PPT""]",去年的离谱村很有趣，可惜没有参加，希望更多这种具有创造性的Agent ,2025-06-28 08:49:42,"[{""id"": ""ou_bf18dde549326ddb25a257f4644caa50"", ""name"": ""吴燕""}]"
207,"["" 2. 幻象AI智能体：用天工来做PPT，搜内容做教程"", "" 3. 许键：用lovart来做出海电商独立站/小程序设计"", "" 4. CT：用cursor写PRD"", "" 6. 安仔：基于提示词模板的画图工具；和AI一起迭代产品""]",超级想看做PPT类型，做跨境电商类型，cursor相关，lovart做独立站或者小程序项目这些类型的！都是大部分创业者或是做线上生意的大众有需求的，十分十分期待能在这几方面可以分享～,2025-06-28 08:54:22,"[{""id"": ""ou_f190d7d80d15914d70bc9ca4fa58b35a"", ""name"": ""33""}]"
208,"["" 4. CT：用cursor写PRD""]",,2025-06-28 08:57:22,"[{""id"": ""ou_0f906c51f829c73d696d369d3654cfa8"", ""name"": ""刘泽鸿""}]"
209,"["" 5. 一枚扣子：用扣子空间写PPT"", "" 10. Victor：用coze空间做自己的播客站点"", "" 11. 林建：自己开发的网络热点新闻总结工具-闻道AI"", "" 12. 雷君：自研的初中教学题解析工具""]",插件开发,2025-06-28 08:57:54,"[{""id"": ""ou_aab7e3cc136ed7c2e3d11c18592d6b00"", ""name"": ""陈述悦""}]"
210,"["" 1. 韦恩：用秘塔生成课程，快速补齐自己在某些信息上的短板"", "" 5. 一枚扣子：用扣子空间写PPT"", "" 12. 雷君：自研的初中教学题解析工具""]",,2025-06-28 08:58:37,"[{""id"": ""ou_519ee0965538014ae3d8268841d247bf"", ""name"": ""Rrypo""}]"
211,"["" 5. 一枚扣子：用扣子空间写PPT""]",,2025-06-28 09:02:39,"[{""id"": ""ou_f6d63eb3e4521feb2a0ccf47b14ed9fa"", ""name"": ""用户094767""}]"
212,"["" 12. 雷君：自研的初中教学题解析工具""]",多增加点在扣子上搭建工作流，调取外部api做成自动化产品,2025-06-28 09:03:39,"[{""id"": ""ou_99257671918edd0cba9f7268b191221f"", ""name"": ""左发明""}]"
213,"["" 12. 雷君：自研的初中教学题解析工具"", "" 11. 林建：自己开发的网络热点新闻总结工具-闻道AI"", "" 3. 许键：用lovart来做出海电商独立站/小程序设计""]",和你一起工作生活的物理空间 虚拟空间的助手,2025-06-28 09:04:07,"[{""id"": ""ou_8f9d5f1f1a21c6fb8b5774693694b950"", ""name"": ""飞书用户5166QZ""}]"
214,"["" 1. 韦恩：用秘塔生成课程，快速补齐自己在某些信息上的短板"", "" 4. CT：用cursor写PRD"", "" 5. 一枚扣子：用扣子空间写PPT"", "" 7. DuXiangBin：用自己开发的crevo从用户故事到PRD到代码生成，做大型项目"", "" 2. 幻象AI智能体：用天工来做PPT，搜内容做教程"", "" 11. 林建：自己开发的网络热点新闻总结工具-闻道AI""]",,2025-06-28 09:05:09,"[{""id"": ""ou_929fb3aace9bc76176e790be1d015e0a"", ""name"": ""刘敏""}]"
215,"["" 12. 雷君：自研的初中教学题解析工具"", ""9. 昕（云中歌）：自己开发的AI规划工具"", "" 6. 安仔：基于提示词模板的画图工具；和AI一起迭代产品"", "" 3. 许键：用lovart来做出海电商独立站/小程序设计""]",,2025-06-28 09:05:54,"[{""id"": ""ou_24df41aec50d8e40a5676300042416cf"", ""name"": ""冯瑞帆""}]"
216,"["" 6. 安仔：基于提示词模板的画图工具；和AI一起迭代产品"", "" 8. 元子：用flowith做一个赛博朋克的电子墓碑网站"", "" 11. 林建：自己开发的网络热点新闻总结工具-闻道AI"", "" 12. 雷君：自研的初中教学题解析工具""]",,2025-06-28 09:06:12,"[{""id"": ""ou_c16b98822a6c135b4374a9dcc92c8e09"", ""name"": ""OTTO""}]"
217,"["" 12. 雷君：自研的初中教学题解析工具""]",,2025-06-28 09:08:39,"[{""id"": ""ou_cd0d04d711a23f314fa42c119a7f6d31"", ""name"": ""赵""}]"
218,"["" 12. 雷君：自研的初中教学题解析工具"", "" 11. 林建：自己开发的网络热点新闻总结工具-闻道AI"", "" 1. 韦恩：用秘塔生成课程，快速补齐自己在某些信息上的短板"", "" 3. 许键：用lovart来做出海电商独立站/小程序设计"", "" 2. 幻象AI智能体：用天工来做PPT，搜内容做教程"", "" 4. CT：用cursor写PRD"", ""9. 昕（云中歌）：自己开发的AI规划工具""]",,2025-06-28 09:09:18,"[{""id"": ""ou_b7bf712af59603c934c89581205ca692"", ""name"": ""Lemuel""}]"
219,"["" 6. 安仔：基于提示词模板的画图工具；和AI一起迭代产品"", "" 1. 韦恩：用秘塔生成课程，快速补齐自己在某些信息上的短板"", "" 3. 许键：用lovart来做出海电商独立站/小程序设计"", "" 11. 林建：自己开发的网络热点新闻总结工具-闻道AI""]",,2025-06-28 09:10:26,"[{""id"": ""ou_5f65a9211798a675aae3d6d73d5a3bee"", ""name"": ""飞书用户5976FU""}]"
220,"["" 3. 许键：用lovart来做出海电商独立站/小程序设计"", "" 4. CT：用cursor写PRD"", ""9. 昕（云中歌）：自己开发的AI规划工具""]",,2025-06-28 09:13:46,"[{""id"": ""ou_ad6cab3b148ed6db051fb6013af8d629"", ""name"": ""李一龙""}]"
221,"["" 4. CT：用cursor写PRD"", "" 7. DuXiangBin：用自己开发的crevo从用户故事到PRD到代码生成，做大型项目"", ""9. 昕（云中歌）：自己开发的AI规划工具"", "" 6. 安仔：基于提示词模板的画图工具；和AI一起迭代产品""]",不要陷于卖课 请真正切磋,2025-06-28 09:14:21,"[{""id"": ""ou_cd74d29265d6e8594586587de8dee68f"", ""name"": ""li""}]"
222,"["" 3. 许键：用lovart来做出海电商独立站/小程序设计"", "" 1. 韦恩：用秘塔生成课程，快速补齐自己在某些信息上的短板"", "" 6. 安仔：基于提示词模板的画图工具；和AI一起迭代产品""]",对agent或工作流在B端的应用话题会更感兴趣一些,2025-06-28 09:16:34,"[{""id"": ""ou_3862bde3afec3b01e1cc8616847d41b4"", ""name"": ""纪""}]"
223,"["" 1. 韦恩：用秘塔生成课程，快速补齐自己在某些信息上的短板"", "" 5. 一枚扣子：用扣子空间写PPT""]",,2025-06-28 09:18:59,"[{""id"": ""ou_625b07c85f871abbda882f2e580a4401"", ""name"": ""伦子""}]"
224,"["" 4. CT：用cursor写PRD"", "" 1. 韦恩：用秘塔生成课程，快速补齐自己在某些信息上的短板"", "" 2. 幻象AI智能体：用天工来做PPT，搜内容做教程"", "" 5. 一枚扣子：用扣子空间写PPT"", "" 6. 安仔：基于提示词模板的画图工具；和AI一起迭代产品"", "" 7. DuXiangBin：用自己开发的crevo从用户故事到PRD到代码生成，做大型项目"", "" 8. 元子：用flowith做一个赛博朋克的电子墓碑网站"", ""9. 昕（云中歌）：自己开发的AI规划工具"", "" 10. Victor：用coze空间做自己的播客站点"", "" 11. 林建：自己开发的网络热点",,2025-06-28 09:23:18,"[{""id"": ""ou_fd6ed3358ba7e4bd531a6b259de20233"", ""name"": ""王渺""}]"
225,"["" 1. 韦恩：用秘塔生成课程，快速补齐自己在某些信息上的短板""]",针对当前大家比较稀缺的技能进行场景化的思考，比如说对于信息的搜索与使用，我搜到了A信息，那么从该信息能看到哪些信息的关联性呢？我觉得可以用AGENT来探索一下,2025-06-28 09:25:00,"[{""id"": ""ou_688d09b51ad8ffc85d7d266e48c4b522"", ""name"": ""可乐加冰""}]"
226,"["" 2. 幻象AI智能体：用天工来做PPT，搜内容做教程"", "" 5. 一枚扣子：用扣子空间写PPT"", "" 12. 雷君：自研的初中教学题解析工具""]",,2025-06-28 09:27:21,"[{""id"": ""ou_fb8d268879e5f2f4d0e54271751a69db"", ""name"": ""张涵""}]"
227,"["" 3. 许键：用lovart来做出海电商独立站/小程序设计"", "" 5. 一枚扣子：用扣子空间写PPT"", "" 7. DuXiangBin：用自己开发的crevo从用户故事到PRD到代码生成，做大型项目"", "" 8. 元子：用flowith做一个赛博朋克的电子墓碑网站"", "" 6. 安仔：基于提示词模板的画图工具；和AI一起迭代产品"", "" 4. CT：用cursor写PRD"", ""9. 昕（云中歌）：自己开发的AI规划工具""]",,2025-06-28 09:35:35,"[{""id"": ""ou_5f545be7a9dafda254d6ccc1c5fd4895"", ""name"": ""郑若希""}]"
228,"["" 4. CT：用cursor写PRD"", ""9. 昕（云中歌）：自己开发的AI规划工具"", "" 5. 一枚扣子：用扣子空间写PPT""]",,2025-06-28 09:36:49,"[{""id"": ""ou_4d94f1afb7d4746eda103c3924cc89c6"", ""name"": ""祖浩华""}]"
229,"["" 3. 许键：用lovart来做出海电商独立站/小程序设计"", "" 4. CT：用cursor写PRD"", "" 8. 元子：用flowith做一个赛博朋克的电子墓碑网站"", "" 10. Victor：用coze空间做自己的播客站点""]",,2025-06-28 09:37:24,"[{""id"": ""ou_d6a804fd55cb1c8ac0b23754dcc56d8d"", ""name"": ""ll""}]"
230,"["" 4. CT：用cursor写PRD"", ""9. 昕（云中歌）：自己开发的AI规划工具""]",,2025-06-28 09:41:53,"[{""id"": ""ou_8ec599260fde6ea0c27cd20abfcdbc75"", ""name"": ""李相跃""}]"
231,"["" 4. CT：用cursor写PRD""]",能够一句话到网页（能够大众使用）落地,2025-06-28 09:42:04,"[{""id"": ""ou_009c22660900400df7b816afef764b29"", ""name"": ""飞书用户1769RV""}]"
232,"["" 4. CT：用cursor写PRD"", "" 6. 安仔：基于提示词模板的画图工具；和AI一起迭代产品"", "" 7. DuXiangBin：用自己开发的crevo从用户故事到PRD到代码生成，做大型项目""]",紧跟潮流 与时俱进,2025-06-28 09:42:26,"[{""id"": ""ou_33462eef4c3d66c617115c74b6a252c8"", ""name"": ""王平""}]"
233,"["" 11. 林建：自己开发的网络热点新闻总结工具-闻道AI"", "" 12. 雷君：自研的初中教学题解析工具"", "" 3. 许键：用lovart来做出海电商独立站/小程序设计""]",,2025-06-28 09:42:30,"[{""id"": ""ou_94c388ca514d0e6c4526b4027e52c2cb"", ""name"": ""飞书用户1435KV""}]"
234,"["" 11. 林建：自己开发的网络热点新闻总结工具-闻道AI"", ""9. 昕（云中歌）：自己开发的AI规划工具"", "" 8. 元子：用flowith做一个赛博朋克的电子墓碑网站"", "" 5. 一枚扣子：用扣子空间写PPT"", "" 3. 许键：用lovart来做出海电商独立站/小程序设计"", "" 2. 幻象AI智能体：用天工来做PPT，搜内容做教程"", "" 1. 韦恩：用秘塔生成课程，快速补齐自己在某些信息上的短板"", "" 4. CT：用cursor写PRD"", "" 7. DuXiangBin：用自己开发的crevo从用户故事到PRD到代码生成，做大型项目"", "" 6. 安仔：基于提示词模板的画",,2025-06-28 09:44:50,"[{""id"": ""ou_1e05ef62502b598686fd031501b7b47a"", ""name"": ""凌一同学""}]"
235,"["" 3. 许键：用lovart来做出海电商独立站/小程序设计"", "" 4. CT：用cursor写PRD"", "" 7. DuXiangBin：用自己开发的crevo从用户故事到PRD到代码生成，做大型项目"", "" 8. 元子：用flowith做一个赛博朋克的电子墓碑网站""]",开一期工作流搭建的？更容易落地。,2025-06-28 09:45:35,"[{""id"": ""ou_f54e9fdd9a4c65615fa2f53d36db66ee"", ""name"": ""郭运昌""}]"
236,"["" 1. 韦恩：用秘塔生成课程，快速补齐自己在某些信息上的短板"", "" 8. 元子：用flowith做一个赛博朋克的电子墓碑网站"", "" 11. 林建：自己开发的网络热点新闻总结工具-闻道AI""]",,2025-06-28 09:48:00,"[{""id"": ""ou_93f89c8e2bfaa8c6e76e7e0ff49b3b95"", ""name"": ""异格""}]"
237,"["" 4. CT：用cursor写PRD""]",智能体搭建智能体,2025-06-28 09:48:01,"[{""id"": ""ou_d83a150be930126da3a69695871b4b4f"", ""name"": ""詹国勇""}]"
238,"["" 7. DuXiangBin：用自己开发的crevo从用户故事到PRD到代码生成，做大型项目"", "" 3. 许键：用lovart来做出海电商独立站/小程序设计"", "" 2. 幻象AI智能体：用天工来做PPT，搜内容做教程""]",,2025-06-28 09:48:37,"[{""id"": ""ou_5eacceb6df463644862d6bc9bc8b4933"", ""name"": ""王建权""}]"
239,"["" 2. 幻象AI智能体：用天工来做PPT，搜内容做教程"", "" 5. 一枚扣子：用扣子空间写PPT""]",做电商经营数据跟踪与分析,2025-06-28 09:51:07,"[{""id"": ""ou_f903f86a710f198c776f3a22cc7e8d42"", ""name"": ""欧思彤""}]"
240,"["" 8. 元子：用flowith做一个赛博朋克的电子墓碑网站"", "" 1. 韦恩：用秘塔生成课程，快速补齐自己在某些信息上的短板"", "" 11. 林建：自己开发的网络热点新闻总结工具-闻道AI""]",Ai视频,2025-06-28 09:51:25,"[{""id"": ""ou_815584cbe57d18f7c19529fb961ca718"", ""name"": ""老柴""}]"
241,"["" 1. 韦恩：用秘塔生成课程，快速补齐自己在某些信息上的短板"", "" 3. 许键：用lovart来做出海电商独立站/小程序设计"", "" 5. 一枚扣子：用扣子空间写PPT"", "" 6. 安仔：基于提示词模板的画图工具；和AI一起迭代产品"", "" 10. Victor：用coze空间做自己的播客站点""]",现在我就觉得挺牛的哈哈哈,2025-06-28 09:54:10,"[{""id"": ""ou_c1e95aa9e624d6db4d73f868d8da85c2"", ""name"": ""胡可心""}]"
242,"["" 6. 安仔：基于提示词模板的画图工具；和AI一起迭代产品"", "" 10. Victor：用coze空间做自己的播客站点""]",,2025-06-28 09:57:03,"[{""id"": ""ou_3cb52c2f64cc39d80115ad5f32865681"", ""name"": ""李石(石头)""}]"
243,"["" 5. 一枚扣子：用扣子空间写PPT"", "" 2. 幻象AI智能体：用天工来做PPT，搜内容做教程"", "" 11. 林建：自己开发的网络热点新闻总结工具-闻道AI""]",如何用扣子或Dify从0-1开发智能体,2025-06-28 10:07:18,"[{""id"": ""ou_64753f33bf4b5778dfa872cb34584b1b"", ""name"": ""Damon""}]"
244,"["" 8. 元子：用flowith做一个赛博朋克的电子墓碑网站"", "" 3. 许键：用lovart来做出海电商独立站/小程序设计"", "" 10. Victor：用coze空间做自己的播客站点""]",标注工具的免费和收费情况,2025-06-28 10:08:00,"[{""id"": ""ou_51039e99cb5cb647a02e017bbb76cc3f"", ""name"": ""张峰""}]"
245,"["" 3. 许键：用lovart来做出海电商独立站/小程序设计"", "" 12. 雷君：自研的初中教学题解析工具""]",都期待,2025-06-28 10:15:34,"[{""id"": ""ou_6e8afc073538e62d9a76b23601a0bfa8"", ""name"": ""张强""}]"
246,"["" 1. 韦恩：用秘塔生成课程，快速补齐自己在某些信息上的短板"", "" 2. 幻象AI智能体：用天工来做PPT，搜内容做教程"", "" 3. 许键：用lovart来做出海电商独立站/小程序设计"", "" 4. CT：用cursor写PRD"", "" 8. 元子：用flowith做一个赛博朋克的电子墓碑网站"", "" 7. DuXiangBin：用自己开发的crevo从用户故事到PRD到代码生成，做大型项目"", "" 10. Victor：用coze空间做自己的播客站点"", ""9. 昕（云中歌）：自己开发的AI规划工具"", "" 11. 林建：自己开发的网络热点新闻总结工具-闻道AI"", "" 12. 雷君",希望有线下有大家学习完，有实操对比的一些东西,2025-06-28 10:19:37,"[{""id"": ""ou_3064558dbbf36c5cbc7d7b771af73712"", ""name"": ""周天""}]"
247,"["" 11. 林建：自己开发的网络热点新闻总结工具-闻道AI""]",,2025-06-28 10:23:58,"[{""id"": ""ou_c1871b843f3ef8c023f455e4e8f6d29f"", ""name"": ""飞书用户2023AT""}]"
248,"["" 1. 韦恩：用秘塔生成课程，快速补齐自己在某些信息上的短板"", "" 2. 幻象AI智能体：用天工来做PPT，搜内容做教程"", "" 3. 许键：用lovart来做出海电商独立站/小程序设计"", "" 4. CT：用cursor写PRD"", "" 5. 一枚扣子：用扣子空间写PPT"", "" 6. 安仔：基于提示词模板的画图工具；和AI一起迭代产品"", "" 7. DuXiangBin：用自己开发的crevo从用户故事到PRD到代码生成，做大型项目"", "" 8. 元子：用flowith做一个赛博朋克的电子墓碑网站"", ""9. 昕（云中歌）：自己开发的AI规划工具"", "" 10. Victor：用co",,2025-06-28 10:37:25,"[{""id"": ""ou_b5bafa9c574ca36b1c4f07cef596ad54"", ""name"": ""陈建华""}]"
249,"["" 11. 林建：自己开发的网络热点新闻总结工具-闻道AI"", "" 1. 韦恩：用秘塔生成课程，快速补齐自己在某些信息上的短板"", "" 6. 安仔：基于提示词模板的画图工具；和AI一起迭代产品""]",,2025-06-28 10:56:28,"[{""id"": ""ou_798ed9a49d04fee6bcc385a512ae8ce3"", ""name"": ""吕沛宜""}]"
250,"["" 4. CT：用cursor写PRD"", ""9. 昕（云中歌）：自己开发的AI规划工具"", "" 11. 林建：自己开发的网络热点新闻总结工具-闻道AI""]",,2025-06-28 11:26:26,"[{""id"": ""ou_199ab2f4d931a9808e1b3d3340f36409"", ""name"": ""风草""}]"
251,"["" 3. 许键：用lovart来做出海电商独立站/小程序设计"", "" 4. CT：用cursor写PRD"", "" 7. DuXiangBin：用自己开发的crevo从用户故事到PRD到代码生成，做大型项目"", "" 11. 林建：自己开发的网络热点新闻总结工具-闻道AI"", "" 1. 韦恩：用秘塔生成课程，快速补齐自己在某些信息上的短板""]",,2025-06-28 11:49:40,"[{""id"": ""ou_dbe3986b922310ae294c6d7519e57b79"", ""name"": ""高盼盼""}]"
252,"["" 3. 许键：用lovart来做出海电商独立站/小程序设计"", "" 4. CT：用cursor写PRD"", "" 10. Victor：用coze空间做自己的播客站点"", "" 11. 林建：自己开发的网络热点新闻总结工具-闻道AI"", "" 7. DuXiangBin：用自己开发的crevo从用户故事到PRD到代码生成，做大型项目"", "" 6. 安仔：基于提示词模板的画图工具；和AI一起迭代产品"", ""9. 昕（云中歌）：自己开发的AI规划工具"", "" 8. 元子：用flowith做一个赛博朋克的电子墓碑网站""]",马上要考研啦，许愿能够帮我实现一个新闻传播学的考研真题agent，把真题放在知识库里，然后我输入知识点关键词它能输出和这个关键词相关的真题！之前自己尝试过，但效果都不好，输出真题的时候题检索的很少，或是出现幻觉，希望各位老师们能够帮我解决！,2025-06-28 12:12:58,"[{""id"": ""ou_84c423f21df7c7b928c0ea3f4a19d0e6"", ""name"": ""姜扬涛""}]"
253,"["" 11. 林建：自己开发的网络热点新闻总结工具-闻道AI"", "" 5. 一枚扣子：用扣子空间写PPT"", "" 10. Victor：用coze空间做自己的播客站点"", "" 1. 韦恩：用秘塔生成课程，快速补齐自己在某些信息上的短板"", "" 2. 幻象AI智能体：用天工来做PPT，搜内容做教程"", "" 3. 许键：用lovart来做出海电商独立站/小程序设计""]",,2025-06-28 12:15:15,"[{""id"": ""ou_e1b23a940cfb290401d861cb8784c28f"", ""name"": ""cc""}]"
254,"["" 5. 一枚扣子：用扣子空间写PPT"", "" 2. 幻象AI智能体：用天工来做PPT，搜内容做教程"", "" 1. 韦恩：用秘塔生成课程，快速补齐自己在某些信息上的短板"", "" 8. 元子：用flowith做一个赛博朋克的电子墓碑网站"", ""9. 昕（云中歌）：自己开发的AI规划工具"", "" 10. Victor：用coze空间做自己的播客站点"", "" 11. 林建：自己开发的网络热点新闻总结工具-闻道AI"", "" 4. CT：用cursor写PRD"", "" 3. 许键：用lovart来做出海电商独立站/小程序设计""]",,2025-06-28 12:19:13,"[{""id"": ""ou_14a9f51fa38f283358e886c1c7c7b0a9"", ""name"": ""飞书用户3796FG""}]"
255,"["" 3. 许键：用lovart来做出海电商独立站/小程序设计"", "" 4. CT：用cursor写PRD"", "" 6. 安仔：基于提示词模板的画图工具；和AI一起迭代产品""]",,2025-06-28 12:25:43,"[{""id"": ""ou_7ddf3161e3d25ee45054c3aa6dcc6942"", ""name"": ""saber""}]"
256,"["" 3. 许键：用lovart来做出海电商独立站/小程序设计"", "" 4. CT：用cursor写PRD"", "" 7. DuXiangBin：用自己开发的crevo从用户故事到PRD到代码生成，做大型项目""]",,2025-06-28 12:28:57,"[{""id"": ""ou_b62756661a2fefe38fc6f18241278161"", ""name"": ""段利平""}]"
257,"["" 5. 一枚扣子：用扣子空间写PPT"", "" 3. 许键：用lovart来做出海电商独立站/小程序设计"", "" 1. 韦恩：用秘塔生成课程，快速补齐自己在某些信息上的短板"", ""9. 昕（云中歌）：自己开发的AI规划工具"", "" 10. Victor：用coze空间做自己的播客站点"", "" 11. 林建：自己开发的网络热点新闻总结工具-闻道AI""]",一键汇总热点信息，批量生成不同类型的创意视频,2025-06-28 12:32:23,"[{""id"": ""ou_b2bc738ff0f222acc6894d5bfc8e3d26"", ""name"": ""闫德站""}]"
258,"["" 7. DuXiangBin：用自己开发的crevo从用户故事到PRD到代码生成，做大型项目"", "" 3. 许键：用lovart来做出海电商独立站/小程序设计"", "" 2. 幻象AI智能体：用天工来做PPT，搜内容做教程""]",,2025-06-28 12:39:36,"[{""id"": ""ou_22ee0fac95731fcb3e2ac1e493f38b85"", ""name"": ""vekia""}]"
259,"["" 7. DuXiangBin：用自己开发的crevo从用户故事到PRD到代码生成，做大型项目"", "" 8. 元子：用flowith做一个赛博朋克的电子墓碑网站"", "" 12. 雷君：自研的初中教学题解析工具"", "" 3. 许键：用lovart来做出海电商独立站/小程序设计""]",,2025-06-28 12:41:32,"[{""id"": ""ou_317731d6168959d6f84503bdd460aabc"", ""name"": ""vivian""}]"
260,"["" 3. 许键：用lovart来做出海电商独立站/小程序设计"", "" 5. 一枚扣子：用扣子空间写PPT"", "" 10. Victor：用coze空间做自己的播客站点""]",,2025-06-28 12:47:26,"[{""id"": ""ou_34cc2d4c3876eacaa99a5ddb74cb3917"", ""name"": ""飞书用户4352BA""}]"
261,"["" 3. 许键：用lovart来做出海电商独立站/小程序设计"", "" 5. 一枚扣子：用扣子空间写PPT"", ""9. 昕（云中歌）：自己开发的AI规划工具""]",,2025-06-28 12:50:48,"[{""id"": ""ou_7f73908ec836905e83d46487360735ef"", ""name"": ""王东""}]"
262,"["" 1. 韦恩：用秘塔生成课程，快速补齐自己在某些信息上的短板"", "" 3. 许键：用lovart来做出海电商独立站/小程序设计"", "" 6. 安仔：基于提示词模板的画图工具；和AI一起迭代产品""]",UI设计方向,2025-06-28 12:54:40,"[{""id"": ""ou_a7bf36a0a7f8e14b4652b9b773ee80f3"", ""name"": ""柚芝""}]"
263,"[""9. 昕（云中歌）：自己开发的AI规划工具"", "" 6. 安仔：基于提示词模板的画图工具；和AI一起迭代产品"", "" 2. 幻象AI智能体：用天工来做PPT，搜内容做教程"", "" 1. 韦恩：用秘塔生成课程，快速补齐自己在某些信息上的短板"", "" 3. 许键：用lovart来做出海电商独立站/小程序设计"", "" 5. 一枚扣子：用扣子空间写PPT""]",,2025-06-28 13:36:47,"[{""id"": ""ou_5c5646bad2a7c63ff55fa16a91099649"", ""name"": ""庄文嘉""}]"
264,"["" 3. 许键：用lovart来做出海电商独立站/小程序设计"", "" 6. 安仔：基于提示词模板的画图工具；和AI一起迭代产品"", "" 7. DuXiangBin：用自己开发的crevo从用户故事到PRD到代码生成，做大型项目"", "" 11. 林建：自己开发的网络热点新闻总结工具-闻道AI"", "" 12. 雷君：自研的初中教学题解析工具""]",,2025-06-28 14:04:34,"[{""id"": ""ou_0d74be557c3a010466048f1c95bea918"", ""name"": ""黄涛""}]"
265,"["" 3. 许键：用lovart来做出海电商独立站/小程序设计"", "" 4. CT：用cursor写PRD"", "" 7. DuXiangBin：用自己开发的crevo从用户故事到PRD到代码生成，做大型项目"", "" 8. 元子：用flowith做一个赛博朋克的电子墓碑网站"", "" 10. Victor：用coze空间做自己的播客站点"", ""9. 昕（云中歌）：自己开发的AI规划工具"", "" 11. 林建：自己开发的网络热点新闻总结工具-闻道AI""]",,2025-06-28 14:15:59,"[{""id"": ""ou_c0b5a3b1672f879a1ade60d091116ed8"", ""name"": ""韩晗""}]"
266,"["" 7. DuXiangBin：用自己开发的crevo从用户故事到PRD到代码生成，做大型项目"", ""9. 昕（云中歌）：自己开发的AI规划工具"", "" 11. 林建：自己开发的网络热点新闻总结工具-闻道AI""]",,2025-06-28 14:37:05,"[{""id"": ""ou_590d0c1bfc9131b7d5e87dc47d3b6efc"", ""name"": ""刘宏滔""}]"
267,"["" 5. 一枚扣子：用扣子空间写PPT"", "" 3. 许键：用lovart来做出海电商独立站/小程序设计""]",这些内容都很好，不同的城市，参会人员对AI的熟悉程度不一样，是否可以进行分开分享,2025-06-28 14:45:09,"[{""id"": ""ou_7d2661f4c4b28b08ec2f3cbf39890978"", ""name"": ""digichuan""}]"
268,"["" 2. 幻象AI智能体：用天工来做PPT，搜内容做教程"", "" 11. 林建：自己开发的网络热点新闻总结工具-闻道AI"", "" 12. 雷君：自研的初中教学题解析工具""]",,2025-06-28 14:53:29,"[{""id"": ""ou_139ad14b7145166838085fc8b4cbc765"", ""name"": ""汪良明""}]"
269,"["" 4. CT：用cursor写PRD"", "" 8. 元子：用flowith做一个赛博朋克的电子墓碑网站"", ""9. 昕（云中歌）：自己开发的AI规划工具""]",希望借助Agents开启新的旅程[加油],2025-06-28 15:03:40,"[{""id"": ""ou_1c5ae4e27d1074d42d0313cdca788f47"", ""name"": ""JimmyXu""}]"
270,"["" 6. 安仔：基于提示词模板的画图工具；和AI一起迭代产品"", ""9. 昕（云中歌）：自己开发的AI规划工具"", "" 1. 韦恩：用秘塔生成课程，快速补齐自己在某些信息上的短板"", "" 2. 幻象AI智能体：用天工来做PPT，搜内容做教程"", "" 3. 许键：用lovart来做出海电商独立站/小程序设计""]",,2025-06-28 15:17:49,"[{""id"": ""ou_9e664c8276ec5d825d2e3fa5f8e41062"", ""name"": ""用户208126""}]"
271,"["" 1. 韦恩：用秘塔生成课程，快速补齐自己在某些信息上的短板"", "" 3. 许键：用lovart来做出海电商独立站/小程序设计"", "" 6. 安仔：基于提示词模板的画图工具；和AI一起迭代产品"", "" 10. Victor：用coze空间做自己的播客站点"", ""9. 昕（云中歌）：自己开发的AI规划工具""]",建议多一些线下的实操交流,2025-06-28 15:40:05,"[{""id"": ""ou_d8e24cf9e28e73ecf1a92aedff30a7b5"", ""name"": ""阿蔡""}]"
272,"["" 3. 许键：用lovart来做出海电商独立站/小程序设计"", "" 1. 韦恩：用秘塔生成课程，快速补齐自己在某些信息上的短板"", "" 6. 安仔：基于提示词模板的画图工具；和AI一起迭代产品"", "" 7. DuXiangBin：用自己开发的crevo从用户故事到PRD到代码生成，做大型项目"", "" 8. 元子：用flowith做一个赛博朋克的电子墓碑网站"", ""9. 昕（云中歌）：自己开发的AI规划工具"", "" 10. Victor：用coze空间做自己的播客站点""]",希望可以学习到如何打造商用的智能体,2025-06-28 15:52:04,"[{""id"": ""ou_0c587a7e911dc1bf7c1d053beffa3057"", ""name"": ""飞书用户5794ZX""}]"
273,"["" 1. 韦恩：用秘塔生成课程，快速补齐自己在某些信息上的短板"", "" 2. 幻象AI智能体：用天工来做PPT，搜内容做教程"", "" 3. 许键：用lovart来做出海电商独立站/小程序设计"", "" 4. CT：用cursor写PRD"", "" 6. 安仔：基于提示词模板的画图工具；和AI一起迭代产品"", "" 7. DuXiangBin：用自己开发的crevo从用户故事到PRD到代码生成，做大型项目"", "" 8. 元子：用flowith做一个赛博朋克的电子墓碑网站"", ""9. 昕（云中歌）：自己开发的AI规划工具"", "" 10. Victor：用coze空间做自己的播客站点""]",,2025-06-28 15:52:49,"[{""id"": ""ou_ecf036d2019ac40ae1092c2f197723ef"", ""name"": ""马骏""}]"
274,"["" 10. Victor：用coze空间做自己的播客站点""]",科普培训类，让普通大众吃到浪潮福利，如何使用ai创造价值。例如扣子和剪辑工具生成视频,2025-06-28 16:04:58,"[{""id"": ""ou_82460ad100e638b296d116b0efe5a47e"", ""name"": ""啊啊啊""}]"
275,"["" 5. 一枚扣子：用扣子空间写PPT""]",,2025-06-28 16:08:12,"[{""id"": ""ou_806de4d98557d67877db288109115f5b"", ""name"": ""运河""}]"
276,"["" 3. 许键：用lovart来做出海电商独立站/小程序设计"", "" 4. CT：用cursor写PRD"", ""9. 昕（云中歌）：自己开发的AI规划工具""]",,2025-06-28 16:19:08,"[{""id"": ""ou_df89647697df9d4fccbf8cebf3fabc9e"", ""name"": ""莫彩梅""}]"
277,"["" 2. 幻象AI智能体：用天工来做PPT，搜内容做教程""]",多一些实际工作中的操作问题马上可以使用在工厂管理,2025-06-28 17:36:38,"[{""id"": ""ou_ae40c4c62e9002edfad819526f4c4c2f"", ""name"": ""吴雅君""}]"
278,"[""9. 昕（云中歌）：自己开发的AI规划工具""]",,2025-06-28 17:54:53,"[{""id"": ""ou_875cde91f46bc8ccfbb9daf3150a23c8"", ""name"": ""凯文""}]"
279,"["" 6. 安仔：基于提示词模板的画图工具；和AI一起迭代产品"", ""9. 昕（云中歌）：自己开发的AI规划工具"", "" 11. 林建：自己开发的网络热点新闻总结工具-闻道AI"", "" 12. 雷君：自研的初中教学题解析工具""]",,2025-06-28 17:59:38,"[{""id"": ""ou_6d11eea00aa47155fd89b7dda70492a1"", ""name"": ""飞书用户8989EN""}]"
280,"["" 7. DuXiangBin：用自己开发的crevo从用户故事到PRD到代码生成，做大型项目""]",,2025-06-28 19:43:57,"[{""id"": ""ou_abef69d886cb2b26b980e29ab01c1599"", ""name"": ""黄灿""}]"
281,"["" 6. 安仔：基于提示词模板的画图工具；和AI一起迭代产品"", "" 7. DuXiangBin：用自己开发的crevo从用户故事到PRD到代码生成，做大型项目""]",,2025-06-28 22:40:50,"[{""id"": ""ou_252e9a35871b3efbeb9d43173a41aa67"", ""name"": ""唐""}]"
282,"["" 3. 许键：用lovart来做出海电商独立站/小程序设计""]",,2025-06-29 06:40:57,"[{""id"": ""ou_2d096a97395fda94c868dccda0e8cc3a"", ""name"": ""樊星园""}]"
283,"["" 1. 韦恩：用秘塔生成课程，快速补齐自己在某些信息上的短板"", ""9. 昕（云中歌）：自己开发的AI规划工具""]",,2025-06-29 09:06:08,"[{""id"": ""ou_f33891ed304b651c2bd220de8b9bf3a7"", ""name"": ""左龙""}]"
284,"["" 3. 许键：用lovart来做出海电商独立站/小程序设计"", "" 12. 雷君：自研的初中教学题解析工具""]",,2025-06-29 10:58:41,"[{""id"": ""ou_328a8e858876ecc89d5586941c12c0ab"", ""name"": ""云""}]"
285,"["" 11. 林建：自己开发的网络热点新闻总结工具-闻道AI"", "" 1. 韦恩：用秘塔生成课程，快速补齐自己在某些信息上的短板"", "" 5. 一枚扣子：用扣子空间写PPT"", "" 7. DuXiangBin：用自己开发的crevo从用户故事到PRD到代码生成，做大型项目"", "" 8. 元子：用flowith做一个赛博朋克的电子墓碑网站""]",,2025-06-29 11:07:03,"[{""id"": ""ou_9b322db2ae46608fd806473338e9f50d"", ""name"": ""周伟""}]"
286,"["" 1. 韦恩：用秘塔生成课程，快速补齐自己在某些信息上的短板"", "" 3. 许键：用lovart来做出海电商独立站/小程序设计"", "" 2. 幻象AI智能体：用天工来做PPT，搜内容做教程""]",AI+小红书电商 智能体,2025-06-29 11:49:57,"[{""id"": ""ou_5f2687fdba7ca888f72788c8e67429a7"", ""name"": ""婧伊""}]"
